recordid,customer_id,customer_name,email,region,meter_id,housing_type,reading_timestamp,energy_usage_kWh,baseline_kWh,spike_detected,spike_percentage,reason_detected,alert_sent,alert_time,resolved
REC000001,CUST001,Shirley Thomas-Cox,nicholashart@atkinson-parker.com,London,MTR0001,Detached,01/01/2024 00:00:00,0.53,0.64,FALSE,0,,FALSE,,
REC000002,CUST001,Shirley Thomas-Cox,nicholashart@atkinson-parker.com,London,MTR0001,Detached,01/01/2024 00:28:48,0.47,0.44,FALSE,0,,FALSE,,
REC000003,CUST001,Shirley Thomas-Cox,nicholashart@atkinson-parker.com,London,MTR0001,Detached,01/01/2024 00:57:36,0.38,0.35,FALSE,0,,FALSE,,
REC000004,CUST001,Shirley Thomas-Cox,nicholashart@atkinson-parker.com,London,MTR0001,Detached,01/01/2024 01:26:24,1.04,0.94,FALSE,0,,FALSE,,
REC000005,CUST001,Shirley Thomas-Cox,nicholashart@atkinson-parker.com,London,MTR0001,Detached,01/01/2024 01:55:12,0.26,0.32,FALSE,0,,FALSE,,
REC000006,CUST001,Shirley Thomas-Cox,nicholashart@atkinson-parker.com,London,MTR0001,Detached,01/01/2024 02:24:00,0.42,0.47,FALSE,0,,FALSE,,
REC000007,CUST001,Shirley Thomas-Cox,nicholashart@atkinson-parker.com,London,MTR0001,Detached,01/01/2024 03:07:12,0.31,0.57,FALSE,0,,FALSE,,
REC000008,CUST001,Shirley Thomas-Cox,nicholashart@atkinson-parker.com,London,MTR0001,Detached,01/01/2024 03:36:00,0.66,0.56,FALSE,0,,FALSE,,
REC000009,CUST001,Shirley Thomas-Cox,nicholashart@atkinson-parker.com,London,MTR0001,Detached,01/01/2024 04:04:48,0.81,0.85,FALSE,0,,FALSE,,
REC000010,CUST001,Shirley Thomas-Cox,nicholashart@atkinson-parker.com,London,MTR0001,Detached,01/01/2024 04:33:36,0.56,0.63,FALSE,0,,FALSE,,
REC000011,CUST001,Shirley Thomas-Cox,nicholashart@atkinson-parker.com,London,MTR0001,Detached,01/01/2024 05:02:24,0.65,0.71,FALSE,0,,FALSE,,
REC000012,CUST001,Shirley Thomas-Cox,nicholashart@atkinson-parker.com,London,MTR0001,Detached,01/01/2024 05:31:12,0.82,0.76,FALSE,0,,FALSE,,
REC000013,CUST001,Shirley Thomas-Cox,nicholashart@atkinson-parker.com,London,MTR0001,Detached,01/01/2024 06:00:00,0.84,0.83,FALSE,0,,FALSE,,
REC000014,CUST001,Shirley Thomas-Cox,nicholashart@atkinson-parker.com,London,MTR0001,Detached,01/01/2024 06:28:48,0.4,0.45,FALSE,0,,FALSE,,
REC000015,CUST001,Shirley Thomas-Cox,nicholashart@atkinson-parker.com,London,MTR0001,Detached,01/01/2024 06:57:36,0.3,0.36,TRUE,0,,FALSE,,
REC000016,CUST001,Shirley Thomas-Cox,nicholashart@atkinson-parker.com,London,MTR0001,Detached,01/01/2024 07:26:24,0.48,0.39,FALSE,0,,FALSE,,
REC000017,CUST001,Shirley Thomas-Cox,nicholashart@atkinson-parker.com,London,MTR0001,Detached,01/01/2024 07:55:12,0.82,0.92,FALSE,0,,FALSE,,
REC000018,CUST001,Shirley Thomas-Cox,nicholashart@atkinson-parker.com,London,MTR0001,Detached,01/01/2024 08:24:00,0.73,0.75,FALSE,0,,FALSE,,
REC000019,CUST001,Shirley Thomas-Cox,nicholashart@atkinson-parker.com,London,MTR0001,Detached,01/01/2024 09:07:12,0.31,0.33,FALSE,0,,FALSE,,
REC000020,CUST001,Shirley Thomas-Cox,nicholashart@atkinson-parker.com,London,MTR0001,Detached,01/01/2024 09:36:00,0.94,0.9,FALSE,0,,FALSE,,
REC000021,CUST001,Shirley Thomas-Cox,nicholashart@atkinson-parker.com,London,MTR0001,Detached,01/01/2024 10:04:48,0.86,0.58,TRUE,48.28,Schedule change,TRUE,1/1/2024 10:20,TRUE
REC000022,CUST001,Shirley Thomas-Cox,nicholashart@atkinson-parker.com,London,MTR0001,Detached,01/01/2024 10:33:36,0.59,0.47,FALSE,0,,FALSE,,
REC000023,CUST001,Shirley Thomas-Cox,nicholashart@atkinson-parker.com,London,MTR0001,Detached,01/01/2024 11:02:24,1.19,1.17,FALSE,0,,FALSE,,
REC000024,CUST001,Shirley Thomas-Cox,nicholashart@atkinson-parker.com,London,MTR0001,Detached,01/01/2024 11:31:12,1.22,1.13,FALSE,0,,FALSE,,
REC000025,CUST001,Shirley Thomas-Cox,nicholashart@atkinson-parker.com,London,MTR0001,Detached,01/01/2024 12:00:00,0.28,0.38,FALSE,0,,FALSE,,
REC000026,CUST001,Shirley Thomas-Cox,nicholashart@atkinson-parker.com,London,MTR0001,Detached,01/01/2024 12:28:48,0.38,0.54,FALSE,0,,FALSE,,
REC000027,CUST001,Shirley Thomas-Cox,nicholashart@atkinson-parker.com,London,MTR0001,Detached,01/01/2024 12:57:36,0.92,1.05,FALSE,0,,FALSE,,
REC000028,CUST001,Shirley Thomas-Cox,nicholashart@atkinson-parker.com,London,MTR0001,Detached,01/01/2024 13:26:24,0.7,0.79,FALSE,0,,FALSE,,
REC000029,CUST001,Shirley Thomas-Cox,nicholashart@atkinson-parker.com,London,MTR0001,Detached,01/01/2024 13:55:12,0.49,0.43,FALSE,0,,FALSE,,
REC000030,CUST001,Shirley Thomas-Cox,nicholashart@atkinson-parker.com,London,MTR0001,Detached,01/01/2024 14:24:00,1.05,0.96,FALSE,0,,FALSE,,
REC000031,CUST001,Shirley Thomas-Cox,nicholashart@atkinson-parker.com,London,MTR0001,Detached,01/01/2024 15:07:12,0.97,0.99,FALSE,0,,FALSE,,
REC000032,CUST001,Shirley Thomas-Cox,nicholashart@atkinson-parker.com,London,MTR0001,Detached,01/01/2024 15:36:00,0.34,0.4,FALSE,0,,FALSE,,
REC000033,CUST001,Shirley Thomas-Cox,nicholashart@atkinson-parker.com,London,MTR0001,Detached,01/01/2024 16:04:48,0.93,1.08,FALSE,0,,FALSE,,
REC000034,CUST001,Shirley Thomas-Cox,nicholashart@atkinson-parker.com,London,MTR0001,Detached,01/01/2024 16:33:36,0.47,0.36,FALSE,0,,FALSE,,
REC000035,CUST001,Shirley Thomas-Cox,nicholashart@atkinson-parker.com,London,MTR0001,Detached,01/01/2024 17:02:24,0.7,0.58,FALSE,0,,FALSE,,
REC000036,CUST001,Shirley Thomas-Cox,nicholashart@atkinson-parker.com,London,MTR0001,Detached,01/01/2024 17:31:12,0.78,0.87,FALSE,0,,FALSE,,
REC000037,CUST001,Shirley Thomas-Cox,nicholashart@atkinson-parker.com,London,MTR0001,Detached,01/01/2024 18:00:00,1,1.1,FALSE,0,,FALSE,,
REC000038,CUST001,Shirley Thomas-Cox,nicholashart@atkinson-parker.com,London,MTR0001,Detached,01/01/2024 18:28:48,0.93,0.94,FALSE,0,,FALSE,,
REC000039,CUST001,Shirley Thomas-Cox,nicholashart@atkinson-parker.com,London,MTR0001,Detached,01/01/2024 18:57:36,1.13,0.98,FALSE,0,,FALSE,,
REC000040,CUST001,Shirley Thomas-Cox,nicholashart@atkinson-parker.com,London,MTR0001,Detached,01/01/2024 19:26:24,0.77,0.74,FALSE,0,,FALSE,,
REC000041,CUST001,Shirley Thomas-Cox,nicholashart@atkinson-parker.com,London,MTR0001,Detached,01/01/2024 19:55:12,0.73,0.77,FALSE,0,,FALSE,,
REC000042,CUST001,Shirley Thomas-Cox,nicholashart@atkinson-parker.com,London,MTR0001,Detached,01/01/2024 20:24:00,0.39,0.4,FALSE,0,,FALSE,,
REC000043,CUST001,Shirley Thomas-Cox,nicholashart@atkinson-parker.com,London,MTR0001,Detached,01/01/2024 21:07:12,0.19,0.33,FALSE,0,,FALSE,,
REC000044,CUST001,Shirley Thomas-Cox,nicholashart@atkinson-parker.com,London,MTR0001,Detached,01/01/2024 21:36:00,0.86,0.76,FALSE,0,,FALSE,,
REC000045,CUST001,Shirley Thomas-Cox,nicholashart@atkinson-parker.com,London,MTR0001,Detached,01/01/2024 22:04:48,1.07,1.12,FALSE,0,,FALSE,,
REC000046,CUST001,Shirley Thomas-Cox,nicholashart@atkinson-parker.com,London,MTR0001,Detached,01/01/2024 22:33:36,0.83,0.98,FALSE,0,,FALSE,,
REC000047,CUST001,Shirley Thomas-Cox,nicholashart@atkinson-parker.com,London,MTR0001,Detached,01/01/2024 23:02:24,0.49,0.51,FALSE,0,,FALSE,,
REC000048,CUST001,Shirley Thomas-Cox,nicholashart@atkinson-parker.com,London,MTR0001,Detached,01/01/2024 23:31:12,0.41,0.45,FALSE,0,,FALSE,,
REC000049,CUST001,Shirley Thomas-Cox,nicholashart@atkinson-parker.com,London,MTR0001,Detached,02/01/2024 00:00:00,1.19,1.14,FALSE,0,,FALSE,,
REC000050,CUST001,Shirley Thomas-Cox,nicholashart@atkinson-parker.com,London,MTR0001,Detached,02/01/2024 00:28:48,1.2,1.08,FALSE,0,,FALSE,,
REC000051,CUST001,Shirley Thomas-Cox,nicholashart@atkinson-parker.com,London,MTR0001,Detached,02/01/2024 00:57:36,1.16,1.02,FALSE,0,,FALSE,,
REC000052,CUST001,Shirley Thomas-Cox,nicholashart@atkinson-parker.com,London,MTR0001,Detached,02/01/2024 01:26:24,1.13,1.11,FALSE,0,,FALSE,,
REC000053,CUST001,Shirley Thomas-Cox,nicholashart@atkinson-parker.com,London,MTR0001,Detached,02/01/2024 01:55:12,0.56,0.59,FALSE,0,,FALSE,,
REC000054,CUST001,Shirley Thomas-Cox,nicholashart@atkinson-parker.com,London,MTR0001,Detached,02/01/2024 02:24:00,0.64,0.68,FALSE,0,,FALSE,,
REC000055,CUST001,Shirley Thomas-Cox,nicholashart@atkinson-parker.com,London,MTR0001,Detached,02/01/2024 03:07:12,0.77,1.04,FALSE,0,,FALSE,,
REC000056,CUST001,Shirley Thomas-Cox,nicholashart@atkinson-parker.com,London,MTR0001,Detached,02/01/2024 03:36:00,0.53,0.5,FALSE,0,,FALSE,,
REC000057,CUST001,Shirley Thomas-Cox,nicholashart@atkinson-parker.com,London,MTR0001,Detached,02/01/2024 04:04:48,0.46,0.41,FALSE,0,,FALSE,,
REC000058,CUST001,Shirley Thomas-Cox,nicholashart@atkinson-parker.com,London,MTR0001,Detached,02/01/2024 04:33:36,0.57,0.59,FALSE,0,,FALSE,,
REC000059,CUST001,Shirley Thomas-Cox,nicholashart@atkinson-parker.com,London,MTR0001,Detached,02/01/2024 05:02:24,0.68,0.77,FALSE,0,,FALSE,,
REC000060,CUST001,Shirley Thomas-Cox,nicholashart@atkinson-parker.com,London,MTR0001,Detached,02/01/2024 05:31:12,1.31,1.17,FALSE,0,,FALSE,,
REC000061,CUST001,Shirley Thomas-Cox,nicholashart@atkinson-parker.com,London,MTR0001,Detached,02/01/2024 06:00:00,1.17,1.17,FALSE,0,,FALSE,,
REC000062,CUST001,Shirley Thomas-Cox,nicholashart@atkinson-parker.com,London,MTR0001,Detached,02/01/2024 06:28:48,0.4,0.57,FALSE,0,,FALSE,,
REC000063,CUST001,Shirley Thomas-Cox,nicholashart@atkinson-parker.com,London,MTR0001,Detached,02/01/2024 06:57:36,0.57,0.56,FALSE,0,,FALSE,,
REC000064,CUST001,Shirley Thomas-Cox,nicholashart@atkinson-parker.com,London,MTR0001,Detached,02/01/2024 07:26:24,0.71,0.75,FALSE,0,,FALSE,,
REC000065,CUST001,Shirley Thomas-Cox,nicholashart@atkinson-parker.com,London,MTR0001,Detached,02/01/2024 07:55:12,0.4,0.35,FALSE,0,,FALSE,,
REC000066,CUST001,Shirley Thomas-Cox,nicholashart@atkinson-parker.com,London,MTR0001,Detached,02/01/2024 08:24:00,0.49,0.52,FALSE,0,,FALSE,,
REC000067,CUST001,Shirley Thomas-Cox,nicholashart@atkinson-parker.com,London,MTR0001,Detached,02/01/2024 09:07:12,0.46,0.43,FALSE,0,,FALSE,,
REC000068,CUST001,Shirley Thomas-Cox,nicholashart@atkinson-parker.com,London,MTR0001,Detached,02/01/2024 09:36:00,0.52,0.52,FALSE,0,,FALSE,,
REC000069,CUST001,Shirley Thomas-Cox,nicholashart@atkinson-parker.com,London,MTR0001,Detached,02/01/2024 10:04:48,0.82,0.9,FALSE,0,,FALSE,,
REC000070,CUST001,Shirley Thomas-Cox,nicholashart@atkinson-parker.com,London,MTR0001,Detached,02/01/2024 10:33:36,1.04,0.96,FALSE,0,,FALSE,,
REC000071,CUST001,Shirley Thomas-Cox,nicholashart@atkinson-parker.com,London,MTR0001,Detached,02/01/2024 11:02:24,0.77,0.63,FALSE,0,,FALSE,,
REC000072,CUST001,Shirley Thomas-Cox,nicholashart@atkinson-parker.com,London,MTR0001,Detached,02/01/2024 11:31:12,0.92,0.78,FALSE,0,,FALSE,,
REC000073,CUST001,Shirley Thomas-Cox,nicholashart@atkinson-parker.com,London,MTR0001,Detached,02/01/2024 12:00:00,0.33,0.38,FALSE,0,,FALSE,,
REC000074,CUST001,Shirley Thomas-Cox,nicholashart@atkinson-parker.com,London,MTR0001,Detached,02/01/2024 12:28:48,0.56,0.47,FALSE,0,,FALSE,,
REC000075,CUST001,Shirley Thomas-Cox,nicholashart@atkinson-parker.com,London,MTR0001,Detached,02/01/2024 12:57:36,0.51,0.34,TRUE,50,Heater malfunction,TRUE,1/2/2024 13:18,TRUE
REC000076,CUST001,Shirley Thomas-Cox,nicholashart@atkinson-parker.com,London,MTR0001,Detached,02/01/2024 13:26:24,0.4,0.31,FALSE,0,,FALSE,,
REC000077,CUST001,Shirley Thomas-Cox,nicholashart@atkinson-parker.com,London,MTR0001,Detached,02/01/2024 13:55:12,0.82,0.76,FALSE,0,,FALSE,,
REC000078,CUST001,Shirley Thomas-Cox,nicholashart@atkinson-parker.com,London,MTR0001,Detached,02/01/2024 14:24:00,0.34,0.46,FALSE,0,,FALSE,,
REC000079,CUST001,Shirley Thomas-Cox,nicholashart@atkinson-parker.com,London,MTR0001,Detached,02/01/2024 15:07:12,0.98,0.92,FALSE,0,,FALSE,,
REC000080,CUST001,Shirley Thomas-Cox,nicholashart@atkinson-parker.com,London,MTR0001,Detached,02/01/2024 15:36:00,0.4,0.42,FALSE,0,,FALSE,,
REC000081,CUST001,Shirley Thomas-Cox,nicholashart@atkinson-parker.com,London,MTR0001,Detached,02/01/2024 16:04:48,0.57,0.61,FALSE,0,,FALSE,,
REC000082,CUST001,Shirley Thomas-Cox,nicholashart@atkinson-parker.com,London,MTR0001,Detached,02/01/2024 16:33:36,0.95,0.89,FALSE,0,,FALSE,,
REC000083,CUST001,Shirley Thomas-Cox,nicholashart@atkinson-parker.com,London,MTR0001,Detached,02/01/2024 17:02:24,1.18,1.04,FALSE,0,,FALSE,,
REC000084,CUST001,Shirley Thomas-Cox,nicholashart@atkinson-parker.com,London,MTR0001,Detached,02/01/2024 17:31:12,0.77,0.52,TRUE,48.08,Guest visit,TRUE,1/2/2024 17:40,FALSE
REC000085,CUST001,Shirley Thomas-Cox,nicholashart@atkinson-parker.com,London,MTR0001,Detached,02/01/2024 18:00:00,0.24,0.38,FALSE,0,,FALSE,,
REC000086,CUST001,Shirley Thomas-Cox,nicholashart@atkinson-parker.com,London,MTR0001,Detached,02/01/2024 18:28:48,0.73,0.61,FALSE,0,,FALSE,,
REC000087,CUST001,Shirley Thomas-Cox,nicholashart@atkinson-parker.com,London,MTR0001,Detached,02/01/2024 18:57:36,1.01,0.95,FALSE,0,,FALSE,,
REC000088,CUST001,Shirley Thomas-Cox,nicholashart@atkinson-parker.com,London,MTR0001,Detached,02/01/2024 19:26:24,0.5,0.38,FALSE,0,,FALSE,,
REC000089,CUST001,Shirley Thomas-Cox,nicholashart@atkinson-parker.com,London,MTR0001,Detached,02/01/2024 19:55:12,0.47,0.45,FALSE,0,,FALSE,,
REC000090,CUST001,Shirley Thomas-Cox,nicholashart@atkinson-parker.com,London,MTR0001,Detached,02/01/2024 20:24:00,0.39,0.31,FALSE,0,,FALSE,,
REC000091,CUST001,Shirley Thomas-Cox,nicholashart@atkinson-parker.com,London,MTR0001,Detached,02/01/2024 21:07:12,0.41,0.39,FALSE,0,,FALSE,,
REC000092,CUST001,Shirley Thomas-Cox,nicholashart@atkinson-parker.com,London,MTR0001,Detached,02/01/2024 21:36:00,0.8,0.92,FALSE,0,,FALSE,,
REC000093,CUST001,Shirley Thomas-Cox,nicholashart@atkinson-parker.com,London,MTR0001,Detached,02/01/2024 22:04:48,0.96,0.89,FALSE,0,,FALSE,,
REC000094,CUST001,Shirley Thomas-Cox,nicholashart@atkinson-parker.com,London,MTR0001,Detached,02/01/2024 22:33:36,0.41,0.51,FALSE,0,,FALSE,,
REC000095,CUST001,Shirley Thomas-Cox,nicholashart@atkinson-parker.com,London,MTR0001,Detached,02/01/2024 23:02:24,0.67,0.59,FALSE,0,,FALSE,,
REC000096,CUST001,Shirley Thomas-Cox,nicholashart@atkinson-parker.com,London,MTR0001,Detached,02/01/2024 23:31:12,1.19,1.06,FALSE,0,,FALSE,,
REC000097,CUST001,Shirley Thomas-Cox,nicholashart@atkinson-parker.com,London,MTR0001,Detached,03/01/2024 00:00:00,0.8,0.89,FALSE,0,,FALSE,,
REC000098,CUST001,Shirley Thomas-Cox,nicholashart@atkinson-parker.com,London,MTR0001,Detached,03/01/2024 00:28:48,0.64,0.63,FALSE,0,,FALSE,,
REC000099,CUST001,Shirley Thomas-Cox,nicholashart@atkinson-parker.com,London,MTR0001,Detached,03/01/2024 00:57:36,0.63,0.54,FALSE,0,,FALSE,,
REC000100,CUST001,Shirley Thomas-Cox,nicholashart@atkinson-parker.com,London,MTR0001,Detached,03/01/2024 01:26:24,0.85,0.87,FALSE,0,,FALSE,,
REC000101,CUST001,Shirley Thomas-Cox,nicholashart@atkinson-parker.com,London,MTR0001,Detached,03/01/2024 01:55:12,1.29,1.02,FALSE,0,,FALSE,,
REC000102,CUST001,Shirley Thomas-Cox,nicholashart@atkinson-parker.com,London,MTR0001,Detached,03/01/2024 02:24:00,0.75,0.74,FALSE,0,,FALSE,,
REC000103,CUST001,Shirley Thomas-Cox,nicholashart@atkinson-parker.com,London,MTR0001,Detached,03/01/2024 03:07:12,0.38,0.48,FALSE,0,,FALSE,,
REC000104,CUST001,Shirley Thomas-Cox,nicholashart@atkinson-parker.com,London,MTR0001,Detached,03/01/2024 03:36:00,0.42,0.32,FALSE,0,,FALSE,,
REC000105,CUST001,Shirley Thomas-Cox,nicholashart@atkinson-parker.com,London,MTR0001,Detached,03/01/2024 04:04:48,0.87,0.88,FALSE,0,,FALSE,,
REC000106,CUST001,Shirley Thomas-Cox,nicholashart@atkinson-parker.com,London,MTR0001,Detached,03/01/2024 04:33:36,1.24,1.17,FALSE,0,,FALSE,,
REC000107,CUST001,Shirley Thomas-Cox,nicholashart@atkinson-parker.com,London,MTR0001,Detached,03/01/2024 05:02:24,1.12,1.17,FALSE,0,,FALSE,,
REC000108,CUST001,Shirley Thomas-Cox,nicholashart@atkinson-parker.com,London,MTR0001,Detached,03/01/2024 05:31:12,0.73,0.65,FALSE,0,,FALSE,,
REC000109,CUST001,Shirley Thomas-Cox,nicholashart@atkinson-parker.com,London,MTR0001,Detached,03/01/2024 06:00:00,0.98,1.07,FALSE,0,,FALSE,,
REC000110,CUST001,Shirley Thomas-Cox,nicholashart@atkinson-parker.com,London,MTR0001,Detached,03/01/2024 06:28:48,0.75,0.8,FALSE,0,,FALSE,,
REC000111,CUST001,Shirley Thomas-Cox,nicholashart@atkinson-parker.com,London,MTR0001,Detached,03/01/2024 06:57:36,1.2,1.14,FALSE,0,,FALSE,,
REC000112,CUST001,Shirley Thomas-Cox,nicholashart@atkinson-parker.com,London,MTR0001,Detached,03/01/2024 07:26:24,0.57,0.39,TRUE,46.15,Schedule change,TRUE,1/3/2024 07:53,TRUE
REC000113,CUST001,Shirley Thomas-Cox,nicholashart@atkinson-parker.com,London,MTR0001,Detached,03/01/2024 07:55:12,0.96,0.85,FALSE,0,,FALSE,,
REC000114,CUST001,Shirley Thomas-Cox,nicholashart@atkinson-parker.com,London,MTR0001,Detached,03/01/2024 08:24:00,0.98,0.97,FALSE,0,,FALSE,,
REC000115,CUST001,Shirley Thomas-Cox,nicholashart@atkinson-parker.com,London,MTR0001,Detached,03/01/2024 09:07:12,0.83,0.93,FALSE,0,,FALSE,,
REC000116,CUST001,Shirley Thomas-Cox,nicholashart@atkinson-parker.com,London,MTR0001,Detached,03/01/2024 09:36:00,0.7,0.56,FALSE,0,,FALSE,,
REC000117,CUST001,Shirley Thomas-Cox,nicholashart@atkinson-parker.com,London,MTR0001,Detached,03/01/2024 10:04:48,1.06,1.03,FALSE,0,,FALSE,,
REC000118,CUST001,Shirley Thomas-Cox,nicholashart@atkinson-parker.com,London,MTR0001,Detached,03/01/2024 10:33:36,1.15,1.12,FALSE,0,,FALSE,,
REC000119,CUST001,Shirley Thomas-Cox,nicholashart@atkinson-parker.com,London,MTR0001,Detached,03/01/2024 11:02:24,0.9,0.76,FALSE,0,,FALSE,,
REC000120,CUST001,Shirley Thomas-Cox,nicholashart@atkinson-parker.com,London,MTR0001,Detached,03/01/2024 11:31:12,0.88,0.88,FALSE,0,,FALSE,,
REC000121,CUST001,Shirley Thomas-Cox,nicholashart@atkinson-parker.com,London,MTR0001,Detached,03/01/2024 12:00:00,0.95,0.93,FALSE,0,,FALSE,,
REC000122,CUST001,Shirley Thomas-Cox,nicholashart@atkinson-parker.com,London,MTR0001,Detached,03/01/2024 12:28:48,0.62,0.6,FALSE,0,,FALSE,,
REC000123,CUST001,Shirley Thomas-Cox,nicholashart@atkinson-parker.com,London,MTR0001,Detached,03/01/2024 12:57:36,0.66,0.64,FALSE,0,,FALSE,,
REC000124,CUST001,Shirley Thomas-Cox,nicholashart@atkinson-parker.com,London,MTR0001,Detached,03/01/2024 13:26:24,0.24,0.33,FALSE,0,,FALSE,,
REC000125,CUST001,Shirley Thomas-Cox,nicholashart@atkinson-parker.com,London,MTR0001,Detached,03/01/2024 13:55:12,0.54,0.72,FALSE,0,,FALSE,,
REC000126,CUST001,Shirley Thomas-Cox,nicholashart@atkinson-parker.com,London,MTR0001,Detached,03/01/2024 14:24:00,0.87,0.83,FALSE,0,,FALSE,,
REC000127,CUST001,Shirley Thomas-Cox,nicholashart@atkinson-parker.com,London,MTR0001,Detached,03/01/2024 15:07:12,0.24,0.33,FALSE,0,,FALSE,,
REC000128,CUST001,Shirley Thomas-Cox,nicholashart@atkinson-parker.com,London,MTR0001,Detached,03/01/2024 15:36:00,0.74,0.77,FALSE,0,,FALSE,,
REC000129,CUST001,Shirley Thomas-Cox,nicholashart@atkinson-parker.com,London,MTR0001,Detached,03/01/2024 16:04:48,1.04,0.99,FALSE,0,,FALSE,,
REC000130,CUST001,Shirley Thomas-Cox,nicholashart@atkinson-parker.com,London,MTR0001,Detached,03/01/2024 16:33:36,0.25,0.38,FALSE,0,,FALSE,,
REC000131,CUST001,Shirley Thomas-Cox,nicholashart@atkinson-parker.com,London,MTR0001,Detached,03/01/2024 17:02:24,0.59,0.35,TRUE,68.57,Overnight appliance,TRUE,1/3/2024 17:03,FALSE
REC000132,CUST001,Shirley Thomas-Cox,nicholashart@atkinson-parker.com,London,MTR0001,Detached,03/01/2024 17:31:12,1.05,0.87,FALSE,0,,FALSE,,
REC000133,CUST001,Shirley Thomas-Cox,nicholashart@atkinson-parker.com,London,MTR0001,Detached,03/01/2024 18:00:00,0.95,0.95,FALSE,0,,FALSE,,
REC000134,CUST001,Shirley Thomas-Cox,nicholashart@atkinson-parker.com,London,MTR0001,Detached,03/01/2024 18:28:48,0.63,0.59,FALSE,0,,FALSE,,
REC000135,CUST001,Shirley Thomas-Cox,nicholashart@atkinson-parker.com,London,MTR0001,Detached,03/01/2024 18:57:36,0.98,1.02,FALSE,0,,FALSE,,
REC000136,CUST001,Shirley Thomas-Cox,nicholashart@atkinson-parker.com,London,MTR0001,Detached,03/01/2024 19:26:24,0.2,0.37,FALSE,0,,FALSE,,
REC000137,CUST001,Shirley Thomas-Cox,nicholashart@atkinson-parker.com,London,MTR0001,Detached,03/01/2024 19:55:12,0.24,0.32,FALSE,0,,FALSE,,
REC000138,CUST001,Shirley Thomas-Cox,nicholashart@atkinson-parker.com,London,MTR0001,Detached,03/01/2024 20:24:00,0.63,0.46,FALSE,0,,FALSE,,
REC000139,CUST001,Shirley Thomas-Cox,nicholashart@atkinson-parker.com,London,MTR0001,Detached,03/01/2024 21:07:12,0.47,0.44,FALSE,0,,FALSE,,
REC000140,CUST001,Shirley Thomas-Cox,nicholashart@atkinson-parker.com,London,MTR0001,Detached,03/01/2024 21:36:00,0.78,0.94,FALSE,0,,FALSE,,
REC000141,CUST001,Shirley Thomas-Cox,nicholashart@atkinson-parker.com,London,MTR0001,Detached,03/01/2024 22:04:48,0.93,0.89,FALSE,0,,FALSE,,
REC000142,CUST001,Shirley Thomas-Cox,nicholashart@atkinson-parker.com,London,MTR0001,Detached,03/01/2024 22:33:36,1.02,0.85,FALSE,0,,FALSE,,
REC000143,CUST001,Shirley Thomas-Cox,nicholashart@atkinson-parker.com,London,MTR0001,Detached,03/01/2024 23:02:24,0.61,0.68,FALSE,0,,FALSE,,
REC000144,CUST001,Shirley Thomas-Cox,nicholashart@atkinson-parker.com,London,MTR0001,Detached,03/01/2024 23:31:12,0.85,0.98,FALSE,0,,FALSE,,
REC000145,CUST001,Shirley Thomas-Cox,nicholashart@atkinson-parker.com,London,MTR0001,Detached,04/01/2024 00:00:00,0.29,0.31,FALSE,0,,FALSE,,
REC000146,CUST001,Shirley Thomas-Cox,nicholashart@atkinson-parker.com,London,MTR0001,Detached,04/01/2024 00:28:48,0.58,0.39,TRUE,48.72,Heater malfunction,TRUE,1/4/2024 00:45,TRUE
REC000147,CUST001,Shirley Thomas-Cox,nicholashart@atkinson-parker.com,London,MTR0001,Detached,04/01/2024 00:57:36,0.61,0.74,FALSE,0,,FALSE,,
REC000148,CUST001,Shirley Thomas-Cox,nicholashart@atkinson-parker.com,London,MTR0001,Detached,04/01/2024 01:26:24,0.68,0.69,FALSE,0,,FALSE,,
REC000149,CUST001,Shirley Thomas-Cox,nicholashart@atkinson-parker.com,London,MTR0001,Detached,04/01/2024 01:55:12,0.81,0.66,FALSE,0,,FALSE,,
REC000150,CUST001,Shirley Thomas-Cox,nicholashart@atkinson-parker.com,London,MTR0001,Detached,04/01/2024 02:24:00,0.47,0.34,FALSE,0,,FALSE,,
REC000151,CUST001,Shirley Thomas-Cox,nicholashart@atkinson-parker.com,London,MTR0001,Detached,04/01/2024 03:07:12,0.65,0.64,FALSE,0,,FALSE,,
REC000152,CUST001,Shirley Thomas-Cox,nicholashart@atkinson-parker.com,London,MTR0001,Detached,04/01/2024 03:36:00,1.3,1.07,FALSE,0,,FALSE,,
REC000153,CUST001,Shirley Thomas-Cox,nicholashart@atkinson-parker.com,London,MTR0001,Detached,04/01/2024 04:04:48,0.87,0.89,FALSE,0,,FALSE,,
REC000154,CUST001,Shirley Thomas-Cox,nicholashart@atkinson-parker.com,London,MTR0001,Detached,04/01/2024 04:33:36,0.84,0.83,FALSE,0,,FALSE,,
REC000155,CUST001,Shirley Thomas-Cox,nicholashart@atkinson-parker.com,London,MTR0001,Detached,04/01/2024 05:02:24,0.96,1.15,FALSE,0,,FALSE,,
REC000156,CUST001,Shirley Thomas-Cox,nicholashart@atkinson-parker.com,London,MTR0001,Detached,04/01/2024 05:31:12,1.01,0.88,FALSE,0,,FALSE,,
REC000157,CUST001,Shirley Thomas-Cox,nicholashart@atkinson-parker.com,London,MTR0001,Detached,04/01/2024 06:00:00,0.78,0.71,FALSE,0,,FALSE,,
REC000158,CUST001,Shirley Thomas-Cox,nicholashart@atkinson-parker.com,London,MTR0001,Detached,04/01/2024 06:28:48,0.66,0.65,FALSE,0,,FALSE,,
REC000159,CUST001,Shirley Thomas-Cox,nicholashart@atkinson-parker.com,London,MTR0001,Detached,04/01/2024 06:57:36,1.12,1.17,FALSE,0,,FALSE,,
REC000160,CUST001,Shirley Thomas-Cox,nicholashart@atkinson-parker.com,London,MTR0001,Detached,04/01/2024 07:26:24,0.61,0.59,FALSE,0,,FALSE,,
REC000161,CUST001,Shirley Thomas-Cox,nicholashart@atkinson-parker.com,London,MTR0001,Detached,04/01/2024 07:55:12,1,1.06,FALSE,0,,FALSE,,
REC000162,CUST001,Shirley Thomas-Cox,nicholashart@atkinson-parker.com,London,MTR0001,Detached,04/01/2024 08:24:00,0.89,0.93,FALSE,0,,FALSE,,
REC000163,CUST001,Shirley Thomas-Cox,nicholashart@atkinson-parker.com,London,MTR0001,Detached,04/01/2024 09:07:12,0.91,0.87,FALSE,0,,FALSE,,
REC000164,CUST001,Shirley Thomas-Cox,nicholashart@atkinson-parker.com,London,MTR0001,Detached,04/01/2024 09:36:00,1.08,1.02,FALSE,0,,FALSE,,
REC000165,CUST001,Shirley Thomas-Cox,nicholashart@atkinson-parker.com,London,MTR0001,Detached,04/01/2024 10:04:48,0.61,0.55,FALSE,0,,FALSE,,
REC000166,CUST001,Shirley Thomas-Cox,nicholashart@atkinson-parker.com,London,MTR0001,Detached,04/01/2024 10:33:36,0.96,1.03,FALSE,0,,FALSE,,
REC000167,CUST001,Shirley Thomas-Cox,nicholashart@atkinson-parker.com,London,MTR0001,Detached,04/01/2024 11:02:24,1.01,1.19,FALSE,0,,FALSE,,
REC000168,CUST001,Shirley Thomas-Cox,nicholashart@atkinson-parker.com,London,MTR0001,Detached,04/01/2024 11:31:12,0.88,1,FALSE,0,,FALSE,,
REC000169,CUST001,Shirley Thomas-Cox,nicholashart@atkinson-parker.com,London,MTR0001,Detached,04/01/2024 12:00:00,0.77,0.61,FALSE,0,,FALSE,,
REC000170,CUST001,Shirley Thomas-Cox,nicholashart@atkinson-parker.com,London,MTR0001,Detached,04/01/2024 12:28:48,0.94,0.98,FALSE,0,,FALSE,,
REC000171,CUST001,Shirley Thomas-Cox,nicholashart@atkinson-parker.com,London,MTR0001,Detached,04/01/2024 12:57:36,0.39,0.39,FALSE,0,,FALSE,,
REC000172,CUST001,Shirley Thomas-Cox,nicholashart@atkinson-parker.com,London,MTR0001,Detached,04/01/2024 13:26:24,1.13,1.04,FALSE,0,,FALSE,,
REC000173,CUST001,Shirley Thomas-Cox,nicholashart@atkinson-parker.com,London,MTR0001,Detached,04/01/2024 13:55:12,0.57,0.59,FALSE,0,,FALSE,,
REC000174,CUST001,Shirley Thomas-Cox,nicholashart@atkinson-parker.com,London,MTR0001,Detached,04/01/2024 14:24:00,0.4,0.31,FALSE,0,,FALSE,,
REC000175,CUST001,Shirley Thomas-Cox,nicholashart@atkinson-parker.com,London,MTR0001,Detached,04/01/2024 15:07:12,1.08,1.11,FALSE,0,,FALSE,,
REC000176,CUST001,Shirley Thomas-Cox,nicholashart@atkinson-parker.com,London,MTR0001,Detached,04/01/2024 15:36:00,1.1,1.16,FALSE,0,,FALSE,,
REC000177,CUST001,Shirley Thomas-Cox,nicholashart@atkinson-parker.com,London,MTR0001,Detached,04/01/2024 16:04:48,1.35,1.16,FALSE,0,,FALSE,,
REC000178,CUST001,Shirley Thomas-Cox,nicholashart@atkinson-parker.com,London,MTR0001,Detached,04/01/2024 16:33:36,0.81,0.7,FALSE,0,,FALSE,,
REC000179,CUST001,Shirley Thomas-Cox,nicholashart@atkinson-parker.com,London,MTR0001,Detached,04/01/2024 17:02:24,0.68,0.56,FALSE,0,,FALSE,,
REC000180,CUST001,Shirley Thomas-Cox,nicholashart@atkinson-parker.com,London,MTR0001,Detached,04/01/2024 17:31:12,0.86,0.98,FALSE,0,,FALSE,,
REC000181,CUST001,Shirley Thomas-Cox,nicholashart@atkinson-parker.com,London,MTR0001,Detached,04/01/2024 18:00:00,0.94,1.01,FALSE,0,,FALSE,,
REC000182,CUST001,Shirley Thomas-Cox,nicholashart@atkinson-parker.com,London,MTR0001,Detached,04/01/2024 18:28:48,0.79,0.79,FALSE,0,,FALSE,,
REC000183,CUST001,Shirley Thomas-Cox,nicholashart@atkinson-parker.com,London,MTR0001,Detached,04/01/2024 18:57:36,0.67,0.7,FALSE,0,,FALSE,,
REC000184,CUST001,Shirley Thomas-Cox,nicholashart@atkinson-parker.com,London,MTR0001,Detached,04/01/2024 19:26:24,0.49,0.41,FALSE,0,,FALSE,,
REC000185,CUST001,Shirley Thomas-Cox,nicholashart@atkinson-parker.com,London,MTR0001,Detached,04/01/2024 19:55:12,0.49,0.43,FALSE,0,,FALSE,,
REC000186,CUST001,Shirley Thomas-Cox,nicholashart@atkinson-parker.com,London,MTR0001,Detached,04/01/2024 20:24:00,0.53,0.39,FALSE,0,,FALSE,,
REC000187,CUST001,Shirley Thomas-Cox,nicholashart@atkinson-parker.com,London,MTR0001,Detached,04/01/2024 21:07:12,0.34,0.38,FALSE,0,,FALSE,,
REC000188,CUST001,Shirley Thomas-Cox,nicholashart@atkinson-parker.com,London,MTR0001,Detached,04/01/2024 21:36:00,1.06,1.04,FALSE,0,,FALSE,,
REC000189,CUST001,Shirley Thomas-Cox,nicholashart@atkinson-parker.com,London,MTR0001,Detached,04/01/2024 22:04:48,1.06,0.94,FALSE,0,,FALSE,,
REC000190,CUST001,Shirley Thomas-Cox,nicholashart@atkinson-parker.com,London,MTR0001,Detached,04/01/2024 22:33:36,1.1,1.15,FALSE,0,,FALSE,,
REC000191,CUST001,Shirley Thomas-Cox,nicholashart@atkinson-parker.com,London,MTR0001,Detached,04/01/2024 23:02:24,1.12,1.19,FALSE,0,,FALSE,,
REC000192,CUST001,Shirley Thomas-Cox,nicholashart@atkinson-parker.com,London,MTR0001,Detached,04/01/2024 23:31:12,0.52,0.38,FALSE,0,,FALSE,,
REC000193,CUST001,Shirley Thomas-Cox,nicholashart@atkinson-parker.com,London,MTR0001,Detached,05/01/2024 00:00:00,0.8,1,FALSE,0,,FALSE,,
REC000194,CUST001,Shirley Thomas-Cox,nicholashart@atkinson-parker.com,London,MTR0001,Detached,05/01/2024 00:28:48,1.28,1.12,FALSE,0,,FALSE,,
REC000195,CUST001,Shirley Thomas-Cox,nicholashart@atkinson-parker.com,London,MTR0001,Detached,05/01/2024 00:57:36,0.37,0.4,FALSE,0,,FALSE,,
REC000196,CUST001,Shirley Thomas-Cox,nicholashart@atkinson-parker.com,London,MTR0001,Detached,05/01/2024 01:26:24,0.72,0.72,FALSE,0,,FALSE,,
REC000197,CUST001,Shirley Thomas-Cox,nicholashart@atkinson-parker.com,London,MTR0001,Detached,05/01/2024 01:55:12,0.48,0.35,FALSE,0,,FALSE,,
REC000198,CUST001,Shirley Thomas-Cox,nicholashart@atkinson-parker.com,London,MTR0001,Detached,05/01/2024 02:24:00,0.91,0.83,FALSE,0,,FALSE,,
REC000199,CUST001,Shirley Thomas-Cox,nicholashart@atkinson-parker.com,London,MTR0001,Detached,05/01/2024 03:07:12,1.03,1.17,FALSE,0,,FALSE,,
REC000200,CUST001,Shirley Thomas-Cox,nicholashart@atkinson-parker.com,London,MTR0001,Detached,05/01/2024 03:36:00,1,1.08,FALSE,0,,FALSE,,
REC000201,CUST001,Shirley Thomas-Cox,nicholashart@atkinson-parker.com,London,MTR0001,Detached,05/01/2024 04:04:48,0.51,0.5,FALSE,0,,FALSE,,
REC000202,CUST001,Shirley Thomas-Cox,nicholashart@atkinson-parker.com,London,MTR0001,Detached,05/01/2024 04:33:36,1.29,1.19,FALSE,0,,FALSE,,
REC000203,CUST001,Shirley Thomas-Cox,nicholashart@atkinson-parker.com,London,MTR0001,Detached,05/01/2024 05:02:24,0.42,0.37,FALSE,0,,FALSE,,
REC000204,CUST001,Shirley Thomas-Cox,nicholashart@atkinson-parker.com,London,MTR0001,Detached,05/01/2024 05:31:12,0.78,0.77,FALSE,0,,FALSE,,
REC000205,CUST001,Shirley Thomas-Cox,nicholashart@atkinson-parker.com,London,MTR0001,Detached,05/01/2024 06:00:00,0.83,0.87,FALSE,0,,FALSE,,
REC000206,CUST001,Shirley Thomas-Cox,nicholashart@atkinson-parker.com,London,MTR0001,Detached,05/01/2024 06:28:48,1.05,0.86,FALSE,0,,FALSE,,
REC000207,CUST001,Shirley Thomas-Cox,nicholashart@atkinson-parker.com,London,MTR0001,Detached,05/01/2024 06:57:36,0.82,0.83,FALSE,0,,FALSE,,
REC000208,CUST001,Shirley Thomas-Cox,nicholashart@atkinson-parker.com,London,MTR0001,Detached,05/01/2024 07:26:24,0.96,0.86,FALSE,0,,FALSE,,
REC000209,CUST001,Shirley Thomas-Cox,nicholashart@atkinson-parker.com,London,MTR0001,Detached,05/01/2024 07:55:12,0.53,0.55,FALSE,0,,FALSE,,
REC000210,CUST001,Shirley Thomas-Cox,nicholashart@atkinson-parker.com,London,MTR0001,Detached,05/01/2024 08:24:00,0.48,0.62,FALSE,0,,FALSE,,
REC000211,CUST001,Shirley Thomas-Cox,nicholashart@atkinson-parker.com,London,MTR0001,Detached,05/01/2024 09:07:12,0.64,0.83,FALSE,0,,FALSE,,
REC000212,CUST001,Shirley Thomas-Cox,nicholashart@atkinson-parker.com,London,MTR0001,Detached,05/01/2024 09:36:00,1.07,1.03,FALSE,0,,FALSE,,
REC000213,CUST001,Shirley Thomas-Cox,nicholashart@atkinson-parker.com,London,MTR0001,Detached,05/01/2024 10:04:48,0.99,0.92,FALSE,0,,FALSE,,
REC000214,CUST001,Shirley Thomas-Cox,nicholashart@atkinson-parker.com,London,MTR0001,Detached,05/01/2024 10:33:36,0.83,0.68,FALSE,0,,FALSE,,
REC000215,CUST001,Shirley Thomas-Cox,nicholashart@atkinson-parker.com,London,MTR0001,Detached,05/01/2024 11:02:24,1.13,1.14,FALSE,0,,FALSE,,
REC000216,CUST001,Shirley Thomas-Cox,nicholashart@atkinson-parker.com,London,MTR0001,Detached,05/01/2024 11:31:12,1,1.03,FALSE,0,,FALSE,,
REC000217,CUST001,Shirley Thomas-Cox,nicholashart@atkinson-parker.com,London,MTR0001,Detached,05/01/2024 12:00:00,1.22,1.19,FALSE,0,,FALSE,,
REC000218,CUST001,Shirley Thomas-Cox,nicholashart@atkinson-parker.com,London,MTR0001,Detached,05/01/2024 12:28:48,0.53,0.64,FALSE,0,,FALSE,,
REC000219,CUST001,Shirley Thomas-Cox,nicholashart@atkinson-parker.com,London,MTR0001,Detached,05/01/2024 12:57:36,1.2,1.17,FALSE,0,,FALSE,,
REC000220,CUST001,Shirley Thomas-Cox,nicholashart@atkinson-parker.com,London,MTR0001,Detached,05/01/2024 13:26:24,0.75,0.72,FALSE,0,,FALSE,,
REC000221,CUST001,Shirley Thomas-Cox,nicholashart@atkinson-parker.com,London,MTR0001,Detached,05/01/2024 13:55:12,0.66,0.67,FALSE,0,,FALSE,,
REC000222,CUST001,Shirley Thomas-Cox,nicholashart@atkinson-parker.com,London,MTR0001,Detached,05/01/2024 14:24:00,1.07,1.08,FALSE,0,,FALSE,,
REC000223,CUST001,Shirley Thomas-Cox,nicholashart@atkinson-parker.com,London,MTR0001,Detached,05/01/2024 15:07:12,1.18,1.03,FALSE,0,,FALSE,,
REC000224,CUST001,Shirley Thomas-Cox,nicholashart@atkinson-parker.com,London,MTR0001,Detached,05/01/2024 15:36:00,1.18,1.15,FALSE,0,,FALSE,,
REC000225,CUST001,Shirley Thomas-Cox,nicholashart@atkinson-parker.com,London,MTR0001,Detached,05/01/2024 16:04:48,1.03,1.06,FALSE,0,,FALSE,,
REC000226,CUST001,Shirley Thomas-Cox,nicholashart@atkinson-parker.com,London,MTR0001,Detached,05/01/2024 16:33:36,0.26,0.42,FALSE,0,,FALSE,,
REC000227,CUST001,Shirley Thomas-Cox,nicholashart@atkinson-parker.com,London,MTR0001,Detached,05/01/2024 17:02:24,1.02,1.16,FALSE,0,,FALSE,,
REC000228,CUST001,Shirley Thomas-Cox,nicholashart@atkinson-parker.com,London,MTR0001,Detached,05/01/2024 17:31:12,0.95,0.9,FALSE,0,,FALSE,,
REC000229,CUST001,Shirley Thomas-Cox,nicholashart@atkinson-parker.com,London,MTR0001,Detached,05/01/2024 18:00:00,0.78,0.86,FALSE,0,,FALSE,,
REC000230,CUST001,Shirley Thomas-Cox,nicholashart@atkinson-parker.com,London,MTR0001,Detached,05/01/2024 18:28:48,0.87,0.9,FALSE,0,,FALSE,,
REC000231,CUST001,Shirley Thomas-Cox,nicholashart@atkinson-parker.com,London,MTR0001,Detached,05/01/2024 18:57:36,0.78,0.77,FALSE,0,,FALSE,,
REC000232,CUST001,Shirley Thomas-Cox,nicholashart@atkinson-parker.com,London,MTR0001,Detached,05/01/2024 19:26:24,1.23,1.07,FALSE,0,,FALSE,,
REC000233,CUST001,Shirley Thomas-Cox,nicholashart@atkinson-parker.com,London,MTR0001,Detached,05/01/2024 19:55:12,0.9,0.8,FALSE,0,,FALSE,,
REC000234,CUST001,Shirley Thomas-Cox,nicholashart@atkinson-parker.com,London,MTR0001,Detached,05/01/2024 20:24:00,0.68,0.66,FALSE,0,,FALSE,,
REC000235,CUST001,Shirley Thomas-Cox,nicholashart@atkinson-parker.com,London,MTR0001,Detached,05/01/2024 21:07:12,0.57,0.42,FALSE,0,,FALSE,,
REC000236,CUST001,Shirley Thomas-Cox,nicholashart@atkinson-parker.com,London,MTR0001,Detached,05/01/2024 21:36:00,0.58,0.49,FALSE,0,,FALSE,,
REC000237,CUST001,Shirley Thomas-Cox,nicholashart@atkinson-parker.com,London,MTR0001,Detached,05/01/2024 22:04:48,0.25,0.42,FALSE,0,,FALSE,,
REC000238,CUST001,Shirley Thomas-Cox,nicholashart@atkinson-parker.com,London,MTR0001,Detached,05/01/2024 22:33:36,0.83,0.69,FALSE,0,,FALSE,,
REC000239,CUST001,Shirley Thomas-Cox,nicholashart@atkinson-parker.com,London,MTR0001,Detached,05/01/2024 23:02:24,1.13,1.11,FALSE,0,,FALSE,,
REC000240,CUST001,Shirley Thomas-Cox,nicholashart@atkinson-parker.com,London,MTR0001,Detached,05/01/2024 23:31:12,0.79,1.01,FALSE,0,,FALSE,,
REC000241,CUST001,Shirley Thomas-Cox,nicholashart@atkinson-parker.com,London,MTR0001,Detached,06/01/2024 00:00:00,0.76,0.66,FALSE,0,,FALSE,,
REC000242,CUST001,Shirley Thomas-Cox,nicholashart@atkinson-parker.com,London,MTR0001,Detached,06/01/2024 00:28:48,1.18,1.15,FALSE,0,,FALSE,,
REC000243,CUST001,Shirley Thomas-Cox,nicholashart@atkinson-parker.com,London,MTR0001,Detached,06/01/2024 00:57:36,0.43,0.43,FALSE,0,,FALSE,,
REC000244,CUST001,Shirley Thomas-Cox,nicholashart@atkinson-parker.com,London,MTR0001,Detached,06/01/2024 01:26:24,0.61,0.53,FALSE,0,,FALSE,,
REC000245,CUST001,Shirley Thomas-Cox,nicholashart@atkinson-parker.com,London,MTR0001,Detached,06/01/2024 01:55:12,0.71,0.71,FALSE,0,,FALSE,,
REC000246,CUST001,Shirley Thomas-Cox,nicholashart@atkinson-parker.com,London,MTR0001,Detached,06/01/2024 02:24:00,0.64,0.6,FALSE,0,,FALSE,,
REC000247,CUST001,Shirley Thomas-Cox,nicholashart@atkinson-parker.com,London,MTR0001,Detached,06/01/2024 03:07:12,0.86,0.87,FALSE,0,,FALSE,,
REC000248,CUST001,Shirley Thomas-Cox,nicholashart@atkinson-parker.com,London,MTR0001,Detached,06/01/2024 03:36:00,0.41,0.42,FALSE,0,,FALSE,,
REC000249,CUST001,Shirley Thomas-Cox,nicholashart@atkinson-parker.com,London,MTR0001,Detached,06/01/2024 04:04:48,0.31,0.42,FALSE,0,,FALSE,,
REC000250,CUST001,Shirley Thomas-Cox,nicholashart@atkinson-parker.com,London,MTR0001,Detached,06/01/2024 04:33:36,0.66,0.61,FALSE,0,,FALSE,,
REC000251,CUST001,Shirley Thomas-Cox,nicholashart@atkinson-parker.com,London,MTR0001,Detached,06/01/2024 05:02:24,1.32,1.11,FALSE,0,,FALSE,,
REC000252,CUST001,Shirley Thomas-Cox,nicholashart@atkinson-parker.com,London,MTR0001,Detached,06/01/2024 05:31:12,0.43,0.46,FALSE,0,,FALSE,,
REC000253,CUST001,Shirley Thomas-Cox,nicholashart@atkinson-parker.com,London,MTR0001,Detached,06/01/2024 06:00:00,0.39,0.47,FALSE,0,,FALSE,,
REC000254,CUST001,Shirley Thomas-Cox,nicholashart@atkinson-parker.com,London,MTR0001,Detached,06/01/2024 06:28:48,0.32,0.38,FALSE,0,,FALSE,,
REC000255,CUST001,Shirley Thomas-Cox,nicholashart@atkinson-parker.com,London,MTR0001,Detached,06/01/2024 06:57:36,0.27,0.41,FALSE,0,,FALSE,,
REC000256,CUST001,Shirley Thomas-Cox,nicholashart@atkinson-parker.com,London,MTR0001,Detached,06/01/2024 07:26:24,0.61,0.63,FALSE,0,,FALSE,,
REC000257,CUST001,Shirley Thomas-Cox,nicholashart@atkinson-parker.com,London,MTR0001,Detached,06/01/2024 07:55:12,0.74,0.75,FALSE,0,,FALSE,,
REC000258,CUST001,Shirley Thomas-Cox,nicholashart@atkinson-parker.com,London,MTR0001,Detached,06/01/2024 08:24:00,1.02,1.02,FALSE,0,,FALSE,,
REC000259,CUST001,Shirley Thomas-Cox,nicholashart@atkinson-parker.com,London,MTR0001,Detached,06/01/2024 09:07:12,0.96,0.87,FALSE,0,,FALSE,,
REC000260,CUST001,Shirley Thomas-Cox,nicholashart@atkinson-parker.com,London,MTR0001,Detached,06/01/2024 09:36:00,0.91,0.97,FALSE,0,,FALSE,,
REC000261,CUST001,Shirley Thomas-Cox,nicholashart@atkinson-parker.com,London,MTR0001,Detached,06/01/2024 10:04:48,0.42,0.47,FALSE,0,,FALSE,,
REC000262,CUST001,Shirley Thomas-Cox,nicholashart@atkinson-parker.com,London,MTR0001,Detached,06/01/2024 10:33:36,0.62,0.74,FALSE,0,,FALSE,,
REC000263,CUST001,Shirley Thomas-Cox,nicholashart@atkinson-parker.com,London,MTR0001,Detached,06/01/2024 11:02:24,0.8,0.86,FALSE,0,,FALSE,,
REC000264,CUST001,Shirley Thomas-Cox,nicholashart@atkinson-parker.com,London,MTR0001,Detached,06/01/2024 11:31:12,0.75,0.97,FALSE,0,,FALSE,,
REC000265,CUST001,Shirley Thomas-Cox,nicholashart@atkinson-parker.com,London,MTR0001,Detached,06/01/2024 12:00:00,0.42,0.33,FALSE,0,,FALSE,,
REC000266,CUST001,Shirley Thomas-Cox,nicholashart@atkinson-parker.com,London,MTR0001,Detached,06/01/2024 12:28:48,1.01,1.11,FALSE,0,,FALSE,,
REC000267,CUST001,Shirley Thomas-Cox,nicholashart@atkinson-parker.com,London,MTR0001,Detached,06/01/2024 12:57:36,0.66,0.76,FALSE,0,,FALSE,,
REC000268,CUST001,Shirley Thomas-Cox,nicholashart@atkinson-parker.com,London,MTR0001,Detached,06/01/2024 13:26:24,0.71,0.7,FALSE,0,,FALSE,,
REC000269,CUST001,Shirley Thomas-Cox,nicholashart@atkinson-parker.com,London,MTR0001,Detached,06/01/2024 13:55:12,0.7,0.78,FALSE,0,,FALSE,,
REC000270,CUST001,Shirley Thomas-Cox,nicholashart@atkinson-parker.com,London,MTR0001,Detached,06/01/2024 14:24:00,0.55,0.64,FALSE,0,,FALSE,,
REC000271,CUST001,Shirley Thomas-Cox,nicholashart@atkinson-parker.com,London,MTR0001,Detached,06/01/2024 15:07:12,0.21,0.32,FALSE,0,,FALSE,,
REC000272,CUST001,Shirley Thomas-Cox,nicholashart@atkinson-parker.com,London,MTR0001,Detached,06/01/2024 15:36:00,0.52,0.59,FALSE,0,,FALSE,,
REC000273,CUST001,Shirley Thomas-Cox,nicholashart@atkinson-parker.com,London,MTR0001,Detached,06/01/2024 16:04:48,0.43,0.41,FALSE,0,,FALSE,,
REC000274,CUST001,Shirley Thomas-Cox,nicholashart@atkinson-parker.com,London,MTR0001,Detached,06/01/2024 16:33:36,1,0.91,FALSE,0,,FALSE,,
REC000275,CUST001,Shirley Thomas-Cox,nicholashart@atkinson-parker.com,London,MTR0001,Detached,06/01/2024 17:02:24,0.92,1.01,FALSE,0,,FALSE,,
REC000276,CUST001,Shirley Thomas-Cox,nicholashart@atkinson-parker.com,London,MTR0001,Detached,06/01/2024 17:31:12,0.78,0.78,FALSE,0,,FALSE,,
REC000277,CUST001,Shirley Thomas-Cox,nicholashart@atkinson-parker.com,London,MTR0001,Detached,06/01/2024 18:00:00,0.79,0.83,FALSE,0,,FALSE,,
REC000278,CUST001,Shirley Thomas-Cox,nicholashart@atkinson-parker.com,London,MTR0001,Detached,06/01/2024 18:28:48,0.57,0.41,FALSE,0,,FALSE,,
REC000279,CUST001,Shirley Thomas-Cox,nicholashart@atkinson-parker.com,London,MTR0001,Detached,06/01/2024 18:57:36,0.7,0.56,FALSE,0,,FALSE,,
REC000280,CUST001,Shirley Thomas-Cox,nicholashart@atkinson-parker.com,London,MTR0001,Detached,06/01/2024 19:26:24,0.68,0.81,FALSE,0,,FALSE,,
REC000281,CUST001,Shirley Thomas-Cox,nicholashart@atkinson-parker.com,London,MTR0001,Detached,06/01/2024 19:55:12,0.62,0.62,FALSE,0,,FALSE,,
REC000282,CUST001,Shirley Thomas-Cox,nicholashart@atkinson-parker.com,London,MTR0001,Detached,06/01/2024 20:24:00,0.52,0.51,FALSE,0,,FALSE,,
REC000283,CUST001,Shirley Thomas-Cox,nicholashart@atkinson-parker.com,London,MTR0001,Detached,06/01/2024 21:07:12,0.34,0.39,FALSE,0,,FALSE,,
REC000284,CUST001,Shirley Thomas-Cox,nicholashart@atkinson-parker.com,London,MTR0001,Detached,06/01/2024 21:36:00,0.38,0.44,FALSE,0,,FALSE,,
REC000285,CUST001,Shirley Thomas-Cox,nicholashart@atkinson-parker.com,London,MTR0001,Detached,06/01/2024 22:04:48,0.39,0.47,FALSE,0,,FALSE,,
REC000286,CUST001,Shirley Thomas-Cox,nicholashart@atkinson-parker.com,London,MTR0001,Detached,06/01/2024 22:33:36,1.06,1.11,FALSE,0,,FALSE,,
REC000287,CUST001,Shirley Thomas-Cox,nicholashart@atkinson-parker.com,London,MTR0001,Detached,06/01/2024 23:02:24,0.12,0.37,FALSE,0,,FALSE,,
REC000288,CUST001,Shirley Thomas-Cox,nicholashart@atkinson-parker.com,London,MTR0001,Detached,06/01/2024 23:31:12,1.25,1.18,FALSE,0,,FALSE,,
REC000289,CUST001,Shirley Thomas-Cox,nicholashart@atkinson-parker.com,London,MTR0001,Detached,07/01/2024 00:00:00,0.44,0.4,FALSE,0,,FALSE,,
REC000290,CUST001,Shirley Thomas-Cox,nicholashart@atkinson-parker.com,London,MTR0001,Detached,07/01/2024 00:28:48,1.07,1.08,FALSE,0,,FALSE,,
REC000291,CUST001,Shirley Thomas-Cox,nicholashart@atkinson-parker.com,London,MTR0001,Detached,07/01/2024 00:57:36,0.97,1.04,FALSE,0,,FALSE,,
REC000292,CUST001,Shirley Thomas-Cox,nicholashart@atkinson-parker.com,London,MTR0001,Detached,07/01/2024 01:26:24,0.85,0.9,FALSE,0,,FALSE,,
REC000293,CUST001,Shirley Thomas-Cox,nicholashart@atkinson-parker.com,London,MTR0001,Detached,07/01/2024 01:55:12,1.34,1.14,FALSE,0,,FALSE,,
REC000294,CUST001,Shirley Thomas-Cox,nicholashart@atkinson-parker.com,London,MTR0001,Detached,07/01/2024 02:24:00,0.71,0.55,FALSE,0,,FALSE,,
REC000295,CUST001,Shirley Thomas-Cox,nicholashart@atkinson-parker.com,London,MTR0001,Detached,07/01/2024 03:07:12,0.93,0.99,FALSE,0,,FALSE,,
REC000296,CUST001,Shirley Thomas-Cox,nicholashart@atkinson-parker.com,London,MTR0001,Detached,07/01/2024 03:36:00,0.58,0.68,FALSE,0,,FALSE,,
REC000297,CUST001,Shirley Thomas-Cox,nicholashart@atkinson-parker.com,London,MTR0001,Detached,07/01/2024 04:04:48,0.71,0.76,FALSE,0,,FALSE,,
REC000298,CUST001,Shirley Thomas-Cox,nicholashart@atkinson-parker.com,London,MTR0001,Detached,07/01/2024 04:33:36,0.82,0.85,FALSE,0,,FALSE,,
REC000299,CUST001,Shirley Thomas-Cox,nicholashart@atkinson-parker.com,London,MTR0001,Detached,07/01/2024 05:02:24,0.45,0.56,FALSE,0,,FALSE,,
REC000300,CUST001,Shirley Thomas-Cox,nicholashart@atkinson-parker.com,London,MTR0001,Detached,07/01/2024 05:31:12,0.76,0.73,FALSE,0,,FALSE,,
REC000301,CUST001,Shirley Thomas-Cox,nicholashart@atkinson-parker.com,London,MTR0001,Detached,07/01/2024 06:00:00,0.77,0.78,FALSE,0,,FALSE,,
REC000302,CUST001,Shirley Thomas-Cox,nicholashart@atkinson-parker.com,London,MTR0001,Detached,07/01/2024 06:28:48,0.38,0.42,FALSE,0,,FALSE,,
REC000303,CUST001,Shirley Thomas-Cox,nicholashart@atkinson-parker.com,London,MTR0001,Detached,07/01/2024 06:57:36,0.3,0.36,FALSE,0,,FALSE,,
REC000304,CUST001,Shirley Thomas-Cox,nicholashart@atkinson-parker.com,London,MTR0001,Detached,07/01/2024 07:26:24,0.99,0.91,FALSE,0,,FALSE,,
REC000305,CUST001,Shirley Thomas-Cox,nicholashart@atkinson-parker.com,London,MTR0001,Detached,07/01/2024 07:55:12,0.91,0.98,FALSE,0,,FALSE,,
REC000306,CUST001,Shirley Thomas-Cox,nicholashart@atkinson-parker.com,London,MTR0001,Detached,07/01/2024 08:24:00,0.91,0.67,FALSE,0,,FALSE,,
REC000307,CUST001,Shirley Thomas-Cox,nicholashart@atkinson-parker.com,London,MTR0001,Detached,07/01/2024 09:07:12,0.63,0.61,FALSE,0,,FALSE,,
REC000308,CUST001,Shirley Thomas-Cox,nicholashart@atkinson-parker.com,London,MTR0001,Detached,07/01/2024 09:36:00,0.47,0.46,FALSE,0,,FALSE,,
REC000309,CUST001,Shirley Thomas-Cox,nicholashart@atkinson-parker.com,London,MTR0001,Detached,07/01/2024 10:04:48,0.41,0.36,FALSE,0,,FALSE,,
REC000310,CUST001,Shirley Thomas-Cox,nicholashart@atkinson-parker.com,London,MTR0001,Detached,07/01/2024 10:33:36,1.22,1.06,FALSE,0,,FALSE,,
REC000311,CUST001,Shirley Thomas-Cox,nicholashart@atkinson-parker.com,London,MTR0001,Detached,07/01/2024 11:02:24,0.37,0.43,FALSE,0,,FALSE,,
REC000312,CUST001,Shirley Thomas-Cox,nicholashart@atkinson-parker.com,London,MTR0001,Detached,07/01/2024 11:31:12,0.51,0.45,FALSE,0,,FALSE,,
REC000313,CUST001,Shirley Thomas-Cox,nicholashart@atkinson-parker.com,London,MTR0001,Detached,07/01/2024 12:00:00,0.5,0.45,FALSE,0,,FALSE,,
REC000314,CUST001,Shirley Thomas-Cox,nicholashart@atkinson-parker.com,London,MTR0001,Detached,07/01/2024 12:28:48,0.87,0.77,FALSE,0,,FALSE,,
REC000315,CUST001,Shirley Thomas-Cox,nicholashart@atkinson-parker.com,London,MTR0001,Detached,07/01/2024 12:57:36,0.59,0.62,FALSE,0,,FALSE,,
REC000316,CUST001,Shirley Thomas-Cox,nicholashart@atkinson-parker.com,London,MTR0001,Detached,07/01/2024 13:26:24,1.12,1.03,FALSE,0,,FALSE,,
REC000317,CUST001,Shirley Thomas-Cox,nicholashart@atkinson-parker.com,London,MTR0001,Detached,07/01/2024 13:55:12,0.63,0.7,FALSE,0,,FALSE,,
REC000318,CUST001,Shirley Thomas-Cox,nicholashart@atkinson-parker.com,London,MTR0001,Detached,07/01/2024 14:24:00,0.35,0.57,FALSE,0,,FALSE,,
REC000319,CUST001,Shirley Thomas-Cox,nicholashart@atkinson-parker.com,London,MTR0001,Detached,07/01/2024 15:07:12,0.81,0.97,FALSE,0,,FALSE,,
REC000320,CUST001,Shirley Thomas-Cox,nicholashart@atkinson-parker.com,London,MTR0001,Detached,07/01/2024 15:36:00,1.11,1.11,FALSE,0,,FALSE,,
REC000321,CUST001,Shirley Thomas-Cox,nicholashart@atkinson-parker.com,London,MTR0001,Detached,07/01/2024 16:04:48,0.74,0.65,FALSE,0,,FALSE,,
REC000322,CUST001,Shirley Thomas-Cox,nicholashart@atkinson-parker.com,London,MTR0001,Detached,07/01/2024 16:33:36,0.87,0.86,FALSE,0,,FALSE,,
REC000323,CUST001,Shirley Thomas-Cox,nicholashart@atkinson-parker.com,London,MTR0001,Detached,07/01/2024 17:02:24,0.43,0.41,FALSE,0,,FALSE,,
REC000324,CUST001,Shirley Thomas-Cox,nicholashart@atkinson-parker.com,London,MTR0001,Detached,07/01/2024 17:31:12,0.66,0.6,FALSE,0,,FALSE,,
REC000325,CUST001,Shirley Thomas-Cox,nicholashart@atkinson-parker.com,London,MTR0001,Detached,07/01/2024 18:00:00,0.48,0.43,FALSE,0,,FALSE,,
REC000326,CUST001,Shirley Thomas-Cox,nicholashart@atkinson-parker.com,London,MTR0001,Detached,07/01/2024 18:28:48,0.9,0.78,FALSE,0,,FALSE,,
REC000327,CUST001,Shirley Thomas-Cox,nicholashart@atkinson-parker.com,London,MTR0001,Detached,07/01/2024 18:57:36,1.05,1.1,FALSE,0,,FALSE,,
REC000328,CUST001,Shirley Thomas-Cox,nicholashart@atkinson-parker.com,London,MTR0001,Detached,07/01/2024 19:26:24,0.62,0.58,FALSE,0,,FALSE,,
REC000329,CUST001,Shirley Thomas-Cox,nicholashart@atkinson-parker.com,London,MTR0001,Detached,07/01/2024 19:55:12,0.67,0.52,FALSE,0,,FALSE,,
REC000330,CUST001,Shirley Thomas-Cox,nicholashart@atkinson-parker.com,London,MTR0001,Detached,07/01/2024 20:24:00,1.13,1.09,FALSE,0,,FALSE,,
REC000331,CUST001,Shirley Thomas-Cox,nicholashart@atkinson-parker.com,London,MTR0001,Detached,07/01/2024 21:07:12,0.74,0.61,FALSE,0,,FALSE,,
REC000332,CUST001,Shirley Thomas-Cox,nicholashart@atkinson-parker.com,London,MTR0001,Detached,07/01/2024 21:36:00,0.39,0.43,FALSE,0,,FALSE,,
REC000333,CUST001,Shirley Thomas-Cox,nicholashart@atkinson-parker.com,London,MTR0001,Detached,07/01/2024 22:04:48,0.61,0.51,FALSE,0,,FALSE,,
REC000334,CUST001,Shirley Thomas-Cox,nicholashart@atkinson-parker.com,London,MTR0001,Detached,07/01/2024 22:33:36,0.98,0.88,FALSE,0,,FALSE,,
REC000335,CUST001,Shirley Thomas-Cox,nicholashart@atkinson-parker.com,London,MTR0001,Detached,07/01/2024 23:02:24,0.76,0.92,FALSE,0,,FALSE,,
REC000336,CUST001,Shirley Thomas-Cox,nicholashart@atkinson-parker.com,London,MTR0001,Detached,07/01/2024 23:31:12,0.64,0.61,FALSE,0,,FALSE,,
REC000337,CUST002,Mr Guy Parsons,dawsontom@ryan.biz,Bristol,MTR0002,Detached,01/01/2024 00:00:00,0.48,0.46,FALSE,0,,FALSE,,
REC000338,CUST002,Mr Guy Parsons,dawsontom@ryan.biz,Bristol,MTR0002,Detached,01/01/2024 00:28:48,0.74,0.66,FALSE,0,,FALSE,,
REC000339,CUST002,Mr Guy Parsons,dawsontom@ryan.biz,Bristol,MTR0002,Detached,01/01/2024 00:57:36,0.74,0.72,FALSE,0,,FALSE,,
REC000340,CUST002,Mr Guy Parsons,dawsontom@ryan.biz,Bristol,MTR0002,Detached,01/01/2024 01:26:24,1.11,0.85,FALSE,0,,FALSE,,
REC000341,CUST002,Mr Guy Parsons,dawsontom@ryan.biz,Bristol,MTR0002,Detached,01/01/2024 01:55:12,0.5,0.32,TRUE,56.25,Schedule change,TRUE,1/1/2024 02:12,TRUE
REC000342,CUST002,Mr Guy Parsons,dawsontom@ryan.biz,Bristol,MTR0002,Detached,01/01/2024 02:24:00,1.19,1.13,FALSE,0,,FALSE,,
REC000343,CUST002,Mr Guy Parsons,dawsontom@ryan.biz,Bristol,MTR0002,Detached,01/01/2024 03:07:12,0.97,0.94,FALSE,0,,FALSE,,
REC000344,CUST002,Mr Guy Parsons,dawsontom@ryan.biz,Bristol,MTR0002,Detached,01/01/2024 03:36:00,0.74,0.85,FALSE,0,,FALSE,,
REC000345,CUST002,Mr Guy Parsons,dawsontom@ryan.biz,Bristol,MTR0002,Detached,01/01/2024 04:04:48,0.7,0.68,FALSE,0,,FALSE,,
REC000346,CUST002,Mr Guy Parsons,dawsontom@ryan.biz,Bristol,MTR0002,Detached,01/01/2024 04:33:36,1.14,1.13,FALSE,0,,FALSE,,
REC000347,CUST002,Mr Guy Parsons,dawsontom@ryan.biz,Bristol,MTR0002,Detached,01/01/2024 05:02:24,0.96,0.71,FALSE,0,,FALSE,,
REC000348,CUST002,Mr Guy Parsons,dawsontom@ryan.biz,Bristol,MTR0002,Detached,01/01/2024 05:31:12,0.71,0.66,FALSE,0,,FALSE,,
REC000349,CUST002,Mr Guy Parsons,dawsontom@ryan.biz,Bristol,MTR0002,Detached,01/01/2024 06:00:00,0.46,0.35,FALSE,0,,FALSE,,
REC000350,CUST002,Mr Guy Parsons,dawsontom@ryan.biz,Bristol,MTR0002,Detached,01/01/2024 06:28:48,0.24,0.3,FALSE,0,,FALSE,,
REC000351,CUST002,Mr Guy Parsons,dawsontom@ryan.biz,Bristol,MTR0002,Detached,01/01/2024 06:57:36,0.69,0.6,FALSE,0,,FALSE,,
REC000352,CUST002,Mr Guy Parsons,dawsontom@ryan.biz,Bristol,MTR0002,Detached,01/01/2024 07:26:24,0.9,1.13,FALSE,0,,FALSE,,
REC000353,CUST002,Mr Guy Parsons,dawsontom@ryan.biz,Bristol,MTR0002,Detached,01/01/2024 07:55:12,0.74,0.61,FALSE,0,,FALSE,,
REC000354,CUST002,Mr Guy Parsons,dawsontom@ryan.biz,Bristol,MTR0002,Detached,01/01/2024 08:24:00,0.63,0.71,FALSE,0,,FALSE,,
REC000355,CUST002,Mr Guy Parsons,dawsontom@ryan.biz,Bristol,MTR0002,Detached,01/01/2024 09:07:12,0.39,0.5,FALSE,0,,FALSE,,
REC000356,CUST002,Mr Guy Parsons,dawsontom@ryan.biz,Bristol,MTR0002,Detached,01/01/2024 09:36:00,0.45,0.46,FALSE,0,,FALSE,,
REC000357,CUST002,Mr Guy Parsons,dawsontom@ryan.biz,Bristol,MTR0002,Detached,01/01/2024 10:04:48,0.83,0.75,FALSE,0,,FALSE,,
REC000358,CUST002,Mr Guy Parsons,dawsontom@ryan.biz,Bristol,MTR0002,Detached,01/01/2024 10:33:36,0.61,0.63,FALSE,0,,FALSE,,
REC000359,CUST002,Mr Guy Parsons,dawsontom@ryan.biz,Bristol,MTR0002,Detached,01/01/2024 11:02:24,0.72,0.82,FALSE,0,,FALSE,,
REC000360,CUST002,Mr Guy Parsons,dawsontom@ryan.biz,Bristol,MTR0002,Detached,01/01/2024 11:31:12,1.21,1.16,FALSE,0,,FALSE,,
REC000361,CUST002,Mr Guy Parsons,dawsontom@ryan.biz,Bristol,MTR0002,Detached,01/01/2024 12:00:00,0.35,0.43,FALSE,0,,FALSE,,
REC000362,CUST002,Mr Guy Parsons,dawsontom@ryan.biz,Bristol,MTR0002,Detached,01/01/2024 12:28:48,1.18,1.2,FALSE,0,,FALSE,,
REC000363,CUST002,Mr Guy Parsons,dawsontom@ryan.biz,Bristol,MTR0002,Detached,01/01/2024 12:57:36,0.68,0.75,FALSE,0,,FALSE,,
REC000364,CUST002,Mr Guy Parsons,dawsontom@ryan.biz,Bristol,MTR0002,Detached,01/01/2024 13:26:24,0.98,0.97,FALSE,0,,FALSE,,
REC000365,CUST002,Mr Guy Parsons,dawsontom@ryan.biz,Bristol,MTR0002,Detached,01/01/2024 13:55:12,0.48,0.49,FALSE,0,,FALSE,,
REC000366,CUST002,Mr Guy Parsons,dawsontom@ryan.biz,Bristol,MTR0002,Detached,01/01/2024 14:24:00,0.49,0.47,FALSE,0,,FALSE,,
REC000367,CUST002,Mr Guy Parsons,dawsontom@ryan.biz,Bristol,MTR0002,Detached,01/01/2024 15:07:12,0.59,0.33,TRUE,78.79,Schedule change,TRUE,1/1/2024 15:22,TRUE
REC000368,CUST002,Mr Guy Parsons,dawsontom@ryan.biz,Bristol,MTR0002,Detached,01/01/2024 15:36:00,0.25,0.36,FALSE,0,,FALSE,,
REC000369,CUST002,Mr Guy Parsons,dawsontom@ryan.biz,Bristol,MTR0002,Detached,01/01/2024 16:04:48,1.14,1,FALSE,0,,FALSE,,
REC000370,CUST002,Mr Guy Parsons,dawsontom@ryan.biz,Bristol,MTR0002,Detached,01/01/2024 16:33:36,0.43,0.7,FALSE,0,,FALSE,,
REC000371,CUST002,Mr Guy Parsons,dawsontom@ryan.biz,Bristol,MTR0002,Detached,01/01/2024 17:02:24,0.54,0.66,FALSE,0,,FALSE,,
REC000372,CUST002,Mr Guy Parsons,dawsontom@ryan.biz,Bristol,MTR0002,Detached,01/01/2024 17:31:12,0.48,0.46,FALSE,0,,FALSE,,
REC000373,CUST002,Mr Guy Parsons,dawsontom@ryan.biz,Bristol,MTR0002,Detached,01/01/2024 18:00:00,1.07,1.08,FALSE,0,,FALSE,,
REC000374,CUST002,Mr Guy Parsons,dawsontom@ryan.biz,Bristol,MTR0002,Detached,01/01/2024 18:28:48,0.59,0.54,FALSE,0,,FALSE,,
REC000375,CUST002,Mr Guy Parsons,dawsontom@ryan.biz,Bristol,MTR0002,Detached,01/01/2024 18:57:36,0.84,0.88,FALSE,0,,FALSE,,
REC000376,CUST002,Mr Guy Parsons,dawsontom@ryan.biz,Bristol,MTR0002,Detached,01/01/2024 19:26:24,0.43,0.44,FALSE,0,,FALSE,,
REC000377,CUST002,Mr Guy Parsons,dawsontom@ryan.biz,Bristol,MTR0002,Detached,01/01/2024 19:55:12,0.93,0.94,FALSE,0,,FALSE,,
REC000378,CUST002,Mr Guy Parsons,dawsontom@ryan.biz,Bristol,MTR0002,Detached,01/01/2024 20:24:00,0.5,0.5,FALSE,0,,FALSE,,
REC000379,CUST002,Mr Guy Parsons,dawsontom@ryan.biz,Bristol,MTR0002,Detached,01/01/2024 21:07:12,0.52,0.51,FALSE,0,,FALSE,,
REC000380,CUST002,Mr Guy Parsons,dawsontom@ryan.biz,Bristol,MTR0002,Detached,01/01/2024 21:36:00,0.45,0.46,FALSE,0,,FALSE,,
REC000381,CUST002,Mr Guy Parsons,dawsontom@ryan.biz,Bristol,MTR0002,Detached,01/01/2024 22:04:48,0.85,0.89,FALSE,0,,FALSE,,
REC000382,CUST002,Mr Guy Parsons,dawsontom@ryan.biz,Bristol,MTR0002,Detached,01/01/2024 22:33:36,0.5,0.52,FALSE,0,,FALSE,,
REC000383,CUST002,Mr Guy Parsons,dawsontom@ryan.biz,Bristol,MTR0002,Detached,01/01/2024 23:02:24,0.97,0.95,FALSE,0,,FALSE,,
REC000384,CUST002,Mr Guy Parsons,dawsontom@ryan.biz,Bristol,MTR0002,Detached,01/01/2024 23:31:12,0.69,0.66,FALSE,0,,FALSE,,
REC000385,CUST002,Mr Guy Parsons,dawsontom@ryan.biz,Bristol,MTR0002,Detached,02/01/2024 00:00:00,0.83,0.9,FALSE,0,,FALSE,,
REC000386,CUST002,Mr Guy Parsons,dawsontom@ryan.biz,Bristol,MTR0002,Detached,02/01/2024 00:28:48,1.02,1.11,FALSE,0,,FALSE,,
REC000387,CUST002,Mr Guy Parsons,dawsontom@ryan.biz,Bristol,MTR0002,Detached,02/01/2024 00:57:36,0.14,0.31,FALSE,0,,FALSE,,
REC000388,CUST002,Mr Guy Parsons,dawsontom@ryan.biz,Bristol,MTR0002,Detached,02/01/2024 01:26:24,1.28,1.1,FALSE,0,,FALSE,,
REC000389,CUST002,Mr Guy Parsons,dawsontom@ryan.biz,Bristol,MTR0002,Detached,02/01/2024 01:55:12,0.92,1.04,FALSE,0,,FALSE,,
REC000390,CUST002,Mr Guy Parsons,dawsontom@ryan.biz,Bristol,MTR0002,Detached,02/01/2024 02:24:00,0.56,0.64,FALSE,0,,FALSE,,
REC000391,CUST002,Mr Guy Parsons,dawsontom@ryan.biz,Bristol,MTR0002,Detached,02/01/2024 03:07:12,0.91,0.83,FALSE,0,,FALSE,,
REC000392,CUST002,Mr Guy Parsons,dawsontom@ryan.biz,Bristol,MTR0002,Detached,02/01/2024 03:36:00,0.53,0.67,FALSE,0,,FALSE,,
REC000393,CUST002,Mr Guy Parsons,dawsontom@ryan.biz,Bristol,MTR0002,Detached,02/01/2024 04:04:48,0.62,0.8,FALSE,0,,FALSE,,
REC000394,CUST002,Mr Guy Parsons,dawsontom@ryan.biz,Bristol,MTR0002,Detached,02/01/2024 04:33:36,1.1,1.15,FALSE,0,,FALSE,,
REC000395,CUST002,Mr Guy Parsons,dawsontom@ryan.biz,Bristol,MTR0002,Detached,02/01/2024 05:02:24,1.09,0.99,FALSE,0,,FALSE,,
REC000396,CUST002,Mr Guy Parsons,dawsontom@ryan.biz,Bristol,MTR0002,Detached,02/01/2024 05:31:12,1.02,1.02,FALSE,0,,FALSE,,
REC000397,CUST002,Mr Guy Parsons,dawsontom@ryan.biz,Bristol,MTR0002,Detached,02/01/2024 06:00:00,0.9,0.68,FALSE,0,,FALSE,,
REC000398,CUST002,Mr Guy Parsons,dawsontom@ryan.biz,Bristol,MTR0002,Detached,02/01/2024 06:28:48,0.6,0.53,FALSE,0,,FALSE,,
REC000399,CUST002,Mr Guy Parsons,dawsontom@ryan.biz,Bristol,MTR0002,Detached,02/01/2024 06:57:36,0.3,0.43,FALSE,0,,FALSE,,
REC000400,CUST002,Mr Guy Parsons,dawsontom@ryan.biz,Bristol,MTR0002,Detached,02/01/2024 07:26:24,0.56,0.55,FALSE,0,,FALSE,,
REC000401,CUST002,Mr Guy Parsons,dawsontom@ryan.biz,Bristol,MTR0002,Detached,02/01/2024 07:55:12,0.16,0.32,FALSE,0,,FALSE,,
REC000402,CUST002,Mr Guy Parsons,dawsontom@ryan.biz,Bristol,MTR0002,Detached,02/01/2024 08:24:00,0.86,0.8,FALSE,0,,FALSE,,
REC000403,CUST002,Mr Guy Parsons,dawsontom@ryan.biz,Bristol,MTR0002,Detached,02/01/2024 09:07:12,0.84,0.89,FALSE,0,,FALSE,,
REC000404,CUST002,Mr Guy Parsons,dawsontom@ryan.biz,Bristol,MTR0002,Detached,02/01/2024 09:36:00,0.36,0.31,FALSE,0,,FALSE,,
REC000405,CUST002,Mr Guy Parsons,dawsontom@ryan.biz,Bristol,MTR0002,Detached,02/01/2024 10:04:48,0.58,0.42,FALSE,0,,FALSE,,
REC000406,CUST002,Mr Guy Parsons,dawsontom@ryan.biz,Bristol,MTR0002,Detached,02/01/2024 10:33:36,1.06,0.9,FALSE,0,,FALSE,,
REC000407,CUST002,Mr Guy Parsons,dawsontom@ryan.biz,Bristol,MTR0002,Detached,02/01/2024 11:02:24,0.44,0.46,FALSE,0,,FALSE,,
REC000408,CUST002,Mr Guy Parsons,dawsontom@ryan.biz,Bristol,MTR0002,Detached,02/01/2024 11:31:12,0.72,0.64,FALSE,0,,FALSE,,
REC000409,CUST002,Mr Guy Parsons,dawsontom@ryan.biz,Bristol,MTR0002,Detached,02/01/2024 12:00:00,0.74,0.77,FALSE,0,,FALSE,,
REC000410,CUST002,Mr Guy Parsons,dawsontom@ryan.biz,Bristol,MTR0002,Detached,02/01/2024 12:28:48,0.86,0.84,FALSE,0,,FALSE,,
REC000411,CUST002,Mr Guy Parsons,dawsontom@ryan.biz,Bristol,MTR0002,Detached,02/01/2024 12:57:36,0.37,0.52,FALSE,0,,FALSE,,
REC000412,CUST002,Mr Guy Parsons,dawsontom@ryan.biz,Bristol,MTR0002,Detached,02/01/2024 13:26:24,0.54,0.62,FALSE,0,,FALSE,,
REC000413,CUST002,Mr Guy Parsons,dawsontom@ryan.biz,Bristol,MTR0002,Detached,02/01/2024 13:55:12,1.01,0.95,FALSE,0,,FALSE,,
REC000414,CUST002,Mr Guy Parsons,dawsontom@ryan.biz,Bristol,MTR0002,Detached,02/01/2024 14:24:00,0.55,0.73,FALSE,0,,FALSE,,
REC000415,CUST002,Mr Guy Parsons,dawsontom@ryan.biz,Bristol,MTR0002,Detached,02/01/2024 15:07:12,0.91,0.9,FALSE,0,,FALSE,,
REC000416,CUST002,Mr Guy Parsons,dawsontom@ryan.biz,Bristol,MTR0002,Detached,02/01/2024 15:36:00,0.51,0.49,FALSE,0,,FALSE,,
REC000417,CUST002,Mr Guy Parsons,dawsontom@ryan.biz,Bristol,MTR0002,Detached,02/01/2024 16:04:48,0.39,0.33,FALSE,0,,FALSE,,
REC000418,CUST002,Mr Guy Parsons,dawsontom@ryan.biz,Bristol,MTR0002,Detached,02/01/2024 16:33:36,0.2,0.35,FALSE,0,,FALSE,,
REC000419,CUST002,Mr Guy Parsons,dawsontom@ryan.biz,Bristol,MTR0002,Detached,02/01/2024 17:02:24,0.58,0.75,FALSE,0,,FALSE,,
REC000420,CUST002,Mr Guy Parsons,dawsontom@ryan.biz,Bristol,MTR0002,Detached,02/01/2024 17:31:12,1.09,0.99,FALSE,0,,FALSE,,
REC000421,CUST002,Mr Guy Parsons,dawsontom@ryan.biz,Bristol,MTR0002,Detached,02/01/2024 18:00:00,0.42,0.4,FALSE,0,,FALSE,,
REC000422,CUST002,Mr Guy Parsons,dawsontom@ryan.biz,Bristol,MTR0002,Detached,02/01/2024 18:28:48,0.72,0.75,FALSE,0,,FALSE,,
REC000423,CUST002,Mr Guy Parsons,dawsontom@ryan.biz,Bristol,MTR0002,Detached,02/01/2024 18:57:36,0.76,0.92,FALSE,0,,FALSE,,
REC000424,CUST002,Mr Guy Parsons,dawsontom@ryan.biz,Bristol,MTR0002,Detached,02/01/2024 19:26:24,1,1.04,FALSE,0,,FALSE,,
REC000425,CUST002,Mr Guy Parsons,dawsontom@ryan.biz,Bristol,MTR0002,Detached,02/01/2024 19:55:12,0.91,1.02,FALSE,0,,FALSE,,
REC000426,CUST002,Mr Guy Parsons,dawsontom@ryan.biz,Bristol,MTR0002,Detached,02/01/2024 20:24:00,0.92,0.83,FALSE,0,,FALSE,,
REC000427,CUST002,Mr Guy Parsons,dawsontom@ryan.biz,Bristol,MTR0002,Detached,02/01/2024 21:07:12,0.49,0.62,FALSE,0,,FALSE,,
REC000428,CUST002,Mr Guy Parsons,dawsontom@ryan.biz,Bristol,MTR0002,Detached,02/01/2024 21:36:00,0.77,0.79,FALSE,0,,FALSE,,
REC000429,CUST002,Mr Guy Parsons,dawsontom@ryan.biz,Bristol,MTR0002,Detached,02/01/2024 22:04:48,1.17,1.09,FALSE,0,,FALSE,,
REC000430,CUST002,Mr Guy Parsons,dawsontom@ryan.biz,Bristol,MTR0002,Detached,02/01/2024 22:33:36,0.95,0.89,FALSE,0,,FALSE,,
REC000431,CUST002,Mr Guy Parsons,dawsontom@ryan.biz,Bristol,MTR0002,Detached,02/01/2024 23:02:24,0.87,0.92,FALSE,0,,FALSE,,
REC000432,CUST002,Mr Guy Parsons,dawsontom@ryan.biz,Bristol,MTR0002,Detached,02/01/2024 23:31:12,0.8,0.74,FALSE,0,,FALSE,,
REC000433,CUST002,Mr Guy Parsons,dawsontom@ryan.biz,Bristol,MTR0002,Detached,03/01/2024 00:00:00,0.58,0.5,FALSE,0,,FALSE,,
REC000434,CUST002,Mr Guy Parsons,dawsontom@ryan.biz,Bristol,MTR0002,Detached,03/01/2024 00:28:48,0.34,0.33,FALSE,0,,FALSE,,
REC000435,CUST002,Mr Guy Parsons,dawsontom@ryan.biz,Bristol,MTR0002,Detached,03/01/2024 00:57:36,0.97,0.93,FALSE,0,,FALSE,,
REC000436,CUST002,Mr Guy Parsons,dawsontom@ryan.biz,Bristol,MTR0002,Detached,03/01/2024 01:26:24,1.15,1.17,FALSE,0,,FALSE,,
REC000437,CUST002,Mr Guy Parsons,dawsontom@ryan.biz,Bristol,MTR0002,Detached,03/01/2024 01:55:12,1.26,1.15,FALSE,0,,FALSE,,
REC000438,CUST002,Mr Guy Parsons,dawsontom@ryan.biz,Bristol,MTR0002,Detached,03/01/2024 02:24:00,1.05,1.06,FALSE,0,,FALSE,,
REC000439,CUST002,Mr Guy Parsons,dawsontom@ryan.biz,Bristol,MTR0002,Detached,03/01/2024 03:07:12,0.45,0.59,FALSE,0,,FALSE,,
REC000440,CUST002,Mr Guy Parsons,dawsontom@ryan.biz,Bristol,MTR0002,Detached,03/01/2024 03:36:00,0.46,0.41,FALSE,0,,FALSE,,
REC000441,CUST002,Mr Guy Parsons,dawsontom@ryan.biz,Bristol,MTR0002,Detached,03/01/2024 04:04:48,0.27,0.37,FALSE,0,,FALSE,,
REC000442,CUST002,Mr Guy Parsons,dawsontom@ryan.biz,Bristol,MTR0002,Detached,03/01/2024 04:33:36,1.08,0.95,FALSE,0,,FALSE,,
REC000443,CUST002,Mr Guy Parsons,dawsontom@ryan.biz,Bristol,MTR0002,Detached,03/01/2024 05:02:24,0.4,0.36,FALSE,0,,FALSE,,
REC000444,CUST002,Mr Guy Parsons,dawsontom@ryan.biz,Bristol,MTR0002,Detached,03/01/2024 05:31:12,0.82,1.01,FALSE,0,,FALSE,,
REC000445,CUST002,Mr Guy Parsons,dawsontom@ryan.biz,Bristol,MTR0002,Detached,03/01/2024 06:00:00,0.68,0.59,FALSE,0,,FALSE,,
REC000446,CUST002,Mr Guy Parsons,dawsontom@ryan.biz,Bristol,MTR0002,Detached,03/01/2024 06:28:48,0.88,0.85,FALSE,0,,FALSE,,
REC000447,CUST002,Mr Guy Parsons,dawsontom@ryan.biz,Bristol,MTR0002,Detached,03/01/2024 06:57:36,0.58,0.51,FALSE,0,,FALSE,,
REC000448,CUST002,Mr Guy Parsons,dawsontom@ryan.biz,Bristol,MTR0002,Detached,03/01/2024 07:26:24,1.02,1.02,FALSE,0,,FALSE,,
REC000449,CUST002,Mr Guy Parsons,dawsontom@ryan.biz,Bristol,MTR0002,Detached,03/01/2024 07:55:12,1.32,1.2,FALSE,0,,FALSE,,
REC000450,CUST002,Mr Guy Parsons,dawsontom@ryan.biz,Bristol,MTR0002,Detached,03/01/2024 08:24:00,0.59,0.66,FALSE,0,,FALSE,,
REC000451,CUST002,Mr Guy Parsons,dawsontom@ryan.biz,Bristol,MTR0002,Detached,03/01/2024 09:07:12,0.82,0.73,FALSE,0,,FALSE,,
REC000452,CUST002,Mr Guy Parsons,dawsontom@ryan.biz,Bristol,MTR0002,Detached,03/01/2024 09:36:00,1.22,1.19,FALSE,0,,FALSE,,
REC000453,CUST002,Mr Guy Parsons,dawsontom@ryan.biz,Bristol,MTR0002,Detached,03/01/2024 10:04:48,0.82,0.99,FALSE,0,,FALSE,,
REC000454,CUST002,Mr Guy Parsons,dawsontom@ryan.biz,Bristol,MTR0002,Detached,03/01/2024 10:33:36,0.78,0.96,FALSE,0,,FALSE,,
REC000455,CUST002,Mr Guy Parsons,dawsontom@ryan.biz,Bristol,MTR0002,Detached,03/01/2024 11:02:24,0.48,0.51,FALSE,0,,FALSE,,
REC000456,CUST002,Mr Guy Parsons,dawsontom@ryan.biz,Bristol,MTR0002,Detached,03/01/2024 11:31:12,0.48,0.56,FALSE,0,,FALSE,,
REC000457,CUST002,Mr Guy Parsons,dawsontom@ryan.biz,Bristol,MTR0002,Detached,03/01/2024 12:00:00,0.38,0.57,FALSE,0,,FALSE,,
REC000458,CUST002,Mr Guy Parsons,dawsontom@ryan.biz,Bristol,MTR0002,Detached,03/01/2024 12:28:48,0.79,0.91,FALSE,0,,FALSE,,
REC000459,CUST002,Mr Guy Parsons,dawsontom@ryan.biz,Bristol,MTR0002,Detached,03/01/2024 12:57:36,0.48,0.5,FALSE,0,,FALSE,,
REC000460,CUST002,Mr Guy Parsons,dawsontom@ryan.biz,Bristol,MTR0002,Detached,03/01/2024 13:26:24,1.01,1.09,FALSE,0,,FALSE,,
REC000461,CUST002,Mr Guy Parsons,dawsontom@ryan.biz,Bristol,MTR0002,Detached,03/01/2024 13:55:12,1.38,1.15,FALSE,0,,FALSE,,
REC000462,CUST002,Mr Guy Parsons,dawsontom@ryan.biz,Bristol,MTR0002,Detached,03/01/2024 14:24:00,0.38,0.45,FALSE,0,,FALSE,,
REC000463,CUST002,Mr Guy Parsons,dawsontom@ryan.biz,Bristol,MTR0002,Detached,03/01/2024 15:07:12,1.31,1.19,FALSE,0,,FALSE,,
REC000464,CUST002,Mr Guy Parsons,dawsontom@ryan.biz,Bristol,MTR0002,Detached,03/01/2024 15:36:00,0.92,0.76,FALSE,0,,FALSE,,
REC000465,CUST002,Mr Guy Parsons,dawsontom@ryan.biz,Bristol,MTR0002,Detached,03/01/2024 16:04:48,0.46,0.51,FALSE,0,,FALSE,,
REC000466,CUST002,Mr Guy Parsons,dawsontom@ryan.biz,Bristol,MTR0002,Detached,03/01/2024 16:33:36,0.41,0.47,FALSE,0,,FALSE,,
REC000467,CUST002,Mr Guy Parsons,dawsontom@ryan.biz,Bristol,MTR0002,Detached,03/01/2024 17:02:24,0.95,1,FALSE,0,,FALSE,,
REC000468,CUST002,Mr Guy Parsons,dawsontom@ryan.biz,Bristol,MTR0002,Detached,03/01/2024 17:31:12,1.15,1.17,FALSE,0,,FALSE,,
REC000469,CUST002,Mr Guy Parsons,dawsontom@ryan.biz,Bristol,MTR0002,Detached,03/01/2024 18:00:00,1.06,1.1,FALSE,0,,FALSE,,
REC000470,CUST002,Mr Guy Parsons,dawsontom@ryan.biz,Bristol,MTR0002,Detached,03/01/2024 18:28:48,0.86,0.98,FALSE,0,,FALSE,,
REC000471,CUST002,Mr Guy Parsons,dawsontom@ryan.biz,Bristol,MTR0002,Detached,03/01/2024 18:57:36,0.96,0.93,FALSE,0,,FALSE,,
REC000472,CUST002,Mr Guy Parsons,dawsontom@ryan.biz,Bristol,MTR0002,Detached,03/01/2024 19:26:24,0.46,0.5,FALSE,0,,FALSE,,
REC000473,CUST002,Mr Guy Parsons,dawsontom@ryan.biz,Bristol,MTR0002,Detached,03/01/2024 19:55:12,0.74,0.5,TRUE,48,Overnight appliance,TRUE,1/3/2024 20:08,TRUE
REC000474,CUST002,Mr Guy Parsons,dawsontom@ryan.biz,Bristol,MTR0002,Detached,03/01/2024 20:24:00,0.91,0.82,FALSE,0,,FALSE,,
REC000475,CUST002,Mr Guy Parsons,dawsontom@ryan.biz,Bristol,MTR0002,Detached,03/01/2024 21:07:12,0.34,0.38,FALSE,0,,FALSE,,
REC000476,CUST002,Mr Guy Parsons,dawsontom@ryan.biz,Bristol,MTR0002,Detached,03/01/2024 21:36:00,0.48,0.42,FALSE,0,,FALSE,,
REC000477,CUST002,Mr Guy Parsons,dawsontom@ryan.biz,Bristol,MTR0002,Detached,03/01/2024 22:04:48,1.15,1.1,FALSE,0,,FALSE,,
REC000478,CUST002,Mr Guy Parsons,dawsontom@ryan.biz,Bristol,MTR0002,Detached,03/01/2024 22:33:36,0.91,0.8,FALSE,0,,FALSE,,
REC000479,CUST002,Mr Guy Parsons,dawsontom@ryan.biz,Bristol,MTR0002,Detached,03/01/2024 23:02:24,0.21,0.38,FALSE,0,,FALSE,,
REC000480,CUST002,Mr Guy Parsons,dawsontom@ryan.biz,Bristol,MTR0002,Detached,03/01/2024 23:31:12,0.4,0.53,FALSE,0,,FALSE,,
REC000481,CUST002,Mr Guy Parsons,dawsontom@ryan.biz,Bristol,MTR0002,Detached,04/01/2024 00:00:00,0.87,0.95,FALSE,0,,FALSE,,
REC000482,CUST002,Mr Guy Parsons,dawsontom@ryan.biz,Bristol,MTR0002,Detached,04/01/2024 00:28:48,0.5,0.5,FALSE,0,,FALSE,,
REC000483,CUST002,Mr Guy Parsons,dawsontom@ryan.biz,Bristol,MTR0002,Detached,04/01/2024 00:57:36,0.56,0.91,FALSE,0,,FALSE,,
REC000484,CUST002,Mr Guy Parsons,dawsontom@ryan.biz,Bristol,MTR0002,Detached,04/01/2024 01:26:24,0.74,0.83,FALSE,0,,FALSE,,
REC000485,CUST002,Mr Guy Parsons,dawsontom@ryan.biz,Bristol,MTR0002,Detached,04/01/2024 01:55:12,1.17,1.04,FALSE,0,,FALSE,,
REC000486,CUST002,Mr Guy Parsons,dawsontom@ryan.biz,Bristol,MTR0002,Detached,04/01/2024 02:24:00,0.7,0.81,FALSE,0,,FALSE,,
REC000487,CUST002,Mr Guy Parsons,dawsontom@ryan.biz,Bristol,MTR0002,Detached,04/01/2024 03:07:12,0.56,0.54,FALSE,0,,FALSE,,
REC000488,CUST002,Mr Guy Parsons,dawsontom@ryan.biz,Bristol,MTR0002,Detached,04/01/2024 03:36:00,0.92,0.89,FALSE,0,,FALSE,,
REC000489,CUST002,Mr Guy Parsons,dawsontom@ryan.biz,Bristol,MTR0002,Detached,04/01/2024 04:04:48,1.11,1.07,FALSE,0,,FALSE,,
REC000490,CUST002,Mr Guy Parsons,dawsontom@ryan.biz,Bristol,MTR0002,Detached,04/01/2024 04:33:36,1.12,1.05,FALSE,0,,FALSE,,
REC000491,CUST002,Mr Guy Parsons,dawsontom@ryan.biz,Bristol,MTR0002,Detached,04/01/2024 05:02:24,1.03,0.93,FALSE,0,,FALSE,,
REC000492,CUST002,Mr Guy Parsons,dawsontom@ryan.biz,Bristol,MTR0002,Detached,04/01/2024 05:31:12,1.13,0.98,FALSE,0,,FALSE,,
REC000493,CUST002,Mr Guy Parsons,dawsontom@ryan.biz,Bristol,MTR0002,Detached,04/01/2024 06:00:00,0.4,0.44,FALSE,0,,FALSE,,
REC000494,CUST002,Mr Guy Parsons,dawsontom@ryan.biz,Bristol,MTR0002,Detached,04/01/2024 06:28:48,0.89,0.97,FALSE,0,,FALSE,,
REC000495,CUST002,Mr Guy Parsons,dawsontom@ryan.biz,Bristol,MTR0002,Detached,04/01/2024 06:57:36,0.48,0.44,FALSE,0,,FALSE,,
REC000496,CUST002,Mr Guy Parsons,dawsontom@ryan.biz,Bristol,MTR0002,Detached,04/01/2024 07:26:24,0.8,0.76,FALSE,0,,FALSE,,
REC000497,CUST002,Mr Guy Parsons,dawsontom@ryan.biz,Bristol,MTR0002,Detached,04/01/2024 07:55:12,0.39,0.31,FALSE,0,,FALSE,,
REC000498,CUST002,Mr Guy Parsons,dawsontom@ryan.biz,Bristol,MTR0002,Detached,04/01/2024 08:24:00,1.03,1.18,FALSE,0,,FALSE,,
REC000499,CUST002,Mr Guy Parsons,dawsontom@ryan.biz,Bristol,MTR0002,Detached,04/01/2024 09:07:12,0.95,0.87,FALSE,0,,FALSE,,
REC000500,CUST002,Mr Guy Parsons,dawsontom@ryan.biz,Bristol,MTR0002,Detached,04/01/2024 09:36:00,0.65,0.79,FALSE,0,,FALSE,,
REC000501,CUST002,Mr Guy Parsons,dawsontom@ryan.biz,Bristol,MTR0002,Detached,04/01/2024 10:04:48,1.03,1,FALSE,0,,FALSE,,
REC000502,CUST002,Mr Guy Parsons,dawsontom@ryan.biz,Bristol,MTR0002,Detached,04/01/2024 10:33:36,0.75,0.79,FALSE,0,,FALSE,,
REC000503,CUST002,Mr Guy Parsons,dawsontom@ryan.biz,Bristol,MTR0002,Detached,04/01/2024 11:02:24,1.29,1.17,FALSE,0,,FALSE,,
REC000504,CUST002,Mr Guy Parsons,dawsontom@ryan.biz,Bristol,MTR0002,Detached,04/01/2024 11:31:12,1,1.14,FALSE,0,,FALSE,,
REC000505,CUST002,Mr Guy Parsons,dawsontom@ryan.biz,Bristol,MTR0002,Detached,04/01/2024 12:00:00,0.41,0.39,FALSE,0,,FALSE,,
REC000506,CUST002,Mr Guy Parsons,dawsontom@ryan.biz,Bristol,MTR0002,Detached,04/01/2024 12:28:48,0.4,0.36,FALSE,0,,FALSE,,
REC000507,CUST002,Mr Guy Parsons,dawsontom@ryan.biz,Bristol,MTR0002,Detached,04/01/2024 12:57:36,0.53,0.57,FALSE,0,,FALSE,,
REC000508,CUST002,Mr Guy Parsons,dawsontom@ryan.biz,Bristol,MTR0002,Detached,04/01/2024 13:26:24,0.84,0.82,FALSE,0,,FALSE,,
REC000509,CUST002,Mr Guy Parsons,dawsontom@ryan.biz,Bristol,MTR0002,Detached,04/01/2024 13:55:12,0.56,0.61,FALSE,0,,FALSE,,
REC000510,CUST002,Mr Guy Parsons,dawsontom@ryan.biz,Bristol,MTR0002,Detached,04/01/2024 14:24:00,1.09,1.08,FALSE,0,,FALSE,,
REC000511,CUST002,Mr Guy Parsons,dawsontom@ryan.biz,Bristol,MTR0002,Detached,04/01/2024 15:07:12,1.22,1.18,FALSE,0,,FALSE,,
REC000512,CUST002,Mr Guy Parsons,dawsontom@ryan.biz,Bristol,MTR0002,Detached,04/01/2024 15:36:00,0.27,0.32,FALSE,0,,FALSE,,
REC000513,CUST002,Mr Guy Parsons,dawsontom@ryan.biz,Bristol,MTR0002,Detached,04/01/2024 16:04:48,0.31,0.32,FALSE,0,,FALSE,,
REC000514,CUST002,Mr Guy Parsons,dawsontom@ryan.biz,Bristol,MTR0002,Detached,04/01/2024 16:33:36,0.79,0.99,FALSE,0,,FALSE,,
REC000515,CUST002,Mr Guy Parsons,dawsontom@ryan.biz,Bristol,MTR0002,Detached,04/01/2024 17:02:24,0.74,0.91,FALSE,0,,FALSE,,
REC000516,CUST002,Mr Guy Parsons,dawsontom@ryan.biz,Bristol,MTR0002,Detached,04/01/2024 17:31:12,1.16,1.2,FALSE,0,,FALSE,,
REC000517,CUST002,Mr Guy Parsons,dawsontom@ryan.biz,Bristol,MTR0002,Detached,04/01/2024 18:00:00,0.56,0.68,FALSE,0,,FALSE,,
REC000518,CUST002,Mr Guy Parsons,dawsontom@ryan.biz,Bristol,MTR0002,Detached,04/01/2024 18:28:48,1,1.02,FALSE,0,,FALSE,,
REC000519,CUST002,Mr Guy Parsons,dawsontom@ryan.biz,Bristol,MTR0002,Detached,04/01/2024 18:57:36,1.03,0.92,FALSE,0,,FALSE,,
REC000520,CUST002,Mr Guy Parsons,dawsontom@ryan.biz,Bristol,MTR0002,Detached,04/01/2024 19:26:24,0.68,0.55,FALSE,0,,FALSE,,
REC000521,CUST002,Mr Guy Parsons,dawsontom@ryan.biz,Bristol,MTR0002,Detached,04/01/2024 19:55:12,1.14,1.16,FALSE,0,,FALSE,,
REC000522,CUST002,Mr Guy Parsons,dawsontom@ryan.biz,Bristol,MTR0002,Detached,04/01/2024 20:24:00,1.04,1.15,FALSE,0,,FALSE,,
REC000523,CUST002,Mr Guy Parsons,dawsontom@ryan.biz,Bristol,MTR0002,Detached,04/01/2024 21:07:12,0.56,0.68,FALSE,0,,FALSE,,
REC000524,CUST002,Mr Guy Parsons,dawsontom@ryan.biz,Bristol,MTR0002,Detached,04/01/2024 21:36:00,0.72,0.55,FALSE,0,,FALSE,,
REC000525,CUST002,Mr Guy Parsons,dawsontom@ryan.biz,Bristol,MTR0002,Detached,04/01/2024 22:04:48,1.28,1.19,FALSE,0,,FALSE,,
REC000526,CUST002,Mr Guy Parsons,dawsontom@ryan.biz,Bristol,MTR0002,Detached,04/01/2024 22:33:36,0.49,0.51,FALSE,0,,FALSE,,
REC000527,CUST002,Mr Guy Parsons,dawsontom@ryan.biz,Bristol,MTR0002,Detached,04/01/2024 23:02:24,0.5,0.49,FALSE,0,,FALSE,,
REC000528,CUST002,Mr Guy Parsons,dawsontom@ryan.biz,Bristol,MTR0002,Detached,04/01/2024 23:31:12,0.61,0.63,FALSE,0,,FALSE,,
REC000529,CUST002,Mr Guy Parsons,dawsontom@ryan.biz,Bristol,MTR0002,Detached,05/01/2024 00:00:00,1.13,1.08,FALSE,0,,FALSE,,
REC000530,CUST002,Mr Guy Parsons,dawsontom@ryan.biz,Bristol,MTR0002,Detached,05/01/2024 00:28:48,0.47,0.47,FALSE,0,,FALSE,,
REC000531,CUST002,Mr Guy Parsons,dawsontom@ryan.biz,Bristol,MTR0002,Detached,05/01/2024 00:57:36,1.15,1.08,FALSE,0,,FALSE,,
REC000532,CUST002,Mr Guy Parsons,dawsontom@ryan.biz,Bristol,MTR0002,Detached,05/01/2024 01:26:24,1.13,1.06,FALSE,0,,FALSE,,
REC000533,CUST002,Mr Guy Parsons,dawsontom@ryan.biz,Bristol,MTR0002,Detached,05/01/2024 01:55:12,0.89,0.98,FALSE,0,,FALSE,,
REC000534,CUST002,Mr Guy Parsons,dawsontom@ryan.biz,Bristol,MTR0002,Detached,05/01/2024 02:24:00,0.36,0.33,FALSE,0,,FALSE,,
REC000535,CUST002,Mr Guy Parsons,dawsontom@ryan.biz,Bristol,MTR0002,Detached,05/01/2024 03:07:12,1.25,1.13,FALSE,0,,FALSE,,
REC000536,CUST002,Mr Guy Parsons,dawsontom@ryan.biz,Bristol,MTR0002,Detached,05/01/2024 03:36:00,0.78,0.73,FALSE,0,,FALSE,,
REC000537,CUST002,Mr Guy Parsons,dawsontom@ryan.biz,Bristol,MTR0002,Detached,05/01/2024 04:04:48,0.45,0.41,FALSE,0,,FALSE,,
REC000538,CUST002,Mr Guy Parsons,dawsontom@ryan.biz,Bristol,MTR0002,Detached,05/01/2024 04:33:36,0.61,0.69,FALSE,0,,FALSE,,
REC000539,CUST002,Mr Guy Parsons,dawsontom@ryan.biz,Bristol,MTR0002,Detached,05/01/2024 05:02:24,0.41,0.48,FALSE,0,,FALSE,,
REC000540,CUST002,Mr Guy Parsons,dawsontom@ryan.biz,Bristol,MTR0002,Detached,05/01/2024 05:31:12,0.82,0.82,FALSE,0,,FALSE,,
REC000541,CUST002,Mr Guy Parsons,dawsontom@ryan.biz,Bristol,MTR0002,Detached,05/01/2024 06:00:00,0.48,0.54,FALSE,0,,FALSE,,
REC000542,CUST002,Mr Guy Parsons,dawsontom@ryan.biz,Bristol,MTR0002,Detached,05/01/2024 06:28:48,0.81,0.71,FALSE,0,,FALSE,,
REC000543,CUST002,Mr Guy Parsons,dawsontom@ryan.biz,Bristol,MTR0002,Detached,05/01/2024 06:57:36,0.29,0.31,FALSE,0,,FALSE,,
REC000544,CUST002,Mr Guy Parsons,dawsontom@ryan.biz,Bristol,MTR0002,Detached,05/01/2024 07:26:24,0.66,0.73,FALSE,0,,FALSE,,
REC000545,CUST002,Mr Guy Parsons,dawsontom@ryan.biz,Bristol,MTR0002,Detached,05/01/2024 07:55:12,0.94,0.84,FALSE,0,,FALSE,,
REC000546,CUST002,Mr Guy Parsons,dawsontom@ryan.biz,Bristol,MTR0002,Detached,05/01/2024 08:24:00,0.96,1.07,FALSE,0,,FALSE,,
REC000547,CUST002,Mr Guy Parsons,dawsontom@ryan.biz,Bristol,MTR0002,Detached,05/01/2024 09:07:12,1,1,FALSE,0,,FALSE,,
REC000548,CUST002,Mr Guy Parsons,dawsontom@ryan.biz,Bristol,MTR0002,Detached,05/01/2024 09:36:00,0.33,0.39,FALSE,0,,FALSE,,
REC000549,CUST002,Mr Guy Parsons,dawsontom@ryan.biz,Bristol,MTR0002,Detached,05/01/2024 10:04:48,0.76,0.52,TRUE,46.15,Guest visit,TRUE,1/5/2024 10:30,TRUE
REC000550,CUST002,Mr Guy Parsons,dawsontom@ryan.biz,Bristol,MTR0002,Detached,05/01/2024 10:33:36,0.93,0.93,FALSE,0,,FALSE,,
REC000551,CUST002,Mr Guy Parsons,dawsontom@ryan.biz,Bristol,MTR0002,Detached,05/01/2024 11:02:24,0.71,0.8,FALSE,0,,FALSE,,
REC000552,CUST002,Mr Guy Parsons,dawsontom@ryan.biz,Bristol,MTR0002,Detached,05/01/2024 11:31:12,0.62,0.62,FALSE,0,,FALSE,,
REC000553,CUST002,Mr Guy Parsons,dawsontom@ryan.biz,Bristol,MTR0002,Detached,05/01/2024 12:00:00,0.31,0.33,FALSE,0,,FALSE,,
REC000554,CUST002,Mr Guy Parsons,dawsontom@ryan.biz,Bristol,MTR0002,Detached,05/01/2024 12:28:48,0.35,0.42,FALSE,0,,FALSE,,
REC000555,CUST002,Mr Guy Parsons,dawsontom@ryan.biz,Bristol,MTR0002,Detached,05/01/2024 12:57:36,0.91,0.81,FALSE,0,,FALSE,,
REC000556,CUST002,Mr Guy Parsons,dawsontom@ryan.biz,Bristol,MTR0002,Detached,05/01/2024 13:26:24,0.54,0.48,FALSE,0,,FALSE,,
REC000557,CUST002,Mr Guy Parsons,dawsontom@ryan.biz,Bristol,MTR0002,Detached,05/01/2024 13:55:12,0.48,0.45,FALSE,0,,FALSE,,
REC000558,CUST002,Mr Guy Parsons,dawsontom@ryan.biz,Bristol,MTR0002,Detached,05/01/2024 14:24:00,0.86,0.94,FALSE,0,,FALSE,,
REC000559,CUST002,Mr Guy Parsons,dawsontom@ryan.biz,Bristol,MTR0002,Detached,05/01/2024 15:07:12,0.51,0.33,TRUE,54.55,Overnight appliance,TRUE,1/5/2024 15:27,FALSE
REC000560,CUST002,Mr Guy Parsons,dawsontom@ryan.biz,Bristol,MTR0002,Detached,05/01/2024 15:36:00,1.12,1.08,FALSE,0,,FALSE,,
REC000561,CUST002,Mr Guy Parsons,dawsontom@ryan.biz,Bristol,MTR0002,Detached,05/01/2024 16:04:48,0.88,0.94,FALSE,0,,FALSE,,
REC000562,CUST002,Mr Guy Parsons,dawsontom@ryan.biz,Bristol,MTR0002,Detached,05/01/2024 16:33:36,1.14,1.03,FALSE,0,,FALSE,,
REC000563,CUST002,Mr Guy Parsons,dawsontom@ryan.biz,Bristol,MTR0002,Detached,05/01/2024 17:02:24,0.38,0.37,FALSE,0,,FALSE,,
REC000564,CUST002,Mr Guy Parsons,dawsontom@ryan.biz,Bristol,MTR0002,Detached,05/01/2024 17:31:12,1.14,1.04,FALSE,0,,FALSE,,
REC000565,CUST002,Mr Guy Parsons,dawsontom@ryan.biz,Bristol,MTR0002,Detached,05/01/2024 18:00:00,0.75,0.71,FALSE,0,,FALSE,,
REC000566,CUST002,Mr Guy Parsons,dawsontom@ryan.biz,Bristol,MTR0002,Detached,05/01/2024 18:28:48,1.18,0.96,FALSE,0,,FALSE,,
REC000567,CUST002,Mr Guy Parsons,dawsontom@ryan.biz,Bristol,MTR0002,Detached,05/01/2024 18:57:36,0.27,0.37,FALSE,0,,FALSE,,
REC000568,CUST002,Mr Guy Parsons,dawsontom@ryan.biz,Bristol,MTR0002,Detached,05/01/2024 19:26:24,0.96,1.01,FALSE,0,,FALSE,,
REC000569,CUST002,Mr Guy Parsons,dawsontom@ryan.biz,Bristol,MTR0002,Detached,05/01/2024 19:55:12,1.19,0.89,FALSE,0,,FALSE,,
REC000570,CUST002,Mr Guy Parsons,dawsontom@ryan.biz,Bristol,MTR0002,Detached,05/01/2024 20:24:00,0.94,0.95,FALSE,0,,FALSE,,
REC000571,CUST002,Mr Guy Parsons,dawsontom@ryan.biz,Bristol,MTR0002,Detached,05/01/2024 21:07:12,0.4,0.51,FALSE,0,,FALSE,,
REC000572,CUST002,Mr Guy Parsons,dawsontom@ryan.biz,Bristol,MTR0002,Detached,05/01/2024 21:36:00,0.97,0.91,FALSE,0,,FALSE,,
REC000573,CUST002,Mr Guy Parsons,dawsontom@ryan.biz,Bristol,MTR0002,Detached,05/01/2024 22:04:48,0.47,0.36,FALSE,0,,FALSE,,
REC000574,CUST002,Mr Guy Parsons,dawsontom@ryan.biz,Bristol,MTR0002,Detached,05/01/2024 22:33:36,0.94,0.95,FALSE,0,,FALSE,,
REC000575,CUST002,Mr Guy Parsons,dawsontom@ryan.biz,Bristol,MTR0002,Detached,05/01/2024 23:02:24,0.78,0.97,FALSE,0,,FALSE,,
REC000576,CUST002,Mr Guy Parsons,dawsontom@ryan.biz,Bristol,MTR0002,Detached,05/01/2024 23:31:12,0.54,0.63,FALSE,0,,FALSE,,
REC000577,CUST002,Mr Guy Parsons,dawsontom@ryan.biz,Bristol,MTR0002,Detached,06/01/2024 00:00:00,1.03,1.19,FALSE,0,,FALSE,,
REC000578,CUST002,Mr Guy Parsons,dawsontom@ryan.biz,Bristol,MTR0002,Detached,06/01/2024 00:28:48,1.15,0.95,FALSE,0,,FALSE,,
REC000579,CUST002,Mr Guy Parsons,dawsontom@ryan.biz,Bristol,MTR0002,Detached,06/01/2024 00:57:36,0.58,0.74,FALSE,0,,FALSE,,
REC000580,CUST002,Mr Guy Parsons,dawsontom@ryan.biz,Bristol,MTR0002,Detached,06/01/2024 01:26:24,0.77,0.83,FALSE,0,,FALSE,,
REC000581,CUST002,Mr Guy Parsons,dawsontom@ryan.biz,Bristol,MTR0002,Detached,06/01/2024 01:55:12,1.17,1.12,FALSE,0,,FALSE,,
REC000582,CUST002,Mr Guy Parsons,dawsontom@ryan.biz,Bristol,MTR0002,Detached,06/01/2024 02:24:00,0.74,0.87,FALSE,0,,FALSE,,
REC000583,CUST002,Mr Guy Parsons,dawsontom@ryan.biz,Bristol,MTR0002,Detached,06/01/2024 03:07:12,1,0.96,FALSE,0,,FALSE,,
REC000584,CUST002,Mr Guy Parsons,dawsontom@ryan.biz,Bristol,MTR0002,Detached,06/01/2024 03:36:00,1.05,1.12,FALSE,0,,FALSE,,
REC000585,CUST002,Mr Guy Parsons,dawsontom@ryan.biz,Bristol,MTR0002,Detached,06/01/2024 04:04:48,0.49,0.46,FALSE,0,,FALSE,,
REC000586,CUST002,Mr Guy Parsons,dawsontom@ryan.biz,Bristol,MTR0002,Detached,06/01/2024 04:33:36,0.71,0.74,FALSE,0,,FALSE,,
REC000587,CUST002,Mr Guy Parsons,dawsontom@ryan.biz,Bristol,MTR0002,Detached,06/01/2024 05:02:24,0.5,0.52,FALSE,0,,FALSE,,
REC000588,CUST002,Mr Guy Parsons,dawsontom@ryan.biz,Bristol,MTR0002,Detached,06/01/2024 05:31:12,0.87,0.76,FALSE,0,,FALSE,,
REC000589,CUST002,Mr Guy Parsons,dawsontom@ryan.biz,Bristol,MTR0002,Detached,06/01/2024 06:00:00,0.5,0.62,FALSE,0,,FALSE,,
REC000590,CUST002,Mr Guy Parsons,dawsontom@ryan.biz,Bristol,MTR0002,Detached,06/01/2024 06:28:48,0.68,0.65,FALSE,0,,FALSE,,
REC000591,CUST002,Mr Guy Parsons,dawsontom@ryan.biz,Bristol,MTR0002,Detached,06/01/2024 06:57:36,1.25,1.17,FALSE,0,,FALSE,,
REC000592,CUST002,Mr Guy Parsons,dawsontom@ryan.biz,Bristol,MTR0002,Detached,06/01/2024 07:26:24,0.47,0.59,FALSE,0,,FALSE,,
REC000593,CUST002,Mr Guy Parsons,dawsontom@ryan.biz,Bristol,MTR0002,Detached,06/01/2024 07:55:12,0.84,1,FALSE,0,,FALSE,,
REC000594,CUST002,Mr Guy Parsons,dawsontom@ryan.biz,Bristol,MTR0002,Detached,06/01/2024 08:24:00,0.34,0.37,FALSE,0,,FALSE,,
REC000595,CUST002,Mr Guy Parsons,dawsontom@ryan.biz,Bristol,MTR0002,Detached,06/01/2024 09:07:12,0.24,0.45,FALSE,0,,FALSE,,
REC000596,CUST002,Mr Guy Parsons,dawsontom@ryan.biz,Bristol,MTR0002,Detached,06/01/2024 09:36:00,1.08,1.05,FALSE,0,,FALSE,,
REC000597,CUST002,Mr Guy Parsons,dawsontom@ryan.biz,Bristol,MTR0002,Detached,06/01/2024 10:04:48,0.75,0.69,FALSE,0,,FALSE,,
REC000598,CUST002,Mr Guy Parsons,dawsontom@ryan.biz,Bristol,MTR0002,Detached,06/01/2024 10:33:36,0.8,0.94,FALSE,0,,FALSE,,
REC000599,CUST002,Mr Guy Parsons,dawsontom@ryan.biz,Bristol,MTR0002,Detached,06/01/2024 11:02:24,0.53,0.45,FALSE,0,,FALSE,,
REC000600,CUST002,Mr Guy Parsons,dawsontom@ryan.biz,Bristol,MTR0002,Detached,06/01/2024 11:31:12,0.85,0.73,FALSE,0,,FALSE,,
REC000601,CUST002,Mr Guy Parsons,dawsontom@ryan.biz,Bristol,MTR0002,Detached,06/01/2024 12:00:00,1.1,1.06,FALSE,0,,FALSE,,
REC000602,CUST002,Mr Guy Parsons,dawsontom@ryan.biz,Bristol,MTR0002,Detached,06/01/2024 12:28:48,1.21,1.08,FALSE,0,,FALSE,,
REC000603,CUST002,Mr Guy Parsons,dawsontom@ryan.biz,Bristol,MTR0002,Detached,06/01/2024 12:57:36,0.46,0.49,FALSE,0,,FALSE,,
REC000604,CUST002,Mr Guy Parsons,dawsontom@ryan.biz,Bristol,MTR0002,Detached,06/01/2024 13:26:24,0.29,0.35,FALSE,0,,FALSE,,
REC000605,CUST002,Mr Guy Parsons,dawsontom@ryan.biz,Bristol,MTR0002,Detached,06/01/2024 13:55:12,0.77,0.78,FALSE,0,,FALSE,,
REC000606,CUST002,Mr Guy Parsons,dawsontom@ryan.biz,Bristol,MTR0002,Detached,06/01/2024 14:24:00,1.04,1.14,FALSE,0,,FALSE,,
REC000607,CUST002,Mr Guy Parsons,dawsontom@ryan.biz,Bristol,MTR0002,Detached,06/01/2024 15:07:12,0.52,0.58,FALSE,0,,FALSE,,
REC000608,CUST002,Mr Guy Parsons,dawsontom@ryan.biz,Bristol,MTR0002,Detached,06/01/2024 15:36:00,0.43,0.43,FALSE,0,,FALSE,,
REC000609,CUST002,Mr Guy Parsons,dawsontom@ryan.biz,Bristol,MTR0002,Detached,06/01/2024 16:04:48,1.2,1.19,FALSE,0,,FALSE,,
REC000610,CUST002,Mr Guy Parsons,dawsontom@ryan.biz,Bristol,MTR0002,Detached,06/01/2024 16:33:36,1.13,1.08,FALSE,0,,FALSE,,
REC000611,CUST002,Mr Guy Parsons,dawsontom@ryan.biz,Bristol,MTR0002,Detached,06/01/2024 17:02:24,0.5,0.71,FALSE,0,,FALSE,,
REC000612,CUST002,Mr Guy Parsons,dawsontom@ryan.biz,Bristol,MTR0002,Detached,06/01/2024 17:31:12,1.19,0.9,FALSE,0,,FALSE,,
REC000613,CUST002,Mr Guy Parsons,dawsontom@ryan.biz,Bristol,MTR0002,Detached,06/01/2024 18:00:00,0.34,0.43,FALSE,0,,FALSE,,
REC000614,CUST002,Mr Guy Parsons,dawsontom@ryan.biz,Bristol,MTR0002,Detached,06/01/2024 18:28:48,0.97,0.91,FALSE,0,,FALSE,,
REC000615,CUST002,Mr Guy Parsons,dawsontom@ryan.biz,Bristol,MTR0002,Detached,06/01/2024 18:57:36,1.2,1.17,FALSE,0,,FALSE,,
REC000616,CUST002,Mr Guy Parsons,dawsontom@ryan.biz,Bristol,MTR0002,Detached,06/01/2024 19:26:24,0.63,0.7,FALSE,0,,FALSE,,
REC000617,CUST002,Mr Guy Parsons,dawsontom@ryan.biz,Bristol,MTR0002,Detached,06/01/2024 19:55:12,1.13,1.08,FALSE,0,,FALSE,,
REC000618,CUST002,Mr Guy Parsons,dawsontom@ryan.biz,Bristol,MTR0002,Detached,06/01/2024 20:24:00,0.96,1.05,FALSE,0,,FALSE,,
REC000619,CUST002,Mr Guy Parsons,dawsontom@ryan.biz,Bristol,MTR0002,Detached,06/01/2024 21:07:12,1.15,1.15,FALSE,0,,FALSE,,
REC000620,CUST002,Mr Guy Parsons,dawsontom@ryan.biz,Bristol,MTR0002,Detached,06/01/2024 21:36:00,1.06,0.86,FALSE,0,,FALSE,,
REC000621,CUST002,Mr Guy Parsons,dawsontom@ryan.biz,Bristol,MTR0002,Detached,06/01/2024 22:04:48,1.04,1.08,FALSE,0,,FALSE,,
REC000622,CUST002,Mr Guy Parsons,dawsontom@ryan.biz,Bristol,MTR0002,Detached,06/01/2024 22:33:36,1.15,1.14,FALSE,0,,FALSE,,
REC000623,CUST002,Mr Guy Parsons,dawsontom@ryan.biz,Bristol,MTR0002,Detached,06/01/2024 23:02:24,0.81,0.92,FALSE,0,,FALSE,,
REC000624,CUST002,Mr Guy Parsons,dawsontom@ryan.biz,Bristol,MTR0002,Detached,06/01/2024 23:31:12,0.96,0.89,FALSE,0,,FALSE,,
REC000625,CUST002,Mr Guy Parsons,dawsontom@ryan.biz,Bristol,MTR0002,Detached,07/01/2024 00:00:00,0.57,0.65,FALSE,0,,FALSE,,
REC000626,CUST002,Mr Guy Parsons,dawsontom@ryan.biz,Bristol,MTR0002,Detached,07/01/2024 00:28:48,0.92,0.89,FALSE,0,,FALSE,,
REC000627,CUST002,Mr Guy Parsons,dawsontom@ryan.biz,Bristol,MTR0002,Detached,07/01/2024 00:57:36,1.3,1.2,FALSE,0,,FALSE,,
REC000628,CUST002,Mr Guy Parsons,dawsontom@ryan.biz,Bristol,MTR0002,Detached,07/01/2024 01:26:24,0.97,1,FALSE,0,,FALSE,,
REC000629,CUST002,Mr Guy Parsons,dawsontom@ryan.biz,Bristol,MTR0002,Detached,07/01/2024 01:55:12,0.87,0.81,FALSE,0,,FALSE,,
REC000630,CUST002,Mr Guy Parsons,dawsontom@ryan.biz,Bristol,MTR0002,Detached,07/01/2024 02:24:00,0.7,0.66,FALSE,0,,FALSE,,
REC000631,CUST002,Mr Guy Parsons,dawsontom@ryan.biz,Bristol,MTR0002,Detached,07/01/2024 03:07:12,0.69,0.59,FALSE,0,,FALSE,,
REC000632,CUST002,Mr Guy Parsons,dawsontom@ryan.biz,Bristol,MTR0002,Detached,07/01/2024 03:36:00,1.05,0.99,FALSE,0,,FALSE,,
REC000633,CUST002,Mr Guy Parsons,dawsontom@ryan.biz,Bristol,MTR0002,Detached,07/01/2024 04:04:48,1.15,1.02,FALSE,0,,FALSE,,
REC000634,CUST002,Mr Guy Parsons,dawsontom@ryan.biz,Bristol,MTR0002,Detached,07/01/2024 04:33:36,0.38,0.41,FALSE,0,,FALSE,,
REC000635,CUST002,Mr Guy Parsons,dawsontom@ryan.biz,Bristol,MTR0002,Detached,07/01/2024 05:02:24,0.66,0.79,FALSE,0,,FALSE,,
REC000636,CUST002,Mr Guy Parsons,dawsontom@ryan.biz,Bristol,MTR0002,Detached,07/01/2024 05:31:12,0.77,0.93,FALSE,0,,FALSE,,
REC000637,CUST002,Mr Guy Parsons,dawsontom@ryan.biz,Bristol,MTR0002,Detached,07/01/2024 06:00:00,0.49,0.65,FALSE,0,,FALSE,,
REC000638,CUST002,Mr Guy Parsons,dawsontom@ryan.biz,Bristol,MTR0002,Detached,07/01/2024 06:28:48,0.61,0.64,FALSE,0,,FALSE,,
REC000639,CUST002,Mr Guy Parsons,dawsontom@ryan.biz,Bristol,MTR0002,Detached,07/01/2024 06:57:36,0.52,0.5,FALSE,0,,FALSE,,
REC000640,CUST002,Mr Guy Parsons,dawsontom@ryan.biz,Bristol,MTR0002,Detached,07/01/2024 07:26:24,0.83,0.9,FALSE,0,,FALSE,,
REC000641,CUST002,Mr Guy Parsons,dawsontom@ryan.biz,Bristol,MTR0002,Detached,07/01/2024 07:55:12,0.64,0.86,FALSE,0,,FALSE,,
REC000642,CUST002,Mr Guy Parsons,dawsontom@ryan.biz,Bristol,MTR0002,Detached,07/01/2024 08:24:00,1.01,1.08,FALSE,0,,FALSE,,
REC000643,CUST002,Mr Guy Parsons,dawsontom@ryan.biz,Bristol,MTR0002,Detached,07/01/2024 09:07:12,0.72,0.77,FALSE,0,,FALSE,,
REC000644,CUST002,Mr Guy Parsons,dawsontom@ryan.biz,Bristol,MTR0002,Detached,07/01/2024 09:36:00,0.61,0.61,FALSE,0,,FALSE,,
REC000645,CUST002,Mr Guy Parsons,dawsontom@ryan.biz,Bristol,MTR0002,Detached,07/01/2024 10:04:48,0.78,0.64,FALSE,0,,FALSE,,
REC000646,CUST002,Mr Guy Parsons,dawsontom@ryan.biz,Bristol,MTR0002,Detached,07/01/2024 10:33:36,0.6,0.78,FALSE,0,,FALSE,,
REC000647,CUST002,Mr Guy Parsons,dawsontom@ryan.biz,Bristol,MTR0002,Detached,07/01/2024 11:02:24,0.92,0.85,FALSE,0,,FALSE,,
REC000648,CUST002,Mr Guy Parsons,dawsontom@ryan.biz,Bristol,MTR0002,Detached,07/01/2024 11:31:12,1.01,0.95,FALSE,0,,FALSE,,
REC000649,CUST002,Mr Guy Parsons,dawsontom@ryan.biz,Bristol,MTR0002,Detached,07/01/2024 12:00:00,1.13,1.16,FALSE,0,,FALSE,,
REC000650,CUST002,Mr Guy Parsons,dawsontom@ryan.biz,Bristol,MTR0002,Detached,07/01/2024 12:28:48,1.17,1.13,FALSE,0,,FALSE,,
REC000651,CUST002,Mr Guy Parsons,dawsontom@ryan.biz,Bristol,MTR0002,Detached,07/01/2024 12:57:36,0.33,0.35,FALSE,0,,FALSE,,
REC000652,CUST002,Mr Guy Parsons,dawsontom@ryan.biz,Bristol,MTR0002,Detached,07/01/2024 13:26:24,0.45,0.39,FALSE,0,,FALSE,,
REC000653,CUST002,Mr Guy Parsons,dawsontom@ryan.biz,Bristol,MTR0002,Detached,07/01/2024 13:55:12,0.65,0.74,FALSE,0,,FALSE,,
REC000654,CUST002,Mr Guy Parsons,dawsontom@ryan.biz,Bristol,MTR0002,Detached,07/01/2024 14:24:00,0.48,0.58,FALSE,0,,FALSE,,
REC000655,CUST002,Mr Guy Parsons,dawsontom@ryan.biz,Bristol,MTR0002,Detached,07/01/2024 15:07:12,0.83,1.02,FALSE,0,,FALSE,,
REC000656,CUST002,Mr Guy Parsons,dawsontom@ryan.biz,Bristol,MTR0002,Detached,07/01/2024 15:36:00,0.89,0.85,FALSE,0,,FALSE,,
REC000657,CUST002,Mr Guy Parsons,dawsontom@ryan.biz,Bristol,MTR0002,Detached,07/01/2024 16:04:48,0.88,0.94,FALSE,0,,FALSE,,
REC000658,CUST002,Mr Guy Parsons,dawsontom@ryan.biz,Bristol,MTR0002,Detached,07/01/2024 16:33:36,0.25,0.41,FALSE,0,,FALSE,,
REC000659,CUST002,Mr Guy Parsons,dawsontom@ryan.biz,Bristol,MTR0002,Detached,07/01/2024 17:02:24,0.36,0.46,FALSE,0,,FALSE,,
REC000660,CUST002,Mr Guy Parsons,dawsontom@ryan.biz,Bristol,MTR0002,Detached,07/01/2024 17:31:12,0.83,0.77,FALSE,0,,FALSE,,
REC000661,CUST002,Mr Guy Parsons,dawsontom@ryan.biz,Bristol,MTR0002,Detached,07/01/2024 18:00:00,0.96,0.94,FALSE,0,,FALSE,,
REC000662,CUST002,Mr Guy Parsons,dawsontom@ryan.biz,Bristol,MTR0002,Detached,07/01/2024 18:28:48,0.44,0.53,FALSE,0,,FALSE,,
REC000663,CUST002,Mr Guy Parsons,dawsontom@ryan.biz,Bristol,MTR0002,Detached,07/01/2024 18:57:36,1.31,1.17,FALSE,0,,FALSE,,
REC000664,CUST002,Mr Guy Parsons,dawsontom@ryan.biz,Bristol,MTR0002,Detached,07/01/2024 19:26:24,0.79,0.8,FALSE,0,,FALSE,,
REC000665,CUST002,Mr Guy Parsons,dawsontom@ryan.biz,Bristol,MTR0002,Detached,07/01/2024 19:55:12,0.39,0.34,FALSE,0,,FALSE,,
REC000666,CUST002,Mr Guy Parsons,dawsontom@ryan.biz,Bristol,MTR0002,Detached,07/01/2024 20:24:00,0.85,0.84,FALSE,0,,FALSE,,
REC000667,CUST002,Mr Guy Parsons,dawsontom@ryan.biz,Bristol,MTR0002,Detached,07/01/2024 21:07:12,1.01,1.04,FALSE,0,,FALSE,,
REC000668,CUST002,Mr Guy Parsons,dawsontom@ryan.biz,Bristol,MTR0002,Detached,07/01/2024 21:36:00,0.53,0.49,FALSE,0,,FALSE,,
REC000669,CUST002,Mr Guy Parsons,dawsontom@ryan.biz,Bristol,MTR0002,Detached,07/01/2024 22:04:48,0.96,0.85,FALSE,0,,FALSE,,
REC000670,CUST002,Mr Guy Parsons,dawsontom@ryan.biz,Bristol,MTR0002,Detached,07/01/2024 22:33:36,1.08,1.11,FALSE,0,,FALSE,,
REC000671,CUST002,Mr Guy Parsons,dawsontom@ryan.biz,Bristol,MTR0002,Detached,07/01/2024 23:02:24,0.69,0.62,FALSE,0,,FALSE,,
REC000672,CUST002,Mr Guy Parsons,dawsontom@ryan.biz,Bristol,MTR0002,Detached,07/01/2024 23:31:12,0.48,0.55,FALSE,0,,FALSE,,
REC000673,CUST003,Joel Jackson,diana07@griffiths-cooper.com,Manchester,MTR0003,Detached,01/01/2024 00:00:00,1.22,1.04,FALSE,0,,FALSE,,
REC000674,CUST003,Joel Jackson,diana07@griffiths-cooper.com,Manchester,MTR0003,Detached,01/01/2024 00:28:48,0.31,0.39,FALSE,0,,FALSE,,
REC000675,CUST003,Joel Jackson,diana07@griffiths-cooper.com,Manchester,MTR0003,Detached,01/01/2024 00:57:36,1.08,0.86,FALSE,0,,FALSE,,
REC000676,CUST003,Joel Jackson,diana07@griffiths-cooper.com,Manchester,MTR0003,Detached,01/01/2024 01:26:24,0.33,0.45,FALSE,0,,FALSE,,
REC000677,CUST003,Joel Jackson,diana07@griffiths-cooper.com,Manchester,MTR0003,Detached,01/01/2024 01:55:12,0.92,0.96,FALSE,0,,FALSE,,
REC000678,CUST003,Joel Jackson,diana07@griffiths-cooper.com,Manchester,MTR0003,Detached,01/01/2024 02:24:00,0.44,0.39,FALSE,0,,FALSE,,
REC000679,CUST003,Joel Jackson,diana07@griffiths-cooper.com,Manchester,MTR0003,Detached,01/01/2024 03:07:12,0.44,0.32,FALSE,0,,FALSE,,
REC000680,CUST003,Joel Jackson,diana07@griffiths-cooper.com,Manchester,MTR0003,Detached,01/01/2024 03:36:00,0.95,0.79,FALSE,0,,FALSE,,
REC000681,CUST003,Joel Jackson,diana07@griffiths-cooper.com,Manchester,MTR0003,Detached,01/01/2024 04:04:48,0.66,0.51,FALSE,0,,FALSE,,
REC000682,CUST003,Joel Jackson,diana07@griffiths-cooper.com,Manchester,MTR0003,Detached,01/01/2024 04:33:36,0.58,0.75,FALSE,0,,FALSE,,
REC000683,CUST003,Joel Jackson,diana07@griffiths-cooper.com,Manchester,MTR0003,Detached,01/01/2024 05:02:24,1.23,1.19,FALSE,0,,FALSE,,
REC000684,CUST003,Joel Jackson,diana07@griffiths-cooper.com,Manchester,MTR0003,Detached,01/01/2024 05:31:12,0.58,0.66,FALSE,0,,FALSE,,
REC000685,CUST003,Joel Jackson,diana07@griffiths-cooper.com,Manchester,MTR0003,Detached,01/01/2024 06:00:00,0.79,0.69,FALSE,0,,FALSE,,
REC000686,CUST003,Joel Jackson,diana07@griffiths-cooper.com,Manchester,MTR0003,Detached,01/01/2024 06:28:48,1.3,1.19,FALSE,0,,FALSE,,
REC000687,CUST003,Joel Jackson,diana07@griffiths-cooper.com,Manchester,MTR0003,Detached,01/01/2024 06:57:36,0.45,0.42,FALSE,0,,FALSE,,
REC000688,CUST003,Joel Jackson,diana07@griffiths-cooper.com,Manchester,MTR0003,Detached,01/01/2024 07:26:24,0.77,0.82,FALSE,0,,FALSE,,
REC000689,CUST003,Joel Jackson,diana07@griffiths-cooper.com,Manchester,MTR0003,Detached,01/01/2024 07:55:12,0.44,0.55,FALSE,0,,FALSE,,
REC000690,CUST003,Joel Jackson,diana07@griffiths-cooper.com,Manchester,MTR0003,Detached,01/01/2024 08:24:00,0.55,0.62,FALSE,0,,FALSE,,
REC000691,CUST003,Joel Jackson,diana07@griffiths-cooper.com,Manchester,MTR0003,Detached,01/01/2024 09:07:12,0.28,0.36,FALSE,0,,FALSE,,
REC000692,CUST003,Joel Jackson,diana07@griffiths-cooper.com,Manchester,MTR0003,Detached,01/01/2024 09:36:00,1.02,1.02,FALSE,0,,FALSE,,
REC000693,CUST003,Joel Jackson,diana07@griffiths-cooper.com,Manchester,MTR0003,Detached,01/01/2024 10:04:48,0.61,0.51,FALSE,0,,FALSE,,
REC000694,CUST003,Joel Jackson,diana07@griffiths-cooper.com,Manchester,MTR0003,Detached,01/01/2024 10:33:36,0.9,0.89,FALSE,0,,FALSE,,
REC000695,CUST003,Joel Jackson,diana07@griffiths-cooper.com,Manchester,MTR0003,Detached,01/01/2024 11:02:24,0.66,0.78,FALSE,0,,FALSE,,
REC000696,CUST003,Joel Jackson,diana07@griffiths-cooper.com,Manchester,MTR0003,Detached,01/01/2024 11:31:12,0.78,0.9,FALSE,0,,FALSE,,
REC000697,CUST003,Joel Jackson,diana07@griffiths-cooper.com,Manchester,MTR0003,Detached,01/01/2024 12:00:00,1.26,1.19,FALSE,0,,FALSE,,
REC000698,CUST003,Joel Jackson,diana07@griffiths-cooper.com,Manchester,MTR0003,Detached,01/01/2024 12:28:48,1.15,0.96,FALSE,0,,FALSE,,
REC000699,CUST003,Joel Jackson,diana07@griffiths-cooper.com,Manchester,MTR0003,Detached,01/01/2024 12:57:36,0.73,0.72,FALSE,0,,FALSE,,
REC000700,CUST003,Joel Jackson,diana07@griffiths-cooper.com,Manchester,MTR0003,Detached,01/01/2024 13:26:24,1.09,1.16,FALSE,0,,FALSE,,
REC000701,CUST003,Joel Jackson,diana07@griffiths-cooper.com,Manchester,MTR0003,Detached,01/01/2024 13:55:12,0.36,0.46,FALSE,0,,FALSE,,
REC000702,CUST003,Joel Jackson,diana07@griffiths-cooper.com,Manchester,MTR0003,Detached,01/01/2024 14:24:00,0.84,0.78,FALSE,0,,FALSE,,
REC000703,CUST003,Joel Jackson,diana07@griffiths-cooper.com,Manchester,MTR0003,Detached,01/01/2024 15:07:12,0.55,0.39,TRUE,41.03,Heater malfunction,TRUE,1/1/2024 15:02,FALSE
REC000704,CUST003,Joel Jackson,diana07@griffiths-cooper.com,Manchester,MTR0003,Detached,01/01/2024 15:36:00,0.58,0.61,FALSE,0,,FALSE,,
REC000705,CUST003,Joel Jackson,diana07@griffiths-cooper.com,Manchester,MTR0003,Detached,01/01/2024 16:04:48,0.85,0.9,FALSE,0,,FALSE,,
REC000706,CUST003,Joel Jackson,diana07@griffiths-cooper.com,Manchester,MTR0003,Detached,01/01/2024 16:33:36,0.3,0.44,FALSE,0,,FALSE,,
REC000707,CUST003,Joel Jackson,diana07@griffiths-cooper.com,Manchester,MTR0003,Detached,01/01/2024 17:02:24,1.2,1.19,FALSE,0,,FALSE,,
REC000708,CUST003,Joel Jackson,diana07@griffiths-cooper.com,Manchester,MTR0003,Detached,01/01/2024 17:31:12,1.14,1.06,FALSE,0,,FALSE,,
REC000709,CUST003,Joel Jackson,diana07@griffiths-cooper.com,Manchester,MTR0003,Detached,01/01/2024 18:00:00,0.7,0.77,FALSE,0,,FALSE,,
REC000710,CUST003,Joel Jackson,diana07@griffiths-cooper.com,Manchester,MTR0003,Detached,01/01/2024 18:28:48,1,0.98,FALSE,0,,FALSE,,
REC000711,CUST003,Joel Jackson,diana07@griffiths-cooper.com,Manchester,MTR0003,Detached,01/01/2024 18:57:36,0.46,0.41,FALSE,0,,FALSE,,
REC000712,CUST003,Joel Jackson,diana07@griffiths-cooper.com,Manchester,MTR0003,Detached,01/01/2024 19:26:24,1,0.94,FALSE,0,,FALSE,,
REC000713,CUST003,Joel Jackson,diana07@griffiths-cooper.com,Manchester,MTR0003,Detached,01/01/2024 19:55:12,0.22,0.33,FALSE,0,,FALSE,,
REC000714,CUST003,Joel Jackson,diana07@griffiths-cooper.com,Manchester,MTR0003,Detached,01/01/2024 20:24:00,0.53,0.62,FALSE,0,,FALSE,,
REC000715,CUST003,Joel Jackson,diana07@griffiths-cooper.com,Manchester,MTR0003,Detached,01/01/2024 21:07:12,0.39,0.38,FALSE,0,,FALSE,,
REC000716,CUST003,Joel Jackson,diana07@griffiths-cooper.com,Manchester,MTR0003,Detached,01/01/2024 21:36:00,0.64,0.57,FALSE,0,,FALSE,,
REC000717,CUST003,Joel Jackson,diana07@griffiths-cooper.com,Manchester,MTR0003,Detached,01/01/2024 22:04:48,0.88,0.66,FALSE,0,,FALSE,,
REC000718,CUST003,Joel Jackson,diana07@griffiths-cooper.com,Manchester,MTR0003,Detached,01/01/2024 22:33:36,0.65,0.76,FALSE,0,,FALSE,,
REC000719,CUST003,Joel Jackson,diana07@griffiths-cooper.com,Manchester,MTR0003,Detached,01/01/2024 23:02:24,1.16,1.13,FALSE,0,,FALSE,,
REC000720,CUST003,Joel Jackson,diana07@griffiths-cooper.com,Manchester,MTR0003,Detached,01/01/2024 23:31:12,1.07,1.07,FALSE,0,,FALSE,,
REC000721,CUST003,Joel Jackson,diana07@griffiths-cooper.com,Manchester,MTR0003,Detached,02/01/2024 00:00:00,0.45,0.49,FALSE,0,,FALSE,,
REC000722,CUST003,Joel Jackson,diana07@griffiths-cooper.com,Manchester,MTR0003,Detached,02/01/2024 00:28:48,1.21,1.09,FALSE,0,,FALSE,,
REC000723,CUST003,Joel Jackson,diana07@griffiths-cooper.com,Manchester,MTR0003,Detached,02/01/2024 00:57:36,1.14,1.08,FALSE,0,,FALSE,,
REC000724,CUST003,Joel Jackson,diana07@griffiths-cooper.com,Manchester,MTR0003,Detached,02/01/2024 01:26:24,0.63,0.57,FALSE,0,,FALSE,,
REC000725,CUST003,Joel Jackson,diana07@griffiths-cooper.com,Manchester,MTR0003,Detached,02/01/2024 01:55:12,0.25,0.37,FALSE,0,,FALSE,,
REC000726,CUST003,Joel Jackson,diana07@griffiths-cooper.com,Manchester,MTR0003,Detached,02/01/2024 02:24:00,0.89,0.93,FALSE,0,,FALSE,,
REC000727,CUST003,Joel Jackson,diana07@griffiths-cooper.com,Manchester,MTR0003,Detached,02/01/2024 03:07:12,0.62,0.61,FALSE,0,,FALSE,,
REC000728,CUST003,Joel Jackson,diana07@griffiths-cooper.com,Manchester,MTR0003,Detached,02/01/2024 03:36:00,1.06,1.04,FALSE,0,,FALSE,,
REC000729,CUST003,Joel Jackson,diana07@griffiths-cooper.com,Manchester,MTR0003,Detached,02/01/2024 04:04:48,0.67,0.42,TRUE,59.52,Guest visit,TRUE,1/2/2024 04:07,FALSE
REC000730,CUST003,Joel Jackson,diana07@griffiths-cooper.com,Manchester,MTR0003,Detached,02/01/2024 04:33:36,0.96,0.99,FALSE,0,,FALSE,,
REC000731,CUST003,Joel Jackson,diana07@griffiths-cooper.com,Manchester,MTR0003,Detached,02/01/2024 05:02:24,0.21,0.46,FALSE,0,,FALSE,,
REC000732,CUST003,Joel Jackson,diana07@griffiths-cooper.com,Manchester,MTR0003,Detached,02/01/2024 05:31:12,0.44,0.43,FALSE,0,,FALSE,,
REC000733,CUST003,Joel Jackson,diana07@griffiths-cooper.com,Manchester,MTR0003,Detached,02/01/2024 06:00:00,0.68,0.63,FALSE,0,,FALSE,,
REC000734,CUST003,Joel Jackson,diana07@griffiths-cooper.com,Manchester,MTR0003,Detached,02/01/2024 06:28:48,0.7,0.69,FALSE,0,,FALSE,,
REC000735,CUST003,Joel Jackson,diana07@griffiths-cooper.com,Manchester,MTR0003,Detached,02/01/2024 06:57:36,0.29,0.58,FALSE,0,,FALSE,,
REC000736,CUST003,Joel Jackson,diana07@griffiths-cooper.com,Manchester,MTR0003,Detached,02/01/2024 07:26:24,0.43,0.4,FALSE,0,,FALSE,,
REC000737,CUST003,Joel Jackson,diana07@griffiths-cooper.com,Manchester,MTR0003,Detached,02/01/2024 07:55:12,0.93,0.88,FALSE,0,,FALSE,,
REC000738,CUST003,Joel Jackson,diana07@griffiths-cooper.com,Manchester,MTR0003,Detached,02/01/2024 08:24:00,0.76,0.89,FALSE,0,,FALSE,,
REC000739,CUST003,Joel Jackson,diana07@griffiths-cooper.com,Manchester,MTR0003,Detached,02/01/2024 09:07:12,0.37,0.44,FALSE,0,,FALSE,,
REC000740,CUST003,Joel Jackson,diana07@griffiths-cooper.com,Manchester,MTR0003,Detached,02/01/2024 09:36:00,1.19,1.2,FALSE,0,,FALSE,,
REC000741,CUST003,Joel Jackson,diana07@griffiths-cooper.com,Manchester,MTR0003,Detached,02/01/2024 10:04:48,0.29,0.35,FALSE,0,,FALSE,,
REC000742,CUST003,Joel Jackson,diana07@griffiths-cooper.com,Manchester,MTR0003,Detached,02/01/2024 10:33:36,0.37,0.41,FALSE,0,,FALSE,,
REC000743,CUST003,Joel Jackson,diana07@griffiths-cooper.com,Manchester,MTR0003,Detached,02/01/2024 11:02:24,0.6,0.57,FALSE,0,,FALSE,,
REC000744,CUST003,Joel Jackson,diana07@griffiths-cooper.com,Manchester,MTR0003,Detached,02/01/2024 11:31:12,0.3,0.36,FALSE,0,,FALSE,,
REC000745,CUST003,Joel Jackson,diana07@griffiths-cooper.com,Manchester,MTR0003,Detached,02/01/2024 12:00:00,0.61,0.76,FALSE,0,,FALSE,,
REC000746,CUST003,Joel Jackson,diana07@griffiths-cooper.com,Manchester,MTR0003,Detached,02/01/2024 12:28:48,0.95,0.86,FALSE,0,,FALSE,,
REC000747,CUST003,Joel Jackson,diana07@griffiths-cooper.com,Manchester,MTR0003,Detached,02/01/2024 12:57:36,0.67,0.77,FALSE,0,,FALSE,,
REC000748,CUST003,Joel Jackson,diana07@griffiths-cooper.com,Manchester,MTR0003,Detached,02/01/2024 13:26:24,1.08,1.1,FALSE,0,,FALSE,,
REC000749,CUST003,Joel Jackson,diana07@griffiths-cooper.com,Manchester,MTR0003,Detached,02/01/2024 13:55:12,0.65,0.7,FALSE,0,,FALSE,,
REC000750,CUST003,Joel Jackson,diana07@griffiths-cooper.com,Manchester,MTR0003,Detached,02/01/2024 14:24:00,0.55,0.67,FALSE,0,,FALSE,,
REC000751,CUST003,Joel Jackson,diana07@griffiths-cooper.com,Manchester,MTR0003,Detached,02/01/2024 15:07:12,1.13,1.04,FALSE,0,,FALSE,,
REC000752,CUST003,Joel Jackson,diana07@griffiths-cooper.com,Manchester,MTR0003,Detached,02/01/2024 15:36:00,0.39,0.31,FALSE,0,,FALSE,,
REC000753,CUST003,Joel Jackson,diana07@griffiths-cooper.com,Manchester,MTR0003,Detached,02/01/2024 16:04:48,0.63,0.67,FALSE,0,,FALSE,,
REC000754,CUST003,Joel Jackson,diana07@griffiths-cooper.com,Manchester,MTR0003,Detached,02/01/2024 16:33:36,0.53,0.53,FALSE,0,,FALSE,,
REC000755,CUST003,Joel Jackson,diana07@griffiths-cooper.com,Manchester,MTR0003,Detached,02/01/2024 17:02:24,0.99,0.98,FALSE,0,,FALSE,,
REC000756,CUST003,Joel Jackson,diana07@griffiths-cooper.com,Manchester,MTR0003,Detached,02/01/2024 17:31:12,0.38,0.49,FALSE,0,,FALSE,,
REC000757,CUST003,Joel Jackson,diana07@griffiths-cooper.com,Manchester,MTR0003,Detached,02/01/2024 18:00:00,0.21,0.31,FALSE,0,,FALSE,,
REC000758,CUST003,Joel Jackson,diana07@griffiths-cooper.com,Manchester,MTR0003,Detached,02/01/2024 18:28:48,0.79,0.79,FALSE,0,,FALSE,,
REC000759,CUST003,Joel Jackson,diana07@griffiths-cooper.com,Manchester,MTR0003,Detached,02/01/2024 18:57:36,0.59,0.71,FALSE,0,,FALSE,,
REC000760,CUST003,Joel Jackson,diana07@griffiths-cooper.com,Manchester,MTR0003,Detached,02/01/2024 19:26:24,0.59,0.59,FALSE,0,,FALSE,,
REC000761,CUST003,Joel Jackson,diana07@griffiths-cooper.com,Manchester,MTR0003,Detached,02/01/2024 19:55:12,0.73,0.96,FALSE,0,,FALSE,,
REC000762,CUST003,Joel Jackson,diana07@griffiths-cooper.com,Manchester,MTR0003,Detached,02/01/2024 20:24:00,0.62,0.66,FALSE,0,,FALSE,,
REC000763,CUST003,Joel Jackson,diana07@griffiths-cooper.com,Manchester,MTR0003,Detached,02/01/2024 21:07:12,0.74,0.71,FALSE,0,,FALSE,,
REC000764,CUST003,Joel Jackson,diana07@griffiths-cooper.com,Manchester,MTR0003,Detached,02/01/2024 21:36:00,1.18,1.16,FALSE,0,,FALSE,,
REC000765,CUST003,Joel Jackson,diana07@griffiths-cooper.com,Manchester,MTR0003,Detached,02/01/2024 22:04:48,1.12,1.01,FALSE,0,,FALSE,,
REC000766,CUST003,Joel Jackson,diana07@griffiths-cooper.com,Manchester,MTR0003,Detached,02/01/2024 22:33:36,0.58,0.69,FALSE,0,,FALSE,,
REC000767,CUST003,Joel Jackson,diana07@griffiths-cooper.com,Manchester,MTR0003,Detached,02/01/2024 23:02:24,0.52,0.53,FALSE,0,,FALSE,,
REC000768,CUST003,Joel Jackson,diana07@griffiths-cooper.com,Manchester,MTR0003,Detached,02/01/2024 23:31:12,0.96,0.87,FALSE,0,,FALSE,,
REC000769,CUST003,Joel Jackson,diana07@griffiths-cooper.com,Manchester,MTR0003,Detached,03/01/2024 00:00:00,0.92,0.89,FALSE,0,,FALSE,,
REC000770,CUST003,Joel Jackson,diana07@griffiths-cooper.com,Manchester,MTR0003,Detached,03/01/2024 00:28:48,0.93,0.85,FALSE,0,,FALSE,,
REC000771,CUST003,Joel Jackson,diana07@griffiths-cooper.com,Manchester,MTR0003,Detached,03/01/2024 00:57:36,0.24,0.36,FALSE,0,,FALSE,,
REC000772,CUST003,Joel Jackson,diana07@griffiths-cooper.com,Manchester,MTR0003,Detached,03/01/2024 01:26:24,0.97,0.96,FALSE,0,,FALSE,,
REC000773,CUST003,Joel Jackson,diana07@griffiths-cooper.com,Manchester,MTR0003,Detached,03/01/2024 01:55:12,0.74,0.76,FALSE,0,,FALSE,,
REC000774,CUST003,Joel Jackson,diana07@griffiths-cooper.com,Manchester,MTR0003,Detached,03/01/2024 02:24:00,0.39,0.38,FALSE,0,,FALSE,,
REC000775,CUST003,Joel Jackson,diana07@griffiths-cooper.com,Manchester,MTR0003,Detached,03/01/2024 03:07:12,0.86,0.94,FALSE,0,,FALSE,,
REC000776,CUST003,Joel Jackson,diana07@griffiths-cooper.com,Manchester,MTR0003,Detached,03/01/2024 03:36:00,0.7,0.57,FALSE,0,,FALSE,,
REC000777,CUST003,Joel Jackson,diana07@griffiths-cooper.com,Manchester,MTR0003,Detached,03/01/2024 04:04:48,0.68,0.61,FALSE,0,,FALSE,,
REC000778,CUST003,Joel Jackson,diana07@griffiths-cooper.com,Manchester,MTR0003,Detached,03/01/2024 04:33:36,0.59,0.47,FALSE,0,,FALSE,,
REC000779,CUST003,Joel Jackson,diana07@griffiths-cooper.com,Manchester,MTR0003,Detached,03/01/2024 05:02:24,0.49,0.46,FALSE,0,,FALSE,,
REC000780,CUST003,Joel Jackson,diana07@griffiths-cooper.com,Manchester,MTR0003,Detached,03/01/2024 05:31:12,0.92,0.99,FALSE,0,,FALSE,,
REC000781,CUST003,Joel Jackson,diana07@griffiths-cooper.com,Manchester,MTR0003,Detached,03/01/2024 06:00:00,0.6,0.54,FALSE,0,,FALSE,,
REC000782,CUST003,Joel Jackson,diana07@griffiths-cooper.com,Manchester,MTR0003,Detached,03/01/2024 06:28:48,0.77,0.64,FALSE,0,,FALSE,,
REC000783,CUST003,Joel Jackson,diana07@griffiths-cooper.com,Manchester,MTR0003,Detached,03/01/2024 06:57:36,0.52,0.49,FALSE,0,,FALSE,,
REC000784,CUST003,Joel Jackson,diana07@griffiths-cooper.com,Manchester,MTR0003,Detached,03/01/2024 07:26:24,0.91,1,FALSE,0,,FALSE,,
REC000785,CUST003,Joel Jackson,diana07@griffiths-cooper.com,Manchester,MTR0003,Detached,03/01/2024 07:55:12,0.82,0.88,FALSE,0,,FALSE,,
REC000786,CUST003,Joel Jackson,diana07@griffiths-cooper.com,Manchester,MTR0003,Detached,03/01/2024 08:24:00,1.17,1.17,FALSE,0,,FALSE,,
REC000787,CUST003,Joel Jackson,diana07@griffiths-cooper.com,Manchester,MTR0003,Detached,03/01/2024 09:07:12,1.17,1.02,FALSE,0,,FALSE,,
REC000788,CUST003,Joel Jackson,diana07@griffiths-cooper.com,Manchester,MTR0003,Detached,03/01/2024 09:36:00,1.15,0.97,FALSE,0,,FALSE,,
REC000789,CUST003,Joel Jackson,diana07@griffiths-cooper.com,Manchester,MTR0003,Detached,03/01/2024 10:04:48,0.94,1.03,FALSE,0,,FALSE,,
REC000790,CUST003,Joel Jackson,diana07@griffiths-cooper.com,Manchester,MTR0003,Detached,03/01/2024 10:33:36,0.64,0.6,FALSE,0,,FALSE,,
REC000791,CUST003,Joel Jackson,diana07@griffiths-cooper.com,Manchester,MTR0003,Detached,03/01/2024 11:02:24,1.08,1.14,FALSE,0,,FALSE,,
REC000792,CUST003,Joel Jackson,diana07@griffiths-cooper.com,Manchester,MTR0003,Detached,03/01/2024 11:31:12,0.56,0.69,FALSE,0,,FALSE,,
REC000793,CUST003,Joel Jackson,diana07@griffiths-cooper.com,Manchester,MTR0003,Detached,03/01/2024 12:00:00,0.76,0.7,FALSE,0,,FALSE,,
REC000794,CUST003,Joel Jackson,diana07@griffiths-cooper.com,Manchester,MTR0003,Detached,03/01/2024 12:28:48,0.53,0.52,FALSE,0,,FALSE,,
REC000795,CUST003,Joel Jackson,diana07@griffiths-cooper.com,Manchester,MTR0003,Detached,03/01/2024 12:57:36,0.43,0.41,FALSE,0,,FALSE,,
REC000796,CUST003,Joel Jackson,diana07@griffiths-cooper.com,Manchester,MTR0003,Detached,03/01/2024 13:26:24,0.86,0.88,FALSE,0,,FALSE,,
REC000797,CUST003,Joel Jackson,diana07@griffiths-cooper.com,Manchester,MTR0003,Detached,03/01/2024 13:55:12,0.59,0.56,FALSE,0,,FALSE,,
REC000798,CUST003,Joel Jackson,diana07@griffiths-cooper.com,Manchester,MTR0003,Detached,03/01/2024 14:24:00,1.09,1.06,FALSE,0,,FALSE,,
REC000799,CUST003,Joel Jackson,diana07@griffiths-cooper.com,Manchester,MTR0003,Detached,03/01/2024 15:07:12,1.21,1.13,FALSE,0,,FALSE,,
REC000800,CUST003,Joel Jackson,diana07@griffiths-cooper.com,Manchester,MTR0003,Detached,03/01/2024 15:36:00,0.63,0.71,FALSE,0,,FALSE,,
REC000801,CUST003,Joel Jackson,diana07@griffiths-cooper.com,Manchester,MTR0003,Detached,03/01/2024 16:04:48,1.15,1.06,FALSE,0,,FALSE,,
REC000802,CUST003,Joel Jackson,diana07@griffiths-cooper.com,Manchester,MTR0003,Detached,03/01/2024 16:33:36,0.96,0.89,FALSE,0,,FALSE,,
REC000803,CUST003,Joel Jackson,diana07@griffiths-cooper.com,Manchester,MTR0003,Detached,03/01/2024 17:02:24,0.49,0.46,FALSE,0,,FALSE,,
REC000804,CUST003,Joel Jackson,diana07@griffiths-cooper.com,Manchester,MTR0003,Detached,03/01/2024 17:31:12,1.14,1.14,FALSE,0,,FALSE,,
REC000805,CUST003,Joel Jackson,diana07@griffiths-cooper.com,Manchester,MTR0003,Detached,03/01/2024 18:00:00,0.33,0.34,FALSE,0,,FALSE,,
REC000806,CUST003,Joel Jackson,diana07@griffiths-cooper.com,Manchester,MTR0003,Detached,03/01/2024 18:28:48,0.94,0.95,FALSE,0,,FALSE,,
REC000807,CUST003,Joel Jackson,diana07@griffiths-cooper.com,Manchester,MTR0003,Detached,03/01/2024 18:57:36,1.04,1.04,FALSE,0,,FALSE,,
REC000808,CUST003,Joel Jackson,diana07@griffiths-cooper.com,Manchester,MTR0003,Detached,03/01/2024 19:26:24,0.91,1.06,FALSE,0,,FALSE,,
REC000809,CUST003,Joel Jackson,diana07@griffiths-cooper.com,Manchester,MTR0003,Detached,03/01/2024 19:55:12,1.19,0.96,FALSE,0,,FALSE,,
REC000810,CUST003,Joel Jackson,diana07@griffiths-cooper.com,Manchester,MTR0003,Detached,03/01/2024 20:24:00,0.87,0.76,FALSE,0,,FALSE,,
REC000811,CUST003,Joel Jackson,diana07@griffiths-cooper.com,Manchester,MTR0003,Detached,03/01/2024 21:07:12,0.75,0.57,FALSE,0,,FALSE,,
REC000812,CUST003,Joel Jackson,diana07@griffiths-cooper.com,Manchester,MTR0003,Detached,03/01/2024 21:36:00,1.15,1.09,FALSE,0,,FALSE,,
REC000813,CUST003,Joel Jackson,diana07@griffiths-cooper.com,Manchester,MTR0003,Detached,03/01/2024 22:04:48,0.81,0.87,FALSE,0,,FALSE,,
REC000814,CUST003,Joel Jackson,diana07@griffiths-cooper.com,Manchester,MTR0003,Detached,03/01/2024 22:33:36,0.77,0.72,FALSE,0,,FALSE,,
REC000815,CUST003,Joel Jackson,diana07@griffiths-cooper.com,Manchester,MTR0003,Detached,03/01/2024 23:02:24,0.39,0.31,FALSE,0,,FALSE,,
REC000816,CUST003,Joel Jackson,diana07@griffiths-cooper.com,Manchester,MTR0003,Detached,03/01/2024 23:31:12,1.1,1.19,FALSE,0,,FALSE,,
REC000817,CUST003,Joel Jackson,diana07@griffiths-cooper.com,Manchester,MTR0003,Detached,04/01/2024 00:00:00,0.52,0.39,FALSE,0,,FALSE,,
REC000818,CUST003,Joel Jackson,diana07@griffiths-cooper.com,Manchester,MTR0003,Detached,04/01/2024 00:28:48,0.44,0.48,FALSE,0,,FALSE,,
REC000819,CUST003,Joel Jackson,diana07@griffiths-cooper.com,Manchester,MTR0003,Detached,04/01/2024 00:57:36,0.87,0.8,FALSE,0,,FALSE,,
REC000820,CUST003,Joel Jackson,diana07@griffiths-cooper.com,Manchester,MTR0003,Detached,04/01/2024 01:26:24,0.61,0.47,FALSE,0,,FALSE,,
REC000821,CUST003,Joel Jackson,diana07@griffiths-cooper.com,Manchester,MTR0003,Detached,04/01/2024 01:55:12,0.65,0.62,FALSE,0,,FALSE,,
REC000822,CUST003,Joel Jackson,diana07@griffiths-cooper.com,Manchester,MTR0003,Detached,04/01/2024 02:24:00,0.45,0.3,TRUE,50,Schedule change,TRUE,1/4/2024 02:46,TRUE
REC000823,CUST003,Joel Jackson,diana07@griffiths-cooper.com,Manchester,MTR0003,Detached,04/01/2024 03:07:12,0.84,0.98,FALSE,0,,FALSE,,
REC000824,CUST003,Joel Jackson,diana07@griffiths-cooper.com,Manchester,MTR0003,Detached,04/01/2024 03:36:00,0.32,0.43,FALSE,0,,FALSE,,
REC000825,CUST003,Joel Jackson,diana07@griffiths-cooper.com,Manchester,MTR0003,Detached,04/01/2024 04:04:48,0.5,0.58,FALSE,0,,FALSE,,
REC000826,CUST003,Joel Jackson,diana07@griffiths-cooper.com,Manchester,MTR0003,Detached,04/01/2024 04:33:36,0.74,0.95,FALSE,0,,FALSE,,
REC000827,CUST003,Joel Jackson,diana07@griffiths-cooper.com,Manchester,MTR0003,Detached,04/01/2024 05:02:24,0.93,1.1,FALSE,0,,FALSE,,
REC000828,CUST003,Joel Jackson,diana07@griffiths-cooper.com,Manchester,MTR0003,Detached,04/01/2024 05:31:12,0.82,0.67,FALSE,0,,FALSE,,
REC000829,CUST003,Joel Jackson,diana07@griffiths-cooper.com,Manchester,MTR0003,Detached,04/01/2024 06:00:00,1.05,0.93,FALSE,0,,FALSE,,
REC000830,CUST003,Joel Jackson,diana07@griffiths-cooper.com,Manchester,MTR0003,Detached,04/01/2024 06:28:48,0.32,0.38,FALSE,0,,FALSE,,
REC000831,CUST003,Joel Jackson,diana07@griffiths-cooper.com,Manchester,MTR0003,Detached,04/01/2024 06:57:36,1.05,0.83,FALSE,0,,FALSE,,
REC000832,CUST003,Joel Jackson,diana07@griffiths-cooper.com,Manchester,MTR0003,Detached,04/01/2024 07:26:24,0.33,0.36,FALSE,0,,FALSE,,
REC000833,CUST003,Joel Jackson,diana07@griffiths-cooper.com,Manchester,MTR0003,Detached,04/01/2024 07:55:12,1.01,0.82,FALSE,0,,FALSE,,
REC000834,CUST003,Joel Jackson,diana07@griffiths-cooper.com,Manchester,MTR0003,Detached,04/01/2024 08:24:00,1.03,0.84,FALSE,0,,FALSE,,
REC000835,CUST003,Joel Jackson,diana07@griffiths-cooper.com,Manchester,MTR0003,Detached,04/01/2024 09:07:12,0.85,0.91,FALSE,0,,FALSE,,
REC000836,CUST003,Joel Jackson,diana07@griffiths-cooper.com,Manchester,MTR0003,Detached,04/01/2024 09:36:00,1.12,1.04,FALSE,0,,FALSE,,
REC000837,CUST003,Joel Jackson,diana07@griffiths-cooper.com,Manchester,MTR0003,Detached,04/01/2024 10:04:48,0.86,0.75,FALSE,0,,FALSE,,
REC000838,CUST003,Joel Jackson,diana07@griffiths-cooper.com,Manchester,MTR0003,Detached,04/01/2024 10:33:36,0.88,0.94,FALSE,0,,FALSE,,
REC000839,CUST003,Joel Jackson,diana07@griffiths-cooper.com,Manchester,MTR0003,Detached,04/01/2024 11:02:24,0.73,1.01,FALSE,0,,FALSE,,
REC000840,CUST003,Joel Jackson,diana07@griffiths-cooper.com,Manchester,MTR0003,Detached,04/01/2024 11:31:12,0.51,0.43,FALSE,0,,FALSE,,
REC000841,CUST003,Joel Jackson,diana07@griffiths-cooper.com,Manchester,MTR0003,Detached,04/01/2024 12:00:00,0.52,0.6,FALSE,0,,FALSE,,
REC000842,CUST003,Joel Jackson,diana07@griffiths-cooper.com,Manchester,MTR0003,Detached,04/01/2024 12:28:48,0.49,0.5,FALSE,0,,FALSE,,
REC000843,CUST003,Joel Jackson,diana07@griffiths-cooper.com,Manchester,MTR0003,Detached,04/01/2024 12:57:36,0.86,0.84,FALSE,0,,FALSE,,
REC000844,CUST003,Joel Jackson,diana07@griffiths-cooper.com,Manchester,MTR0003,Detached,04/01/2024 13:26:24,0.74,0.68,FALSE,0,,FALSE,,
REC000845,CUST003,Joel Jackson,diana07@griffiths-cooper.com,Manchester,MTR0003,Detached,04/01/2024 13:55:12,0.84,0.87,FALSE,0,,FALSE,,
REC000846,CUST003,Joel Jackson,diana07@griffiths-cooper.com,Manchester,MTR0003,Detached,04/01/2024 14:24:00,0.7,0.67,FALSE,0,,FALSE,,
REC000847,CUST003,Joel Jackson,diana07@griffiths-cooper.com,Manchester,MTR0003,Detached,04/01/2024 15:07:12,1.18,1.06,FALSE,0,,FALSE,,
REC000848,CUST003,Joel Jackson,diana07@griffiths-cooper.com,Manchester,MTR0003,Detached,04/01/2024 15:36:00,0.64,0.83,FALSE,0,,FALSE,,
REC000849,CUST003,Joel Jackson,diana07@griffiths-cooper.com,Manchester,MTR0003,Detached,04/01/2024 16:04:48,0.33,0.47,FALSE,0,,FALSE,,
REC000850,CUST003,Joel Jackson,diana07@griffiths-cooper.com,Manchester,MTR0003,Detached,04/01/2024 16:33:36,0.2,0.32,FALSE,0,,FALSE,,
REC000851,CUST003,Joel Jackson,diana07@griffiths-cooper.com,Manchester,MTR0003,Detached,04/01/2024 17:02:24,0.27,0.32,FALSE,0,,FALSE,,
REC000852,CUST003,Joel Jackson,diana07@griffiths-cooper.com,Manchester,MTR0003,Detached,04/01/2024 17:31:12,0.85,0.77,FALSE,0,,FALSE,,
REC000853,CUST003,Joel Jackson,diana07@griffiths-cooper.com,Manchester,MTR0003,Detached,04/01/2024 18:00:00,0.67,0.57,FALSE,0,,FALSE,,
REC000854,CUST003,Joel Jackson,diana07@griffiths-cooper.com,Manchester,MTR0003,Detached,04/01/2024 18:28:48,1.04,1.06,FALSE,0,,FALSE,,
REC000855,CUST003,Joel Jackson,diana07@griffiths-cooper.com,Manchester,MTR0003,Detached,04/01/2024 18:57:36,0.45,0.47,FALSE,0,,FALSE,,
REC000856,CUST003,Joel Jackson,diana07@griffiths-cooper.com,Manchester,MTR0003,Detached,04/01/2024 19:26:24,0.87,0.73,FALSE,0,,FALSE,,
REC000857,CUST003,Joel Jackson,diana07@griffiths-cooper.com,Manchester,MTR0003,Detached,04/01/2024 19:55:12,0.44,0.42,FALSE,0,,FALSE,,
REC000858,CUST003,Joel Jackson,diana07@griffiths-cooper.com,Manchester,MTR0003,Detached,04/01/2024 20:24:00,0.71,0.75,FALSE,0,,FALSE,,
REC000859,CUST003,Joel Jackson,diana07@griffiths-cooper.com,Manchester,MTR0003,Detached,04/01/2024 21:07:12,0.78,0.69,FALSE,0,,FALSE,,
REC000860,CUST003,Joel Jackson,diana07@griffiths-cooper.com,Manchester,MTR0003,Detached,04/01/2024 21:36:00,0.52,0.44,FALSE,0,,FALSE,,
REC000861,CUST003,Joel Jackson,diana07@griffiths-cooper.com,Manchester,MTR0003,Detached,04/01/2024 22:04:48,0.89,0.85,FALSE,0,,FALSE,,
REC000862,CUST003,Joel Jackson,diana07@griffiths-cooper.com,Manchester,MTR0003,Detached,04/01/2024 22:33:36,0.83,0.89,FALSE,0,,FALSE,,
REC000863,CUST003,Joel Jackson,diana07@griffiths-cooper.com,Manchester,MTR0003,Detached,04/01/2024 23:02:24,1.06,1.16,FALSE,0,,FALSE,,
REC000864,CUST003,Joel Jackson,diana07@griffiths-cooper.com,Manchester,MTR0003,Detached,04/01/2024 23:31:12,0.43,0.52,FALSE,0,,FALSE,,
REC000865,CUST003,Joel Jackson,diana07@griffiths-cooper.com,Manchester,MTR0003,Detached,05/01/2024 00:00:00,1.04,1.12,FALSE,0,,FALSE,,
REC000866,CUST003,Joel Jackson,diana07@griffiths-cooper.com,Manchester,MTR0003,Detached,05/01/2024 00:28:48,0.89,0.98,FALSE,0,,FALSE,,
REC000867,CUST003,Joel Jackson,diana07@griffiths-cooper.com,Manchester,MTR0003,Detached,05/01/2024 00:57:36,0.65,0.7,FALSE,0,,FALSE,,
REC000868,CUST003,Joel Jackson,diana07@griffiths-cooper.com,Manchester,MTR0003,Detached,05/01/2024 01:26:24,0.36,0.36,FALSE,0,,FALSE,,
REC000869,CUST003,Joel Jackson,diana07@griffiths-cooper.com,Manchester,MTR0003,Detached,05/01/2024 01:55:12,1.13,1.12,FALSE,0,,FALSE,,
REC000870,CUST003,Joel Jackson,diana07@griffiths-cooper.com,Manchester,MTR0003,Detached,05/01/2024 02:24:00,0.56,0.67,FALSE,0,,FALSE,,
REC000871,CUST003,Joel Jackson,diana07@griffiths-cooper.com,Manchester,MTR0003,Detached,05/01/2024 03:07:12,0.63,0.61,FALSE,0,,FALSE,,
REC000872,CUST003,Joel Jackson,diana07@griffiths-cooper.com,Manchester,MTR0003,Detached,05/01/2024 03:36:00,0.81,0.8,FALSE,0,,FALSE,,
REC000873,CUST003,Joel Jackson,diana07@griffiths-cooper.com,Manchester,MTR0003,Detached,05/01/2024 04:04:48,1.13,1.14,FALSE,0,,FALSE,,
REC000874,CUST003,Joel Jackson,diana07@griffiths-cooper.com,Manchester,MTR0003,Detached,05/01/2024 04:33:36,0.47,0.53,FALSE,0,,FALSE,,
REC000875,CUST003,Joel Jackson,diana07@griffiths-cooper.com,Manchester,MTR0003,Detached,05/01/2024 05:02:24,0.85,0.96,FALSE,0,,FALSE,,
REC000876,CUST003,Joel Jackson,diana07@griffiths-cooper.com,Manchester,MTR0003,Detached,05/01/2024 05:31:12,0.87,0.81,FALSE,0,,FALSE,,
REC000877,CUST003,Joel Jackson,diana07@griffiths-cooper.com,Manchester,MTR0003,Detached,05/01/2024 06:00:00,0.73,0.72,FALSE,0,,FALSE,,
REC000878,CUST003,Joel Jackson,diana07@griffiths-cooper.com,Manchester,MTR0003,Detached,05/01/2024 06:28:48,0.64,0.61,FALSE,0,,FALSE,,
REC000879,CUST003,Joel Jackson,diana07@griffiths-cooper.com,Manchester,MTR0003,Detached,05/01/2024 06:57:36,0.36,0.4,FALSE,0,,FALSE,,
REC000880,CUST003,Joel Jackson,diana07@griffiths-cooper.com,Manchester,MTR0003,Detached,05/01/2024 07:26:24,0.48,0.53,FALSE,0,,FALSE,,
REC000881,CUST003,Joel Jackson,diana07@griffiths-cooper.com,Manchester,MTR0003,Detached,05/01/2024 07:55:12,1.17,1.07,FALSE,0,,FALSE,,
REC000882,CUST003,Joel Jackson,diana07@griffiths-cooper.com,Manchester,MTR0003,Detached,05/01/2024 08:24:00,0.67,0.4,TRUE,67.5,Guest visit,TRUE,1/5/2024 08:35,TRUE
REC000883,CUST003,Joel Jackson,diana07@griffiths-cooper.com,Manchester,MTR0003,Detached,05/01/2024 09:07:12,1.04,1.07,FALSE,0,,FALSE,,
REC000884,CUST003,Joel Jackson,diana07@griffiths-cooper.com,Manchester,MTR0003,Detached,05/01/2024 09:36:00,0.96,0.94,FALSE,0,,FALSE,,
REC000885,CUST003,Joel Jackson,diana07@griffiths-cooper.com,Manchester,MTR0003,Detached,05/01/2024 10:04:48,0.78,0.79,FALSE,0,,FALSE,,
REC000886,CUST003,Joel Jackson,diana07@griffiths-cooper.com,Manchester,MTR0003,Detached,05/01/2024 10:33:36,0.66,0.74,FALSE,0,,FALSE,,
REC000887,CUST003,Joel Jackson,diana07@griffiths-cooper.com,Manchester,MTR0003,Detached,05/01/2024 11:02:24,0.41,0.45,FALSE,0,,FALSE,,
REC000888,CUST003,Joel Jackson,diana07@griffiths-cooper.com,Manchester,MTR0003,Detached,05/01/2024 11:31:12,0.87,0.67,FALSE,0,,FALSE,,
REC000889,CUST003,Joel Jackson,diana07@griffiths-cooper.com,Manchester,MTR0003,Detached,05/01/2024 12:00:00,0.82,0.89,FALSE,0,,FALSE,,
REC000890,CUST003,Joel Jackson,diana07@griffiths-cooper.com,Manchester,MTR0003,Detached,05/01/2024 12:28:48,0.77,0.76,FALSE,0,,FALSE,,
REC000891,CUST003,Joel Jackson,diana07@griffiths-cooper.com,Manchester,MTR0003,Detached,05/01/2024 12:57:36,0.97,1.03,FALSE,0,,FALSE,,
REC000892,CUST003,Joel Jackson,diana07@griffiths-cooper.com,Manchester,MTR0003,Detached,05/01/2024 13:26:24,1,1.01,FALSE,0,,FALSE,,
REC000893,CUST003,Joel Jackson,diana07@griffiths-cooper.com,Manchester,MTR0003,Detached,05/01/2024 13:55:12,0.41,0.48,FALSE,0,,FALSE,,
REC000894,CUST003,Joel Jackson,diana07@griffiths-cooper.com,Manchester,MTR0003,Detached,05/01/2024 14:24:00,0.55,0.6,FALSE,0,,FALSE,,
REC000895,CUST003,Joel Jackson,diana07@griffiths-cooper.com,Manchester,MTR0003,Detached,05/01/2024 15:07:12,0.84,0.98,FALSE,0,,FALSE,,
REC000896,CUST003,Joel Jackson,diana07@griffiths-cooper.com,Manchester,MTR0003,Detached,05/01/2024 15:36:00,1.1,1.09,FALSE,0,,FALSE,,
REC000897,CUST003,Joel Jackson,diana07@griffiths-cooper.com,Manchester,MTR0003,Detached,05/01/2024 16:04:48,1.05,1.09,FALSE,0,,FALSE,,
REC000898,CUST003,Joel Jackson,diana07@griffiths-cooper.com,Manchester,MTR0003,Detached,05/01/2024 16:33:36,0.76,0.71,FALSE,0,,FALSE,,
REC000899,CUST003,Joel Jackson,diana07@griffiths-cooper.com,Manchester,MTR0003,Detached,05/01/2024 17:02:24,1.18,1.19,FALSE,0,,FALSE,,
REC000900,CUST003,Joel Jackson,diana07@griffiths-cooper.com,Manchester,MTR0003,Detached,05/01/2024 17:31:12,1.05,1.12,FALSE,0,,FALSE,,
REC000901,CUST003,Joel Jackson,diana07@griffiths-cooper.com,Manchester,MTR0003,Detached,05/01/2024 18:00:00,0.68,0.78,FALSE,0,,FALSE,,
REC000902,CUST003,Joel Jackson,diana07@griffiths-cooper.com,Manchester,MTR0003,Detached,05/01/2024 18:28:48,0.89,0.89,FALSE,0,,FALSE,,
REC000903,CUST003,Joel Jackson,diana07@griffiths-cooper.com,Manchester,MTR0003,Detached,05/01/2024 18:57:36,1.17,1.04,FALSE,0,,FALSE,,
REC000904,CUST003,Joel Jackson,diana07@griffiths-cooper.com,Manchester,MTR0003,Detached,05/01/2024 19:26:24,1.11,1.17,FALSE,0,,FALSE,,
REC000905,CUST003,Joel Jackson,diana07@griffiths-cooper.com,Manchester,MTR0003,Detached,05/01/2024 19:55:12,0.3,0.48,FALSE,0,,FALSE,,
REC000906,CUST003,Joel Jackson,diana07@griffiths-cooper.com,Manchester,MTR0003,Detached,05/01/2024 20:24:00,1.03,1.01,FALSE,0,,FALSE,,
REC000907,CUST003,Joel Jackson,diana07@griffiths-cooper.com,Manchester,MTR0003,Detached,05/01/2024 21:07:12,0.94,0.82,FALSE,0,,FALSE,,
REC000908,CUST003,Joel Jackson,diana07@griffiths-cooper.com,Manchester,MTR0003,Detached,05/01/2024 21:36:00,0.71,0.66,FALSE,0,,FALSE,,
REC000909,CUST003,Joel Jackson,diana07@griffiths-cooper.com,Manchester,MTR0003,Detached,05/01/2024 22:04:48,1,1.12,FALSE,0,,FALSE,,
REC000910,CUST003,Joel Jackson,diana07@griffiths-cooper.com,Manchester,MTR0003,Detached,05/01/2024 22:33:36,0.94,0.93,FALSE,0,,FALSE,,
REC000911,CUST003,Joel Jackson,diana07@griffiths-cooper.com,Manchester,MTR0003,Detached,05/01/2024 23:02:24,1.09,1.01,FALSE,0,,FALSE,,
REC000912,CUST003,Joel Jackson,diana07@griffiths-cooper.com,Manchester,MTR0003,Detached,05/01/2024 23:31:12,1.08,1.12,FALSE,0,,FALSE,,
REC000913,CUST003,Joel Jackson,diana07@griffiths-cooper.com,Manchester,MTR0003,Detached,06/01/2024 00:00:00,0.5,0.55,FALSE,0,,FALSE,,
REC000914,CUST003,Joel Jackson,diana07@griffiths-cooper.com,Manchester,MTR0003,Detached,06/01/2024 00:28:48,1.05,1.1,FALSE,0,,FALSE,,
REC000915,CUST003,Joel Jackson,diana07@griffiths-cooper.com,Manchester,MTR0003,Detached,06/01/2024 00:57:36,0.87,0.89,FALSE,0,,FALSE,,
REC000916,CUST003,Joel Jackson,diana07@griffiths-cooper.com,Manchester,MTR0003,Detached,06/01/2024 01:26:24,0.73,0.85,FALSE,0,,FALSE,,
REC000917,CUST003,Joel Jackson,diana07@griffiths-cooper.com,Manchester,MTR0003,Detached,06/01/2024 01:55:12,0.4,0.38,FALSE,0,,FALSE,,
REC000918,CUST003,Joel Jackson,diana07@griffiths-cooper.com,Manchester,MTR0003,Detached,06/01/2024 02:24:00,0.77,0.75,FALSE,0,,FALSE,,
REC000919,CUST003,Joel Jackson,diana07@griffiths-cooper.com,Manchester,MTR0003,Detached,06/01/2024 03:07:12,1.2,1.17,FALSE,0,,FALSE,,
REC000920,CUST003,Joel Jackson,diana07@griffiths-cooper.com,Manchester,MTR0003,Detached,06/01/2024 03:36:00,0.9,0.9,FALSE,0,,FALSE,,
REC000921,CUST003,Joel Jackson,diana07@griffiths-cooper.com,Manchester,MTR0003,Detached,06/01/2024 04:04:48,0.75,0.87,FALSE,0,,FALSE,,
REC000922,CUST003,Joel Jackson,diana07@griffiths-cooper.com,Manchester,MTR0003,Detached,06/01/2024 04:33:36,0.28,0.31,FALSE,0,,FALSE,,
REC000923,CUST003,Joel Jackson,diana07@griffiths-cooper.com,Manchester,MTR0003,Detached,06/01/2024 05:02:24,0.98,0.8,FALSE,0,,FALSE,,
REC000924,CUST003,Joel Jackson,diana07@griffiths-cooper.com,Manchester,MTR0003,Detached,06/01/2024 05:31:12,1.12,1.1,FALSE,0,,FALSE,,
REC000925,CUST003,Joel Jackson,diana07@griffiths-cooper.com,Manchester,MTR0003,Detached,06/01/2024 06:00:00,0.29,0.37,FALSE,0,,FALSE,,
REC000926,CUST003,Joel Jackson,diana07@griffiths-cooper.com,Manchester,MTR0003,Detached,06/01/2024 06:28:48,1.13,1.07,FALSE,0,,FALSE,,
REC000927,CUST003,Joel Jackson,diana07@griffiths-cooper.com,Manchester,MTR0003,Detached,06/01/2024 06:57:36,1.22,1.04,FALSE,0,,FALSE,,
REC000928,CUST003,Joel Jackson,diana07@griffiths-cooper.com,Manchester,MTR0003,Detached,06/01/2024 07:26:24,0.62,0.58,FALSE,0,,FALSE,,
REC000929,CUST003,Joel Jackson,diana07@griffiths-cooper.com,Manchester,MTR0003,Detached,06/01/2024 07:55:12,0.7,0.72,FALSE,0,,FALSE,,
REC000930,CUST003,Joel Jackson,diana07@griffiths-cooper.com,Manchester,MTR0003,Detached,06/01/2024 08:24:00,0.75,0.62,FALSE,0,,FALSE,,
REC000931,CUST003,Joel Jackson,diana07@griffiths-cooper.com,Manchester,MTR0003,Detached,06/01/2024 09:07:12,0.69,0.74,FALSE,0,,FALSE,,
REC000932,CUST003,Joel Jackson,diana07@griffiths-cooper.com,Manchester,MTR0003,Detached,06/01/2024 09:36:00,0.56,0.46,FALSE,0,,FALSE,,
REC000933,CUST003,Joel Jackson,diana07@griffiths-cooper.com,Manchester,MTR0003,Detached,06/01/2024 10:04:48,0.88,0.94,FALSE,0,,FALSE,,
REC000934,CUST003,Joel Jackson,diana07@griffiths-cooper.com,Manchester,MTR0003,Detached,06/01/2024 10:33:36,0.57,0.61,FALSE,0,,FALSE,,
REC000935,CUST003,Joel Jackson,diana07@griffiths-cooper.com,Manchester,MTR0003,Detached,06/01/2024 11:02:24,0.79,0.71,FALSE,0,,FALSE,,
REC000936,CUST003,Joel Jackson,diana07@griffiths-cooper.com,Manchester,MTR0003,Detached,06/01/2024 11:31:12,0.99,0.86,FALSE,0,,FALSE,,
REC000937,CUST003,Joel Jackson,diana07@griffiths-cooper.com,Manchester,MTR0003,Detached,06/01/2024 12:00:00,0.61,0.62,FALSE,0,,FALSE,,
REC000938,CUST003,Joel Jackson,diana07@griffiths-cooper.com,Manchester,MTR0003,Detached,06/01/2024 12:28:48,1.3,1.18,FALSE,0,,FALSE,,
REC000939,CUST003,Joel Jackson,diana07@griffiths-cooper.com,Manchester,MTR0003,Detached,06/01/2024 12:57:36,0.91,0.87,FALSE,0,,FALSE,,
REC000940,CUST003,Joel Jackson,diana07@griffiths-cooper.com,Manchester,MTR0003,Detached,06/01/2024 13:26:24,0.51,0.59,FALSE,0,,FALSE,,
REC000941,CUST003,Joel Jackson,diana07@griffiths-cooper.com,Manchester,MTR0003,Detached,06/01/2024 13:55:12,0.88,0.92,FALSE,0,,FALSE,,
REC000942,CUST003,Joel Jackson,diana07@griffiths-cooper.com,Manchester,MTR0003,Detached,06/01/2024 14:24:00,1.1,1.05,FALSE,0,,FALSE,,
REC000943,CUST003,Joel Jackson,diana07@griffiths-cooper.com,Manchester,MTR0003,Detached,06/01/2024 15:07:12,0.69,0.55,FALSE,0,,FALSE,,
REC000944,CUST003,Joel Jackson,diana07@griffiths-cooper.com,Manchester,MTR0003,Detached,06/01/2024 15:36:00,0.86,0.76,FALSE,0,,FALSE,,
REC000945,CUST003,Joel Jackson,diana07@griffiths-cooper.com,Manchester,MTR0003,Detached,06/01/2024 16:04:48,0.67,0.57,FALSE,0,,FALSE,,
REC000946,CUST003,Joel Jackson,diana07@griffiths-cooper.com,Manchester,MTR0003,Detached,06/01/2024 16:33:36,1.01,1.14,FALSE,0,,FALSE,,
REC000947,CUST003,Joel Jackson,diana07@griffiths-cooper.com,Manchester,MTR0003,Detached,06/01/2024 17:02:24,1.15,1.08,FALSE,0,,FALSE,,
REC000948,CUST003,Joel Jackson,diana07@griffiths-cooper.com,Manchester,MTR0003,Detached,06/01/2024 17:31:12,0.97,0.9,FALSE,0,,FALSE,,
REC000949,CUST003,Joel Jackson,diana07@griffiths-cooper.com,Manchester,MTR0003,Detached,06/01/2024 18:00:00,0.56,0.53,FALSE,0,,FALSE,,
REC000950,CUST003,Joel Jackson,diana07@griffiths-cooper.com,Manchester,MTR0003,Detached,06/01/2024 18:28:48,0.87,0.8,FALSE,0,,FALSE,,
REC000951,CUST003,Joel Jackson,diana07@griffiths-cooper.com,Manchester,MTR0003,Detached,06/01/2024 18:57:36,0.23,0.4,FALSE,0,,FALSE,,
REC000952,CUST003,Joel Jackson,diana07@griffiths-cooper.com,Manchester,MTR0003,Detached,06/01/2024 19:26:24,0.85,1.08,FALSE,0,,FALSE,,
REC000953,CUST003,Joel Jackson,diana07@griffiths-cooper.com,Manchester,MTR0003,Detached,06/01/2024 19:55:12,0.82,0.79,FALSE,0,,FALSE,,
REC000954,CUST003,Joel Jackson,diana07@griffiths-cooper.com,Manchester,MTR0003,Detached,06/01/2024 20:24:00,0.39,0.4,FALSE,0,,FALSE,,
REC000955,CUST003,Joel Jackson,diana07@griffiths-cooper.com,Manchester,MTR0003,Detached,06/01/2024 21:07:12,0.66,0.68,FALSE,0,,FALSE,,
REC000956,CUST003,Joel Jackson,diana07@griffiths-cooper.com,Manchester,MTR0003,Detached,06/01/2024 21:36:00,1.11,1.07,FALSE,0,,FALSE,,
REC000957,CUST003,Joel Jackson,diana07@griffiths-cooper.com,Manchester,MTR0003,Detached,06/01/2024 22:04:48,0.58,0.56,FALSE,0,,FALSE,,
REC000958,CUST003,Joel Jackson,diana07@griffiths-cooper.com,Manchester,MTR0003,Detached,06/01/2024 22:33:36,1.05,1.02,FALSE,0,,FALSE,,
REC000959,CUST003,Joel Jackson,diana07@griffiths-cooper.com,Manchester,MTR0003,Detached,06/01/2024 23:02:24,0.41,0.32,FALSE,0,,FALSE,,
REC000960,CUST003,Joel Jackson,diana07@griffiths-cooper.com,Manchester,MTR0003,Detached,06/01/2024 23:31:12,0.5,0.55,FALSE,0,,FALSE,,
REC000961,CUST003,Joel Jackson,diana07@griffiths-cooper.com,Manchester,MTR0003,Detached,07/01/2024 00:00:00,1.12,1.09,FALSE,0,,FALSE,,
REC000962,CUST003,Joel Jackson,diana07@griffiths-cooper.com,Manchester,MTR0003,Detached,07/01/2024 00:28:48,0.73,0.79,FALSE,0,,FALSE,,
REC000963,CUST003,Joel Jackson,diana07@griffiths-cooper.com,Manchester,MTR0003,Detached,07/01/2024 00:57:36,0.2,0.39,FALSE,0,,FALSE,,
REC000964,CUST003,Joel Jackson,diana07@griffiths-cooper.com,Manchester,MTR0003,Detached,07/01/2024 01:26:24,0.81,0.84,FALSE,0,,FALSE,,
REC000965,CUST003,Joel Jackson,diana07@griffiths-cooper.com,Manchester,MTR0003,Detached,07/01/2024 01:55:12,0.68,0.57,FALSE,0,,FALSE,,
REC000966,CUST003,Joel Jackson,diana07@griffiths-cooper.com,Manchester,MTR0003,Detached,07/01/2024 02:24:00,0.25,0.34,FALSE,0,,FALSE,,
REC000967,CUST003,Joel Jackson,diana07@griffiths-cooper.com,Manchester,MTR0003,Detached,07/01/2024 03:07:12,1.15,1.11,FALSE,0,,FALSE,,
REC000968,CUST003,Joel Jackson,diana07@griffiths-cooper.com,Manchester,MTR0003,Detached,07/01/2024 03:36:00,0.92,0.83,FALSE,0,,FALSE,,
REC000969,CUST003,Joel Jackson,diana07@griffiths-cooper.com,Manchester,MTR0003,Detached,07/01/2024 04:04:48,1.17,1.1,FALSE,0,,FALSE,,
REC000970,CUST003,Joel Jackson,diana07@griffiths-cooper.com,Manchester,MTR0003,Detached,07/01/2024 04:33:36,0.27,0.33,FALSE,0,,FALSE,,
REC000971,CUST003,Joel Jackson,diana07@griffiths-cooper.com,Manchester,MTR0003,Detached,07/01/2024 05:02:24,0.75,0.82,FALSE,0,,FALSE,,
REC000972,CUST003,Joel Jackson,diana07@griffiths-cooper.com,Manchester,MTR0003,Detached,07/01/2024 05:31:12,1.05,1.05,FALSE,0,,FALSE,,
REC000973,CUST003,Joel Jackson,diana07@griffiths-cooper.com,Manchester,MTR0003,Detached,07/01/2024 06:00:00,0.87,0.84,FALSE,0,,FALSE,,
REC000974,CUST003,Joel Jackson,diana07@griffiths-cooper.com,Manchester,MTR0003,Detached,07/01/2024 06:28:48,1.11,1.05,FALSE,0,,FALSE,,
REC000975,CUST003,Joel Jackson,diana07@griffiths-cooper.com,Manchester,MTR0003,Detached,07/01/2024 06:57:36,1.16,1.09,FALSE,0,,FALSE,,
REC000976,CUST003,Joel Jackson,diana07@griffiths-cooper.com,Manchester,MTR0003,Detached,07/01/2024 07:26:24,0.96,0.69,FALSE,0,,FALSE,,
REC000977,CUST003,Joel Jackson,diana07@griffiths-cooper.com,Manchester,MTR0003,Detached,07/01/2024 07:55:12,0.74,0.59,FALSE,0,,FALSE,,
REC000978,CUST003,Joel Jackson,diana07@griffiths-cooper.com,Manchester,MTR0003,Detached,07/01/2024 08:24:00,0.8,0.84,FALSE,0,,FALSE,,
REC000979,CUST003,Joel Jackson,diana07@griffiths-cooper.com,Manchester,MTR0003,Detached,07/01/2024 09:07:12,1.31,1.1,FALSE,0,,FALSE,,
REC000980,CUST003,Joel Jackson,diana07@griffiths-cooper.com,Manchester,MTR0003,Detached,07/01/2024 09:36:00,0.76,0.87,FALSE,0,,FALSE,,
REC000981,CUST003,Joel Jackson,diana07@griffiths-cooper.com,Manchester,MTR0003,Detached,07/01/2024 10:04:48,0.73,0.83,FALSE,0,,FALSE,,
REC000982,CUST003,Joel Jackson,diana07@griffiths-cooper.com,Manchester,MTR0003,Detached,07/01/2024 10:33:36,0.84,0.76,FALSE,0,,FALSE,,
REC000983,CUST003,Joel Jackson,diana07@griffiths-cooper.com,Manchester,MTR0003,Detached,07/01/2024 11:02:24,0.36,0.39,FALSE,0,,FALSE,,
REC000984,CUST003,Joel Jackson,diana07@griffiths-cooper.com,Manchester,MTR0003,Detached,07/01/2024 11:31:12,0.65,0.89,FALSE,0,,FALSE,,
REC000985,CUST003,Joel Jackson,diana07@griffiths-cooper.com,Manchester,MTR0003,Detached,07/01/2024 12:00:00,1.31,1.16,FALSE,0,,FALSE,,
REC000986,CUST003,Joel Jackson,diana07@griffiths-cooper.com,Manchester,MTR0003,Detached,07/01/2024 12:28:48,0.82,0.76,FALSE,0,,FALSE,,
REC000987,CUST003,Joel Jackson,diana07@griffiths-cooper.com,Manchester,MTR0003,Detached,07/01/2024 12:57:36,0.86,0.87,FALSE,0,,FALSE,,
REC000988,CUST003,Joel Jackson,diana07@griffiths-cooper.com,Manchester,MTR0003,Detached,07/01/2024 13:26:24,0.61,0.63,FALSE,0,,FALSE,,
REC000989,CUST003,Joel Jackson,diana07@griffiths-cooper.com,Manchester,MTR0003,Detached,07/01/2024 13:55:12,0.71,0.73,FALSE,0,,FALSE,,
REC000990,CUST003,Joel Jackson,diana07@griffiths-cooper.com,Manchester,MTR0003,Detached,07/01/2024 14:24:00,0.27,0.48,FALSE,0,,FALSE,,
REC000991,CUST003,Joel Jackson,diana07@griffiths-cooper.com,Manchester,MTR0003,Detached,07/01/2024 15:07:12,0.76,0.85,FALSE,0,,FALSE,,
REC000992,CUST003,Joel Jackson,diana07@griffiths-cooper.com,Manchester,MTR0003,Detached,07/01/2024 15:36:00,0.69,0.76,FALSE,0,,FALSE,,
REC000993,CUST003,Joel Jackson,diana07@griffiths-cooper.com,Manchester,MTR0003,Detached,07/01/2024 16:04:48,0.41,0.3,FALSE,0,,FALSE,,
REC000994,CUST003,Joel Jackson,diana07@griffiths-cooper.com,Manchester,MTR0003,Detached,07/01/2024 16:33:36,0.75,0.81,FALSE,0,,FALSE,,
REC000995,CUST003,Joel Jackson,diana07@griffiths-cooper.com,Manchester,MTR0003,Detached,07/01/2024 17:02:24,0.8,0.76,FALSE,0,,FALSE,,
REC000996,CUST003,Joel Jackson,diana07@griffiths-cooper.com,Manchester,MTR0003,Detached,07/01/2024 17:31:12,0.64,0.66,FALSE,0,,FALSE,,
REC000997,CUST003,Joel Jackson,diana07@griffiths-cooper.com,Manchester,MTR0003,Detached,07/01/2024 18:00:00,0.29,0.38,FALSE,0,,FALSE,,
REC000998,CUST003,Joel Jackson,diana07@griffiths-cooper.com,Manchester,MTR0003,Detached,07/01/2024 18:28:48,0.64,0.61,FALSE,0,,FALSE,,
REC000999,CUST003,Joel Jackson,diana07@griffiths-cooper.com,Manchester,MTR0003,Detached,07/01/2024 18:57:36,0.76,0.76,FALSE,0,,FALSE,,
REC001000,CUST003,Joel Jackson,diana07@griffiths-cooper.com,Manchester,MTR0003,Detached,07/01/2024 19:26:24,1.04,0.93,FALSE,0,,FALSE,,
REC001001,CUST003,Joel Jackson,diana07@griffiths-cooper.com,Manchester,MTR0003,Detached,07/01/2024 19:55:12,1.15,1.19,FALSE,0,,FALSE,,
REC001002,CUST003,Joel Jackson,diana07@griffiths-cooper.com,Manchester,MTR0003,Detached,07/01/2024 20:24:00,0.59,0.66,FALSE,0,,FALSE,,
REC001003,CUST003,Joel Jackson,diana07@griffiths-cooper.com,Manchester,MTR0003,Detached,07/01/2024 21:07:12,0.76,0.68,FALSE,0,,FALSE,,
REC001004,CUST003,Joel Jackson,diana07@griffiths-cooper.com,Manchester,MTR0003,Detached,07/01/2024 21:36:00,0.92,0.94,FALSE,0,,FALSE,,
REC001005,CUST003,Joel Jackson,diana07@griffiths-cooper.com,Manchester,MTR0003,Detached,07/01/2024 22:04:48,0.94,0.85,FALSE,0,,FALSE,,
REC001006,CUST003,Joel Jackson,diana07@griffiths-cooper.com,Manchester,MTR0003,Detached,07/01/2024 22:33:36,1.11,1.16,FALSE,0,,FALSE,,
REC001007,CUST003,Joel Jackson,diana07@griffiths-cooper.com,Manchester,MTR0003,Detached,07/01/2024 23:02:24,1.05,1.04,FALSE,0,,FALSE,,
REC001008,CUST003,Joel Jackson,diana07@griffiths-cooper.com,Manchester,MTR0003,Detached,07/01/2024 23:31:12,0.86,0.92,FALSE,0,,FALSE,,
REC001009,CUST004,Samuel Ward,austinnorman@hotmail.com,London,MTR0004,Semi-Detached,01/01/2024 00:00:00,0.32,0.4,FALSE,0,,FALSE,,
REC001010,CUST004,Samuel Ward,austinnorman@hotmail.com,London,MTR0004,Semi-Detached,01/01/2024 00:28:48,0.41,0.63,FALSE,0,,FALSE,,
REC001011,CUST004,Samuel Ward,austinnorman@hotmail.com,London,MTR0004,Semi-Detached,01/01/2024 00:57:36,0.56,0.41,FALSE,0,,FALSE,,
REC001012,CUST004,Samuel Ward,austinnorman@hotmail.com,London,MTR0004,Semi-Detached,01/01/2024 01:26:24,0.31,0.36,FALSE,0,,FALSE,,
REC001013,CUST004,Samuel Ward,austinnorman@hotmail.com,London,MTR0004,Semi-Detached,01/01/2024 01:55:12,0.42,0.37,FALSE,0,,FALSE,,
REC001014,CUST004,Samuel Ward,austinnorman@hotmail.com,London,MTR0004,Semi-Detached,01/01/2024 02:24:00,0.88,0.9,FALSE,0,,FALSE,,
REC001015,CUST004,Samuel Ward,austinnorman@hotmail.com,London,MTR0004,Semi-Detached,01/01/2024 03:07:12,1.03,0.91,FALSE,0,,FALSE,,
REC001016,CUST004,Samuel Ward,austinnorman@hotmail.com,London,MTR0004,Semi-Detached,01/01/2024 03:36:00,0.14,0.31,FALSE,0,,FALSE,,
REC001017,CUST004,Samuel Ward,austinnorman@hotmail.com,London,MTR0004,Semi-Detached,01/01/2024 04:04:48,0.89,0.87,FALSE,0,,FALSE,,
REC001018,CUST004,Samuel Ward,austinnorman@hotmail.com,London,MTR0004,Semi-Detached,01/01/2024 04:33:36,1.17,1.09,FALSE,0,,FALSE,,
REC001019,CUST004,Samuel Ward,austinnorman@hotmail.com,London,MTR0004,Semi-Detached,01/01/2024 05:02:24,0.96,0.95,FALSE,0,,FALSE,,
REC001020,CUST004,Samuel Ward,austinnorman@hotmail.com,London,MTR0004,Semi-Detached,01/01/2024 05:31:12,0.36,0.43,FALSE,0,,FALSE,,
REC001021,CUST004,Samuel Ward,austinnorman@hotmail.com,London,MTR0004,Semi-Detached,01/01/2024 06:00:00,0.14,0.31,FALSE,0,,FALSE,,
REC001022,CUST004,Samuel Ward,austinnorman@hotmail.com,London,MTR0004,Semi-Detached,01/01/2024 06:28:48,0.68,0.74,FALSE,0,,FALSE,,
REC001023,CUST004,Samuel Ward,austinnorman@hotmail.com,London,MTR0004,Semi-Detached,01/01/2024 06:57:36,0.62,0.82,FALSE,0,,FALSE,,
REC001024,CUST004,Samuel Ward,austinnorman@hotmail.com,London,MTR0004,Semi-Detached,01/01/2024 07:26:24,1.03,0.96,FALSE,0,,FALSE,,
REC001025,CUST004,Samuel Ward,austinnorman@hotmail.com,London,MTR0004,Semi-Detached,01/01/2024 07:55:12,0.94,0.89,FALSE,0,,FALSE,,
REC001026,CUST004,Samuel Ward,austinnorman@hotmail.com,London,MTR0004,Semi-Detached,01/01/2024 08:24:00,0.77,0.69,FALSE,0,,FALSE,,
REC001027,CUST004,Samuel Ward,austinnorman@hotmail.com,London,MTR0004,Semi-Detached,01/01/2024 09:07:12,0.82,0.91,FALSE,0,,FALSE,,
REC001028,CUST004,Samuel Ward,austinnorman@hotmail.com,London,MTR0004,Semi-Detached,01/01/2024 09:36:00,0.9,1.01,FALSE,0,,FALSE,,
REC001029,CUST004,Samuel Ward,austinnorman@hotmail.com,London,MTR0004,Semi-Detached,01/01/2024 10:04:48,0.75,0.7,FALSE,0,,FALSE,,
REC001030,CUST004,Samuel Ward,austinnorman@hotmail.com,London,MTR0004,Semi-Detached,01/01/2024 10:33:36,1.12,1.07,FALSE,0,,FALSE,,
REC001031,CUST004,Samuel Ward,austinnorman@hotmail.com,London,MTR0004,Semi-Detached,01/01/2024 11:02:24,0.94,1.12,FALSE,0,,FALSE,,
REC001032,CUST004,Samuel Ward,austinnorman@hotmail.com,London,MTR0004,Semi-Detached,01/01/2024 11:31:12,0.75,0.82,FALSE,0,,FALSE,,
REC001033,CUST004,Samuel Ward,austinnorman@hotmail.com,London,MTR0004,Semi-Detached,01/01/2024 12:00:00,0.79,0.63,FALSE,0,,FALSE,,
REC001034,CUST004,Samuel Ward,austinnorman@hotmail.com,London,MTR0004,Semi-Detached,01/01/2024 12:28:48,1,0.92,FALSE,0,,FALSE,,
REC001035,CUST004,Samuel Ward,austinnorman@hotmail.com,London,MTR0004,Semi-Detached,01/01/2024 12:57:36,0.61,0.64,FALSE,0,,FALSE,,
REC001036,CUST004,Samuel Ward,austinnorman@hotmail.com,London,MTR0004,Semi-Detached,01/01/2024 13:26:24,0.31,0.43,FALSE,0,,FALSE,,
REC001037,CUST004,Samuel Ward,austinnorman@hotmail.com,London,MTR0004,Semi-Detached,01/01/2024 13:55:12,1,1.1,FALSE,0,,FALSE,,
REC001038,CUST004,Samuel Ward,austinnorman@hotmail.com,London,MTR0004,Semi-Detached,01/01/2024 14:24:00,0.28,0.32,FALSE,0,,FALSE,,
REC001039,CUST004,Samuel Ward,austinnorman@hotmail.com,London,MTR0004,Semi-Detached,01/01/2024 15:07:12,0.74,0.88,FALSE,0,,FALSE,,
REC001040,CUST004,Samuel Ward,austinnorman@hotmail.com,London,MTR0004,Semi-Detached,01/01/2024 15:36:00,0.48,0.36,FALSE,0,,FALSE,,
REC001041,CUST004,Samuel Ward,austinnorman@hotmail.com,London,MTR0004,Semi-Detached,01/01/2024 16:04:48,0.78,0.67,FALSE,0,,FALSE,,
REC001042,CUST004,Samuel Ward,austinnorman@hotmail.com,London,MTR0004,Semi-Detached,01/01/2024 16:33:36,0.73,0.85,FALSE,0,,FALSE,,
REC001043,CUST004,Samuel Ward,austinnorman@hotmail.com,London,MTR0004,Semi-Detached,01/01/2024 17:02:24,0.82,0.63,FALSE,0,,FALSE,,
REC001044,CUST004,Samuel Ward,austinnorman@hotmail.com,London,MTR0004,Semi-Detached,01/01/2024 17:31:12,0.38,0.43,FALSE,0,,FALSE,,
REC001045,CUST004,Samuel Ward,austinnorman@hotmail.com,London,MTR0004,Semi-Detached,01/01/2024 18:00:00,0.74,0.74,FALSE,0,,FALSE,,
REC001046,CUST004,Samuel Ward,austinnorman@hotmail.com,London,MTR0004,Semi-Detached,01/01/2024 18:28:48,1.12,1.17,FALSE,0,,FALSE,,
REC001047,CUST004,Samuel Ward,austinnorman@hotmail.com,London,MTR0004,Semi-Detached,01/01/2024 18:57:36,0.54,0.65,FALSE,0,,FALSE,,
REC001048,CUST004,Samuel Ward,austinnorman@hotmail.com,London,MTR0004,Semi-Detached,01/01/2024 19:26:24,0.28,0.32,FALSE,0,,FALSE,,
REC001049,CUST004,Samuel Ward,austinnorman@hotmail.com,London,MTR0004,Semi-Detached,01/01/2024 19:55:12,0.8,0.98,FALSE,0,,FALSE,,
REC001050,CUST004,Samuel Ward,austinnorman@hotmail.com,London,MTR0004,Semi-Detached,01/01/2024 20:24:00,1.07,1.11,FALSE,0,,FALSE,,
REC001051,CUST004,Samuel Ward,austinnorman@hotmail.com,London,MTR0004,Semi-Detached,01/01/2024 21:07:12,0.39,0.4,FALSE,0,,FALSE,,
REC001052,CUST004,Samuel Ward,austinnorman@hotmail.com,London,MTR0004,Semi-Detached,01/01/2024 21:36:00,1.12,1.1,FALSE,0,,FALSE,,
REC001053,CUST004,Samuel Ward,austinnorman@hotmail.com,London,MTR0004,Semi-Detached,01/01/2024 22:04:48,0.69,0.84,FALSE,0,,FALSE,,
REC001054,CUST004,Samuel Ward,austinnorman@hotmail.com,London,MTR0004,Semi-Detached,01/01/2024 22:33:36,0.46,0.61,FALSE,0,,FALSE,,
REC001055,CUST004,Samuel Ward,austinnorman@hotmail.com,London,MTR0004,Semi-Detached,01/01/2024 23:02:24,0.81,0.79,FALSE,0,,FALSE,,
REC001056,CUST004,Samuel Ward,austinnorman@hotmail.com,London,MTR0004,Semi-Detached,01/01/2024 23:31:12,0.67,0.79,FALSE,0,,FALSE,,
REC001057,CUST004,Samuel Ward,austinnorman@hotmail.com,London,MTR0004,Semi-Detached,02/01/2024 00:00:00,0.97,0.99,FALSE,0,,FALSE,,
REC001058,CUST004,Samuel Ward,austinnorman@hotmail.com,London,MTR0004,Semi-Detached,02/01/2024 00:28:48,0.69,0.57,FALSE,0,,FALSE,,
REC001059,CUST004,Samuel Ward,austinnorman@hotmail.com,London,MTR0004,Semi-Detached,02/01/2024 00:57:36,0.4,0.53,FALSE,0,,FALSE,,
REC001060,CUST004,Samuel Ward,austinnorman@hotmail.com,London,MTR0004,Semi-Detached,02/01/2024 01:26:24,1.08,1.17,FALSE,0,,FALSE,,
REC001061,CUST004,Samuel Ward,austinnorman@hotmail.com,London,MTR0004,Semi-Detached,02/01/2024 01:55:12,0.9,0.8,FALSE,0,,FALSE,,
REC001062,CUST004,Samuel Ward,austinnorman@hotmail.com,London,MTR0004,Semi-Detached,02/01/2024 02:24:00,0.25,0.43,FALSE,0,,FALSE,,
REC001063,CUST004,Samuel Ward,austinnorman@hotmail.com,London,MTR0004,Semi-Detached,02/01/2024 03:07:12,0.68,0.7,FALSE,0,,FALSE,,
REC001064,CUST004,Samuel Ward,austinnorman@hotmail.com,London,MTR0004,Semi-Detached,02/01/2024 03:36:00,0.89,0.66,FALSE,0,,FALSE,,
REC001065,CUST004,Samuel Ward,austinnorman@hotmail.com,London,MTR0004,Semi-Detached,02/01/2024 04:04:48,1.22,1.19,FALSE,0,,FALSE,,
REC001066,CUST004,Samuel Ward,austinnorman@hotmail.com,London,MTR0004,Semi-Detached,02/01/2024 04:33:36,0.9,0.81,FALSE,0,,FALSE,,
REC001067,CUST004,Samuel Ward,austinnorman@hotmail.com,London,MTR0004,Semi-Detached,02/01/2024 05:02:24,0.82,0.86,FALSE,0,,FALSE,,
REC001068,CUST004,Samuel Ward,austinnorman@hotmail.com,London,MTR0004,Semi-Detached,02/01/2024 05:31:12,0.21,0.34,FALSE,0,,FALSE,,
REC001069,CUST004,Samuel Ward,austinnorman@hotmail.com,London,MTR0004,Semi-Detached,02/01/2024 06:00:00,0.58,0.73,FALSE,0,,FALSE,,
REC001070,CUST004,Samuel Ward,austinnorman@hotmail.com,London,MTR0004,Semi-Detached,02/01/2024 06:28:48,1.19,1.17,FALSE,0,,FALSE,,
REC001071,CUST004,Samuel Ward,austinnorman@hotmail.com,London,MTR0004,Semi-Detached,02/01/2024 06:57:36,1.15,1.12,FALSE,0,,FALSE,,
REC001072,CUST004,Samuel Ward,austinnorman@hotmail.com,London,MTR0004,Semi-Detached,02/01/2024 07:26:24,1.26,1.08,FALSE,0,,FALSE,,
REC001073,CUST004,Samuel Ward,austinnorman@hotmail.com,London,MTR0004,Semi-Detached,02/01/2024 07:55:12,0.38,0.42,FALSE,0,,FALSE,,
REC001074,CUST004,Samuel Ward,austinnorman@hotmail.com,London,MTR0004,Semi-Detached,02/01/2024 08:24:00,1.04,1.01,FALSE,0,,FALSE,,
REC001075,CUST004,Samuel Ward,austinnorman@hotmail.com,London,MTR0004,Semi-Detached,02/01/2024 09:07:12,0.54,0.55,FALSE,0,,FALSE,,
REC001076,CUST004,Samuel Ward,austinnorman@hotmail.com,London,MTR0004,Semi-Detached,02/01/2024 09:36:00,1.06,1.18,FALSE,0,,FALSE,,
REC001077,CUST004,Samuel Ward,austinnorman@hotmail.com,London,MTR0004,Semi-Detached,02/01/2024 10:04:48,0.77,0.74,FALSE,0,,FALSE,,
REC001078,CUST004,Samuel Ward,austinnorman@hotmail.com,London,MTR0004,Semi-Detached,02/01/2024 10:33:36,0.74,0.64,FALSE,0,,FALSE,,
REC001079,CUST004,Samuel Ward,austinnorman@hotmail.com,London,MTR0004,Semi-Detached,02/01/2024 11:02:24,0.62,0.56,FALSE,0,,FALSE,,
REC001080,CUST004,Samuel Ward,austinnorman@hotmail.com,London,MTR0004,Semi-Detached,02/01/2024 11:31:12,0.58,0.65,FALSE,0,,FALSE,,
REC001081,CUST004,Samuel Ward,austinnorman@hotmail.com,London,MTR0004,Semi-Detached,02/01/2024 12:00:00,1.03,0.76,FALSE,0,,FALSE,,
REC001082,CUST004,Samuel Ward,austinnorman@hotmail.com,London,MTR0004,Semi-Detached,02/01/2024 12:28:48,1.05,1.08,FALSE,0,,FALSE,,
REC001083,CUST004,Samuel Ward,austinnorman@hotmail.com,London,MTR0004,Semi-Detached,02/01/2024 12:57:36,1.3,1.18,FALSE,0,,FALSE,,
REC001084,CUST004,Samuel Ward,austinnorman@hotmail.com,London,MTR0004,Semi-Detached,02/01/2024 13:26:24,0.96,0.99,FALSE,0,,FALSE,,
REC001085,CUST004,Samuel Ward,austinnorman@hotmail.com,London,MTR0004,Semi-Detached,02/01/2024 13:55:12,0.94,0.82,FALSE,0,,FALSE,,
REC001086,CUST004,Samuel Ward,austinnorman@hotmail.com,London,MTR0004,Semi-Detached,02/01/2024 14:24:00,1.08,1.1,FALSE,0,,FALSE,,
REC001087,CUST004,Samuel Ward,austinnorman@hotmail.com,London,MTR0004,Semi-Detached,02/01/2024 15:07:12,0.35,0.36,FALSE,0,,FALSE,,
REC001088,CUST004,Samuel Ward,austinnorman@hotmail.com,London,MTR0004,Semi-Detached,02/01/2024 15:36:00,0.86,0.76,FALSE,0,,FALSE,,
REC001089,CUST004,Samuel Ward,austinnorman@hotmail.com,London,MTR0004,Semi-Detached,02/01/2024 16:04:48,1.06,0.86,FALSE,0,,FALSE,,
REC001090,CUST004,Samuel Ward,austinnorman@hotmail.com,London,MTR0004,Semi-Detached,02/01/2024 16:33:36,0.93,0.95,FALSE,0,,FALSE,,
REC001091,CUST004,Samuel Ward,austinnorman@hotmail.com,London,MTR0004,Semi-Detached,02/01/2024 17:02:24,0.88,0.92,FALSE,0,,FALSE,,
REC001092,CUST004,Samuel Ward,austinnorman@hotmail.com,London,MTR0004,Semi-Detached,02/01/2024 17:31:12,0.55,0.62,FALSE,0,,FALSE,,
REC001093,CUST004,Samuel Ward,austinnorman@hotmail.com,London,MTR0004,Semi-Detached,02/01/2024 18:00:00,0.93,1.02,FALSE,0,,FALSE,,
REC001094,CUST004,Samuel Ward,austinnorman@hotmail.com,London,MTR0004,Semi-Detached,02/01/2024 18:28:48,1.09,1.16,FALSE,0,,FALSE,,
REC001095,CUST004,Samuel Ward,austinnorman@hotmail.com,London,MTR0004,Semi-Detached,02/01/2024 18:57:36,0.26,0.31,FALSE,0,,FALSE,,
REC001096,CUST004,Samuel Ward,austinnorman@hotmail.com,London,MTR0004,Semi-Detached,02/01/2024 19:26:24,0.4,0.31,FALSE,0,,FALSE,,
REC001097,CUST004,Samuel Ward,austinnorman@hotmail.com,London,MTR0004,Semi-Detached,02/01/2024 19:55:12,1.01,0.96,FALSE,0,,FALSE,,
REC001098,CUST004,Samuel Ward,austinnorman@hotmail.com,London,MTR0004,Semi-Detached,02/01/2024 20:24:00,0.5,0.43,FALSE,0,,FALSE,,
REC001099,CUST004,Samuel Ward,austinnorman@hotmail.com,London,MTR0004,Semi-Detached,02/01/2024 21:07:12,1.05,0.98,FALSE,0,,FALSE,,
REC001100,CUST004,Samuel Ward,austinnorman@hotmail.com,London,MTR0004,Semi-Detached,02/01/2024 21:36:00,1.11,0.99,FALSE,0,,FALSE,,
REC001101,CUST004,Samuel Ward,austinnorman@hotmail.com,London,MTR0004,Semi-Detached,02/01/2024 22:04:48,0.98,1.06,FALSE,0,,FALSE,,
REC001102,CUST004,Samuel Ward,austinnorman@hotmail.com,London,MTR0004,Semi-Detached,02/01/2024 22:33:36,0.76,0.74,FALSE,0,,FALSE,,
REC001103,CUST004,Samuel Ward,austinnorman@hotmail.com,London,MTR0004,Semi-Detached,02/01/2024 23:02:24,0.21,0.37,FALSE,0,,FALSE,,
REC001104,CUST004,Samuel Ward,austinnorman@hotmail.com,London,MTR0004,Semi-Detached,02/01/2024 23:31:12,0.2,0.36,FALSE,0,,FALSE,,
REC001105,CUST004,Samuel Ward,austinnorman@hotmail.com,London,MTR0004,Semi-Detached,03/01/2024 00:00:00,0.62,0.61,FALSE,0,,FALSE,,
REC001106,CUST004,Samuel Ward,austinnorman@hotmail.com,London,MTR0004,Semi-Detached,03/01/2024 00:28:48,1.14,1.15,FALSE,0,,FALSE,,
REC001107,CUST004,Samuel Ward,austinnorman@hotmail.com,London,MTR0004,Semi-Detached,03/01/2024 00:57:36,0.37,0.37,FALSE,0,,FALSE,,
REC001108,CUST004,Samuel Ward,austinnorman@hotmail.com,London,MTR0004,Semi-Detached,03/01/2024 01:26:24,0.63,0.57,FALSE,0,,FALSE,,
REC001109,CUST004,Samuel Ward,austinnorman@hotmail.com,London,MTR0004,Semi-Detached,03/01/2024 01:55:12,0.52,0.37,TRUE,40.54,Schedule change,TRUE,1/3/2024 02:14,FALSE
REC001110,CUST004,Samuel Ward,austinnorman@hotmail.com,London,MTR0004,Semi-Detached,03/01/2024 02:24:00,0.94,0.94,FALSE,0,,FALSE,,
REC001111,CUST004,Samuel Ward,austinnorman@hotmail.com,London,MTR0004,Semi-Detached,03/01/2024 03:07:12,0.33,0.35,FALSE,0,,FALSE,,
REC001112,CUST004,Samuel Ward,austinnorman@hotmail.com,London,MTR0004,Semi-Detached,03/01/2024 03:36:00,0.5,0.57,FALSE,0,,FALSE,,
REC001113,CUST004,Samuel Ward,austinnorman@hotmail.com,London,MTR0004,Semi-Detached,03/01/2024 04:04:48,0.6,0.51,FALSE,0,,FALSE,,
REC001114,CUST004,Samuel Ward,austinnorman@hotmail.com,London,MTR0004,Semi-Detached,03/01/2024 04:33:36,1.08,1.14,FALSE,0,,FALSE,,
REC001115,CUST004,Samuel Ward,austinnorman@hotmail.com,London,MTR0004,Semi-Detached,03/01/2024 05:02:24,0.63,0.66,FALSE,0,,FALSE,,
REC001116,CUST004,Samuel Ward,austinnorman@hotmail.com,London,MTR0004,Semi-Detached,03/01/2024 05:31:12,0.79,0.73,FALSE,0,,FALSE,,
REC001117,CUST004,Samuel Ward,austinnorman@hotmail.com,London,MTR0004,Semi-Detached,03/01/2024 06:00:00,0.51,0.5,FALSE,0,,FALSE,,
REC001118,CUST004,Samuel Ward,austinnorman@hotmail.com,London,MTR0004,Semi-Detached,03/01/2024 06:28:48,0.84,0.84,FALSE,0,,FALSE,,
REC001119,CUST004,Samuel Ward,austinnorman@hotmail.com,London,MTR0004,Semi-Detached,03/01/2024 06:57:36,0.53,0.62,FALSE,0,,FALSE,,
REC001120,CUST004,Samuel Ward,austinnorman@hotmail.com,London,MTR0004,Semi-Detached,03/01/2024 07:26:24,1.13,1.1,FALSE,0,,FALSE,,
REC001121,CUST004,Samuel Ward,austinnorman@hotmail.com,London,MTR0004,Semi-Detached,03/01/2024 07:55:12,0.97,0.75,FALSE,0,,FALSE,,
REC001122,CUST004,Samuel Ward,austinnorman@hotmail.com,London,MTR0004,Semi-Detached,03/01/2024 08:24:00,0.73,0.86,FALSE,0,,FALSE,,
REC001123,CUST004,Samuel Ward,austinnorman@hotmail.com,London,MTR0004,Semi-Detached,03/01/2024 09:07:12,0.25,0.36,FALSE,0,,FALSE,,
REC001124,CUST004,Samuel Ward,austinnorman@hotmail.com,London,MTR0004,Semi-Detached,03/01/2024 09:36:00,1.02,0.94,FALSE,0,,FALSE,,
REC001125,CUST004,Samuel Ward,austinnorman@hotmail.com,London,MTR0004,Semi-Detached,03/01/2024 10:04:48,1.06,1.04,FALSE,0,,FALSE,,
REC001126,CUST004,Samuel Ward,austinnorman@hotmail.com,London,MTR0004,Semi-Detached,03/01/2024 10:33:36,0.91,0.77,FALSE,0,,FALSE,,
REC001127,CUST004,Samuel Ward,austinnorman@hotmail.com,London,MTR0004,Semi-Detached,03/01/2024 11:02:24,0.36,0.43,FALSE,0,,FALSE,,
REC001128,CUST004,Samuel Ward,austinnorman@hotmail.com,London,MTR0004,Semi-Detached,03/01/2024 11:31:12,0.84,0.75,FALSE,0,,FALSE,,
REC001129,CUST004,Samuel Ward,austinnorman@hotmail.com,London,MTR0004,Semi-Detached,03/01/2024 12:00:00,0.59,0.56,FALSE,0,,FALSE,,
REC001130,CUST004,Samuel Ward,austinnorman@hotmail.com,London,MTR0004,Semi-Detached,03/01/2024 12:28:48,0.26,0.35,FALSE,0,,FALSE,,
REC001131,CUST004,Samuel Ward,austinnorman@hotmail.com,London,MTR0004,Semi-Detached,03/01/2024 12:57:36,0.91,0.97,FALSE,0,,FALSE,,
REC001132,CUST004,Samuel Ward,austinnorman@hotmail.com,London,MTR0004,Semi-Detached,03/01/2024 13:26:24,0.55,0.55,FALSE,0,,FALSE,,
REC001133,CUST004,Samuel Ward,austinnorman@hotmail.com,London,MTR0004,Semi-Detached,03/01/2024 13:55:12,0.85,0.94,FALSE,0,,FALSE,,
REC001134,CUST004,Samuel Ward,austinnorman@hotmail.com,London,MTR0004,Semi-Detached,03/01/2024 14:24:00,0.5,0.39,FALSE,0,,FALSE,,
REC001135,CUST004,Samuel Ward,austinnorman@hotmail.com,London,MTR0004,Semi-Detached,03/01/2024 15:07:12,0.69,0.62,FALSE,0,,FALSE,,
REC001136,CUST004,Samuel Ward,austinnorman@hotmail.com,London,MTR0004,Semi-Detached,03/01/2024 15:36:00,0.53,0.58,FALSE,0,,FALSE,,
REC001137,CUST004,Samuel Ward,austinnorman@hotmail.com,London,MTR0004,Semi-Detached,03/01/2024 16:04:48,0.99,1.01,FALSE,0,,FALSE,,
REC001138,CUST004,Samuel Ward,austinnorman@hotmail.com,London,MTR0004,Semi-Detached,03/01/2024 16:33:36,1.21,1.12,FALSE,0,,FALSE,,
REC001139,CUST004,Samuel Ward,austinnorman@hotmail.com,London,MTR0004,Semi-Detached,03/01/2024 17:02:24,0.63,0.64,FALSE,0,,FALSE,,
REC001140,CUST004,Samuel Ward,austinnorman@hotmail.com,London,MTR0004,Semi-Detached,03/01/2024 17:31:12,0.85,0.65,FALSE,0,,FALSE,,
REC001141,CUST004,Samuel Ward,austinnorman@hotmail.com,London,MTR0004,Semi-Detached,03/01/2024 18:00:00,0.92,0.87,FALSE,0,,FALSE,,
REC001142,CUST004,Samuel Ward,austinnorman@hotmail.com,London,MTR0004,Semi-Detached,03/01/2024 18:28:48,0.82,0.9,FALSE,0,,FALSE,,
REC001143,CUST004,Samuel Ward,austinnorman@hotmail.com,London,MTR0004,Semi-Detached,03/01/2024 18:57:36,1.06,1.17,FALSE,0,,FALSE,,
REC001144,CUST004,Samuel Ward,austinnorman@hotmail.com,London,MTR0004,Semi-Detached,03/01/2024 19:26:24,0.5,0.39,FALSE,0,,FALSE,,
REC001145,CUST004,Samuel Ward,austinnorman@hotmail.com,London,MTR0004,Semi-Detached,03/01/2024 19:55:12,0.96,1,FALSE,0,,FALSE,,
REC001146,CUST004,Samuel Ward,austinnorman@hotmail.com,London,MTR0004,Semi-Detached,03/01/2024 20:24:00,0.63,0.62,FALSE,0,,FALSE,,
REC001147,CUST004,Samuel Ward,austinnorman@hotmail.com,London,MTR0004,Semi-Detached,03/01/2024 21:07:12,0.88,1.16,FALSE,0,,FALSE,,
REC001148,CUST004,Samuel Ward,austinnorman@hotmail.com,London,MTR0004,Semi-Detached,03/01/2024 21:36:00,0.71,0.71,FALSE,0,,FALSE,,
REC001149,CUST004,Samuel Ward,austinnorman@hotmail.com,London,MTR0004,Semi-Detached,03/01/2024 22:04:48,0.35,0.49,FALSE,0,,FALSE,,
REC001150,CUST004,Samuel Ward,austinnorman@hotmail.com,London,MTR0004,Semi-Detached,03/01/2024 22:33:36,0.21,0.35,FALSE,0,,FALSE,,
REC001151,CUST004,Samuel Ward,austinnorman@hotmail.com,London,MTR0004,Semi-Detached,03/01/2024 23:02:24,1.11,0.99,FALSE,0,,FALSE,,
REC001152,CUST004,Samuel Ward,austinnorman@hotmail.com,London,MTR0004,Semi-Detached,03/01/2024 23:31:12,1.04,1.07,FALSE,0,,FALSE,,
REC001153,CUST004,Samuel Ward,austinnorman@hotmail.com,London,MTR0004,Semi-Detached,04/01/2024 00:00:00,0.45,0.49,FALSE,0,,FALSE,,
REC001154,CUST004,Samuel Ward,austinnorman@hotmail.com,London,MTR0004,Semi-Detached,04/01/2024 00:28:48,1.3,1.09,FALSE,0,,FALSE,,
REC001155,CUST004,Samuel Ward,austinnorman@hotmail.com,London,MTR0004,Semi-Detached,04/01/2024 00:57:36,0.59,0.49,FALSE,0,,FALSE,,
REC001156,CUST004,Samuel Ward,austinnorman@hotmail.com,London,MTR0004,Semi-Detached,04/01/2024 01:26:24,0.73,0.57,FALSE,0,,FALSE,,
REC001157,CUST004,Samuel Ward,austinnorman@hotmail.com,London,MTR0004,Semi-Detached,04/01/2024 01:55:12,0.55,0.42,FALSE,0,,FALSE,,
REC001158,CUST004,Samuel Ward,austinnorman@hotmail.com,London,MTR0004,Semi-Detached,04/01/2024 02:24:00,0.66,0.58,FALSE,0,,FALSE,,
REC001159,CUST004,Samuel Ward,austinnorman@hotmail.com,London,MTR0004,Semi-Detached,04/01/2024 03:07:12,1.03,0.88,FALSE,0,,FALSE,,
REC001160,CUST004,Samuel Ward,austinnorman@hotmail.com,London,MTR0004,Semi-Detached,04/01/2024 03:36:00,0.4,0.48,FALSE,0,,FALSE,,
REC001161,CUST004,Samuel Ward,austinnorman@hotmail.com,London,MTR0004,Semi-Detached,04/01/2024 04:04:48,1.01,1.1,FALSE,0,,FALSE,,
REC001162,CUST004,Samuel Ward,austinnorman@hotmail.com,London,MTR0004,Semi-Detached,04/01/2024 04:33:36,0.21,0.35,FALSE,0,,FALSE,,
REC001163,CUST004,Samuel Ward,austinnorman@hotmail.com,London,MTR0004,Semi-Detached,04/01/2024 05:02:24,0.23,0.4,FALSE,0,,FALSE,,
REC001164,CUST004,Samuel Ward,austinnorman@hotmail.com,London,MTR0004,Semi-Detached,04/01/2024 05:31:12,1.06,1.05,FALSE,0,,FALSE,,
REC001165,CUST004,Samuel Ward,austinnorman@hotmail.com,London,MTR0004,Semi-Detached,04/01/2024 06:00:00,0.16,0.31,FALSE,0,,FALSE,,
REC001166,CUST004,Samuel Ward,austinnorman@hotmail.com,London,MTR0004,Semi-Detached,04/01/2024 06:28:48,0.21,0.32,FALSE,0,,FALSE,,
REC001167,CUST004,Samuel Ward,austinnorman@hotmail.com,London,MTR0004,Semi-Detached,04/01/2024 06:57:36,0.39,0.41,FALSE,0,,FALSE,,
REC001168,CUST004,Samuel Ward,austinnorman@hotmail.com,London,MTR0004,Semi-Detached,04/01/2024 07:26:24,0.4,0.66,FALSE,0,,FALSE,,
REC001169,CUST004,Samuel Ward,austinnorman@hotmail.com,London,MTR0004,Semi-Detached,04/01/2024 07:55:12,0.77,0.78,FALSE,0,,FALSE,,
REC001170,CUST004,Samuel Ward,austinnorman@hotmail.com,London,MTR0004,Semi-Detached,04/01/2024 08:24:00,0.72,0.72,FALSE,0,,FALSE,,
REC001171,CUST004,Samuel Ward,austinnorman@hotmail.com,London,MTR0004,Semi-Detached,04/01/2024 09:07:12,1.37,1.17,FALSE,0,,FALSE,,
REC001172,CUST004,Samuel Ward,austinnorman@hotmail.com,London,MTR0004,Semi-Detached,04/01/2024 09:36:00,0.6,0.58,FALSE,0,,FALSE,,
REC001173,CUST004,Samuel Ward,austinnorman@hotmail.com,London,MTR0004,Semi-Detached,04/01/2024 10:04:48,1.01,1,FALSE,0,,FALSE,,
REC001174,CUST004,Samuel Ward,austinnorman@hotmail.com,London,MTR0004,Semi-Detached,04/01/2024 10:33:36,1.33,1.18,FALSE,0,,FALSE,,
REC001175,CUST004,Samuel Ward,austinnorman@hotmail.com,London,MTR0004,Semi-Detached,04/01/2024 11:02:24,0.39,0.41,FALSE,0,,FALSE,,
REC001176,CUST004,Samuel Ward,austinnorman@hotmail.com,London,MTR0004,Semi-Detached,04/01/2024 11:31:12,0.56,0.54,FALSE,0,,FALSE,,
REC001177,CUST004,Samuel Ward,austinnorman@hotmail.com,London,MTR0004,Semi-Detached,04/01/2024 12:00:00,0.42,0.32,FALSE,0,,FALSE,,
REC001178,CUST004,Samuel Ward,austinnorman@hotmail.com,London,MTR0004,Semi-Detached,04/01/2024 12:28:48,0.7,0.77,FALSE,0,,FALSE,,
REC001179,CUST004,Samuel Ward,austinnorman@hotmail.com,London,MTR0004,Semi-Detached,04/01/2024 12:57:36,0.71,0.61,FALSE,0,,FALSE,,
REC001180,CUST004,Samuel Ward,austinnorman@hotmail.com,London,MTR0004,Semi-Detached,04/01/2024 13:26:24,1.04,1.18,FALSE,0,,FALSE,,
REC001181,CUST004,Samuel Ward,austinnorman@hotmail.com,London,MTR0004,Semi-Detached,04/01/2024 13:55:12,1.13,1.06,FALSE,0,,FALSE,,
REC001182,CUST004,Samuel Ward,austinnorman@hotmail.com,London,MTR0004,Semi-Detached,04/01/2024 14:24:00,0.78,0.71,FALSE,0,,FALSE,,
REC001183,CUST004,Samuel Ward,austinnorman@hotmail.com,London,MTR0004,Semi-Detached,04/01/2024 15:07:12,0.62,0.66,FALSE,0,,FALSE,,
REC001184,CUST004,Samuel Ward,austinnorman@hotmail.com,London,MTR0004,Semi-Detached,04/01/2024 15:36:00,0.49,0.51,FALSE,0,,FALSE,,
REC001185,CUST004,Samuel Ward,austinnorman@hotmail.com,London,MTR0004,Semi-Detached,04/01/2024 16:04:48,0.69,0.52,FALSE,0,,FALSE,,
REC001186,CUST004,Samuel Ward,austinnorman@hotmail.com,London,MTR0004,Semi-Detached,04/01/2024 16:33:36,0.72,0.73,FALSE,0,,FALSE,,
REC001187,CUST004,Samuel Ward,austinnorman@hotmail.com,London,MTR0004,Semi-Detached,04/01/2024 17:02:24,0.4,0.35,FALSE,0,,FALSE,,
REC001188,CUST004,Samuel Ward,austinnorman@hotmail.com,London,MTR0004,Semi-Detached,04/01/2024 17:31:12,0.38,0.37,FALSE,0,,FALSE,,
REC001189,CUST004,Samuel Ward,austinnorman@hotmail.com,London,MTR0004,Semi-Detached,04/01/2024 18:00:00,0.56,0.63,FALSE,0,,FALSE,,
REC001190,CUST004,Samuel Ward,austinnorman@hotmail.com,London,MTR0004,Semi-Detached,04/01/2024 18:28:48,0.37,0.43,FALSE,0,,FALSE,,
REC001191,CUST004,Samuel Ward,austinnorman@hotmail.com,London,MTR0004,Semi-Detached,04/01/2024 18:57:36,0.9,0.86,FALSE,0,,FALSE,,
REC001192,CUST004,Samuel Ward,austinnorman@hotmail.com,London,MTR0004,Semi-Detached,04/01/2024 19:26:24,0.57,0.43,FALSE,0,,FALSE,,
REC001193,CUST004,Samuel Ward,austinnorman@hotmail.com,London,MTR0004,Semi-Detached,04/01/2024 19:55:12,0.9,1.03,FALSE,0,,FALSE,,
REC001194,CUST004,Samuel Ward,austinnorman@hotmail.com,London,MTR0004,Semi-Detached,04/01/2024 20:24:00,1.07,0.91,FALSE,0,,FALSE,,
REC001195,CUST004,Samuel Ward,austinnorman@hotmail.com,London,MTR0004,Semi-Detached,04/01/2024 21:07:12,0.59,0.53,FALSE,0,,FALSE,,
REC001196,CUST004,Samuel Ward,austinnorman@hotmail.com,London,MTR0004,Semi-Detached,04/01/2024 21:36:00,0.54,0.56,FALSE,0,,FALSE,,
REC001197,CUST004,Samuel Ward,austinnorman@hotmail.com,London,MTR0004,Semi-Detached,04/01/2024 22:04:48,0.75,0.72,FALSE,0,,FALSE,,
REC001198,CUST004,Samuel Ward,austinnorman@hotmail.com,London,MTR0004,Semi-Detached,04/01/2024 22:33:36,0.42,0.36,FALSE,0,,FALSE,,
REC001199,CUST004,Samuel Ward,austinnorman@hotmail.com,London,MTR0004,Semi-Detached,04/01/2024 23:02:24,0.32,0.43,FALSE,0,,FALSE,,
REC001200,CUST004,Samuel Ward,austinnorman@hotmail.com,London,MTR0004,Semi-Detached,04/01/2024 23:31:12,1.14,1.16,FALSE,0,,FALSE,,
REC001201,CUST004,Samuel Ward,austinnorman@hotmail.com,London,MTR0004,Semi-Detached,05/01/2024 00:00:00,0.78,0.78,FALSE,0,,FALSE,,
REC001202,CUST004,Samuel Ward,austinnorman@hotmail.com,London,MTR0004,Semi-Detached,05/01/2024 00:28:48,0.75,0.91,FALSE,0,,FALSE,,
REC001203,CUST004,Samuel Ward,austinnorman@hotmail.com,London,MTR0004,Semi-Detached,05/01/2024 00:57:36,0.45,0.37,FALSE,0,,FALSE,,
REC001204,CUST004,Samuel Ward,austinnorman@hotmail.com,London,MTR0004,Semi-Detached,05/01/2024 01:26:24,0.65,0.71,FALSE,0,,FALSE,,
REC001205,CUST004,Samuel Ward,austinnorman@hotmail.com,London,MTR0004,Semi-Detached,05/01/2024 01:55:12,0.73,0.79,FALSE,0,,FALSE,,
REC001206,CUST004,Samuel Ward,austinnorman@hotmail.com,London,MTR0004,Semi-Detached,05/01/2024 02:24:00,0.44,0.45,FALSE,0,,FALSE,,
REC001207,CUST004,Samuel Ward,austinnorman@hotmail.com,London,MTR0004,Semi-Detached,05/01/2024 03:07:12,0.74,0.7,FALSE,0,,FALSE,,
REC001208,CUST004,Samuel Ward,austinnorman@hotmail.com,London,MTR0004,Semi-Detached,05/01/2024 03:36:00,0.56,0.52,FALSE,0,,FALSE,,
REC001209,CUST004,Samuel Ward,austinnorman@hotmail.com,London,MTR0004,Semi-Detached,05/01/2024 04:04:48,1.16,1.16,FALSE,0,,FALSE,,
REC001210,CUST004,Samuel Ward,austinnorman@hotmail.com,London,MTR0004,Semi-Detached,05/01/2024 04:33:36,0.56,0.53,FALSE,0,,FALSE,,
REC001211,CUST004,Samuel Ward,austinnorman@hotmail.com,London,MTR0004,Semi-Detached,05/01/2024 05:02:24,0.62,0.69,FALSE,0,,FALSE,,
REC001212,CUST004,Samuel Ward,austinnorman@hotmail.com,London,MTR0004,Semi-Detached,05/01/2024 05:31:12,0.88,0.86,FALSE,0,,FALSE,,
REC001213,CUST004,Samuel Ward,austinnorman@hotmail.com,London,MTR0004,Semi-Detached,05/01/2024 06:00:00,1.23,1.18,FALSE,0,,FALSE,,
REC001214,CUST004,Samuel Ward,austinnorman@hotmail.com,London,MTR0004,Semi-Detached,05/01/2024 06:28:48,1.06,1.12,FALSE,0,,FALSE,,
REC001215,CUST004,Samuel Ward,austinnorman@hotmail.com,London,MTR0004,Semi-Detached,05/01/2024 06:57:36,1.15,1.15,FALSE,0,,FALSE,,
REC001216,CUST004,Samuel Ward,austinnorman@hotmail.com,London,MTR0004,Semi-Detached,05/01/2024 07:26:24,1.24,1.18,FALSE,0,,FALSE,,
REC001217,CUST004,Samuel Ward,austinnorman@hotmail.com,London,MTR0004,Semi-Detached,05/01/2024 07:55:12,0.97,0.98,FALSE,0,,FALSE,,
REC001218,CUST004,Samuel Ward,austinnorman@hotmail.com,London,MTR0004,Semi-Detached,05/01/2024 08:24:00,0.83,0.95,FALSE,0,,FALSE,,
REC001219,CUST004,Samuel Ward,austinnorman@hotmail.com,London,MTR0004,Semi-Detached,05/01/2024 09:07:12,0.66,0.52,FALSE,0,,FALSE,,
REC001220,CUST004,Samuel Ward,austinnorman@hotmail.com,London,MTR0004,Semi-Detached,05/01/2024 09:36:00,0.57,0.45,FALSE,0,,FALSE,,
REC001221,CUST004,Samuel Ward,austinnorman@hotmail.com,London,MTR0004,Semi-Detached,05/01/2024 10:04:48,0.81,0.81,FALSE,0,,FALSE,,
REC001222,CUST004,Samuel Ward,austinnorman@hotmail.com,London,MTR0004,Semi-Detached,05/01/2024 10:33:36,0.47,0.31,TRUE,51.61,Guest visit,TRUE,1/5/2024 10:35,TRUE
REC001223,CUST004,Samuel Ward,austinnorman@hotmail.com,London,MTR0004,Semi-Detached,05/01/2024 11:02:24,0.37,0.31,FALSE,0,,FALSE,,
REC001224,CUST004,Samuel Ward,austinnorman@hotmail.com,London,MTR0004,Semi-Detached,05/01/2024 11:31:12,0.49,0.51,FALSE,0,,FALSE,,
REC001225,CUST004,Samuel Ward,austinnorman@hotmail.com,London,MTR0004,Semi-Detached,05/01/2024 12:00:00,0.8,0.87,FALSE,0,,FALSE,,
REC001226,CUST004,Samuel Ward,austinnorman@hotmail.com,London,MTR0004,Semi-Detached,05/01/2024 12:28:48,0.95,1.06,FALSE,0,,FALSE,,
REC001227,CUST004,Samuel Ward,austinnorman@hotmail.com,London,MTR0004,Semi-Detached,05/01/2024 12:57:36,0.94,0.96,FALSE,0,,FALSE,,
REC001228,CUST004,Samuel Ward,austinnorman@hotmail.com,London,MTR0004,Semi-Detached,05/01/2024 13:26:24,0.24,0.33,FALSE,0,,FALSE,,
REC001229,CUST004,Samuel Ward,austinnorman@hotmail.com,London,MTR0004,Semi-Detached,05/01/2024 13:55:12,0.65,0.73,FALSE,0,,FALSE,,
REC001230,CUST004,Samuel Ward,austinnorman@hotmail.com,London,MTR0004,Semi-Detached,05/01/2024 14:24:00,0.59,0.56,FALSE,0,,FALSE,,
REC001231,CUST004,Samuel Ward,austinnorman@hotmail.com,London,MTR0004,Semi-Detached,05/01/2024 15:07:12,0.53,0.66,FALSE,0,,FALSE,,
REC001232,CUST004,Samuel Ward,austinnorman@hotmail.com,London,MTR0004,Semi-Detached,05/01/2024 15:36:00,0.82,0.98,FALSE,0,,FALSE,,
REC001233,CUST004,Samuel Ward,austinnorman@hotmail.com,London,MTR0004,Semi-Detached,05/01/2024 16:04:48,1.14,1.13,FALSE,0,,FALSE,,
REC001234,CUST004,Samuel Ward,austinnorman@hotmail.com,London,MTR0004,Semi-Detached,05/01/2024 16:33:36,0.68,0.62,FALSE,0,,FALSE,,
REC001235,CUST004,Samuel Ward,austinnorman@hotmail.com,London,MTR0004,Semi-Detached,05/01/2024 17:02:24,1.05,1.01,FALSE,0,,FALSE,,
REC001236,CUST004,Samuel Ward,austinnorman@hotmail.com,London,MTR0004,Semi-Detached,05/01/2024 17:31:12,0.46,0.62,FALSE,0,,FALSE,,
REC001237,CUST004,Samuel Ward,austinnorman@hotmail.com,London,MTR0004,Semi-Detached,05/01/2024 18:00:00,0.82,0.89,FALSE,0,,FALSE,,
REC001238,CUST004,Samuel Ward,austinnorman@hotmail.com,London,MTR0004,Semi-Detached,05/01/2024 18:28:48,1.07,1.13,FALSE,0,,FALSE,,
REC001239,CUST004,Samuel Ward,austinnorman@hotmail.com,London,MTR0004,Semi-Detached,05/01/2024 18:57:36,0.24,0.39,FALSE,0,,FALSE,,
REC001240,CUST004,Samuel Ward,austinnorman@hotmail.com,London,MTR0004,Semi-Detached,05/01/2024 19:26:24,0.34,0.34,FALSE,0,,FALSE,,
REC001241,CUST004,Samuel Ward,austinnorman@hotmail.com,London,MTR0004,Semi-Detached,05/01/2024 19:55:12,0.35,0.33,FALSE,0,,FALSE,,
REC001242,CUST004,Samuel Ward,austinnorman@hotmail.com,London,MTR0004,Semi-Detached,05/01/2024 20:24:00,0.53,0.55,FALSE,0,,FALSE,,
REC001243,CUST004,Samuel Ward,austinnorman@hotmail.com,London,MTR0004,Semi-Detached,05/01/2024 21:07:12,1.01,1.16,FALSE,0,,FALSE,,
REC001244,CUST004,Samuel Ward,austinnorman@hotmail.com,London,MTR0004,Semi-Detached,05/01/2024 21:36:00,1.02,0.82,FALSE,0,,FALSE,,
REC001245,CUST004,Samuel Ward,austinnorman@hotmail.com,London,MTR0004,Semi-Detached,05/01/2024 22:04:48,0.69,0.77,FALSE,0,,FALSE,,
REC001246,CUST004,Samuel Ward,austinnorman@hotmail.com,London,MTR0004,Semi-Detached,05/01/2024 22:33:36,0.72,0.62,FALSE,0,,FALSE,,
REC001247,CUST004,Samuel Ward,austinnorman@hotmail.com,London,MTR0004,Semi-Detached,05/01/2024 23:02:24,1.24,1.1,FALSE,0,,FALSE,,
REC001248,CUST004,Samuel Ward,austinnorman@hotmail.com,London,MTR0004,Semi-Detached,05/01/2024 23:31:12,0.69,0.73,FALSE,0,,FALSE,,
REC001249,CUST004,Samuel Ward,austinnorman@hotmail.com,London,MTR0004,Semi-Detached,06/01/2024 00:00:00,0.79,0.75,FALSE,0,,FALSE,,
REC001250,CUST004,Samuel Ward,austinnorman@hotmail.com,London,MTR0004,Semi-Detached,06/01/2024 00:28:48,0.34,0.47,FALSE,0,,FALSE,,
REC001251,CUST004,Samuel Ward,austinnorman@hotmail.com,London,MTR0004,Semi-Detached,06/01/2024 00:57:36,0.56,0.6,FALSE,0,,FALSE,,
REC001252,CUST004,Samuel Ward,austinnorman@hotmail.com,London,MTR0004,Semi-Detached,06/01/2024 01:26:24,0.4,0.36,FALSE,0,,FALSE,,
REC001253,CUST004,Samuel Ward,austinnorman@hotmail.com,London,MTR0004,Semi-Detached,06/01/2024 01:55:12,0.36,0.36,FALSE,0,,FALSE,,
REC001254,CUST004,Samuel Ward,austinnorman@hotmail.com,London,MTR0004,Semi-Detached,06/01/2024 02:24:00,0.74,0.67,FALSE,0,,FALSE,,
REC001255,CUST004,Samuel Ward,austinnorman@hotmail.com,London,MTR0004,Semi-Detached,06/01/2024 03:07:12,0.98,1.03,FALSE,0,,FALSE,,
REC001256,CUST004,Samuel Ward,austinnorman@hotmail.com,London,MTR0004,Semi-Detached,06/01/2024 03:36:00,1.02,0.92,FALSE,0,,FALSE,,
REC001257,CUST004,Samuel Ward,austinnorman@hotmail.com,London,MTR0004,Semi-Detached,06/01/2024 04:04:48,0.89,0.99,FALSE,0,,FALSE,,
REC001258,CUST004,Samuel Ward,austinnorman@hotmail.com,London,MTR0004,Semi-Detached,06/01/2024 04:33:36,1.13,1.09,FALSE,0,,FALSE,,
REC001259,CUST004,Samuel Ward,austinnorman@hotmail.com,London,MTR0004,Semi-Detached,06/01/2024 05:02:24,0.73,0.79,FALSE,0,,FALSE,,
REC001260,CUST004,Samuel Ward,austinnorman@hotmail.com,London,MTR0004,Semi-Detached,06/01/2024 05:31:12,0.16,0.33,FALSE,0,,FALSE,,
REC001261,CUST004,Samuel Ward,austinnorman@hotmail.com,London,MTR0004,Semi-Detached,06/01/2024 06:00:00,0.49,0.42,FALSE,0,,FALSE,,
REC001262,CUST004,Samuel Ward,austinnorman@hotmail.com,London,MTR0004,Semi-Detached,06/01/2024 06:28:48,0.1,0.35,FALSE,0,,FALSE,,
REC001263,CUST004,Samuel Ward,austinnorman@hotmail.com,London,MTR0004,Semi-Detached,06/01/2024 06:57:36,1.11,1.18,FALSE,0,,FALSE,,
REC001264,CUST004,Samuel Ward,austinnorman@hotmail.com,London,MTR0004,Semi-Detached,06/01/2024 07:26:24,0.47,0.57,FALSE,0,,FALSE,,
REC001265,CUST004,Samuel Ward,austinnorman@hotmail.com,London,MTR0004,Semi-Detached,06/01/2024 07:55:12,0.63,0.51,FALSE,0,,FALSE,,
REC001266,CUST004,Samuel Ward,austinnorman@hotmail.com,London,MTR0004,Semi-Detached,06/01/2024 08:24:00,1.14,1.06,FALSE,0,,FALSE,,
REC001267,CUST004,Samuel Ward,austinnorman@hotmail.com,London,MTR0004,Semi-Detached,06/01/2024 09:07:12,0.57,0.68,FALSE,0,,FALSE,,
REC001268,CUST004,Samuel Ward,austinnorman@hotmail.com,London,MTR0004,Semi-Detached,06/01/2024 09:36:00,0.82,0.94,FALSE,0,,FALSE,,
REC001269,CUST004,Samuel Ward,austinnorman@hotmail.com,London,MTR0004,Semi-Detached,06/01/2024 10:04:48,0.99,1.04,FALSE,0,,FALSE,,
REC001270,CUST004,Samuel Ward,austinnorman@hotmail.com,London,MTR0004,Semi-Detached,06/01/2024 10:33:36,1,1.11,FALSE,0,,FALSE,,
REC001271,CUST004,Samuel Ward,austinnorman@hotmail.com,London,MTR0004,Semi-Detached,06/01/2024 11:02:24,1.18,1.03,FALSE,0,,FALSE,,
REC001272,CUST004,Samuel Ward,austinnorman@hotmail.com,London,MTR0004,Semi-Detached,06/01/2024 11:31:12,0.72,0.89,FALSE,0,,FALSE,,
REC001273,CUST004,Samuel Ward,austinnorman@hotmail.com,London,MTR0004,Semi-Detached,06/01/2024 12:00:00,0.55,0.37,TRUE,48.65,Heater malfunction,TRUE,1/6/2024 12:28,TRUE
REC001274,CUST004,Samuel Ward,austinnorman@hotmail.com,London,MTR0004,Semi-Detached,06/01/2024 12:28:48,0.49,0.45,FALSE,0,,FALSE,,
REC001275,CUST004,Samuel Ward,austinnorman@hotmail.com,London,MTR0004,Semi-Detached,06/01/2024 12:57:36,1.06,1,FALSE,0,,FALSE,,
REC001276,CUST004,Samuel Ward,austinnorman@hotmail.com,London,MTR0004,Semi-Detached,06/01/2024 13:26:24,0.35,0.34,FALSE,0,,FALSE,,
REC001277,CUST004,Samuel Ward,austinnorman@hotmail.com,London,MTR0004,Semi-Detached,06/01/2024 13:55:12,0.38,0.54,FALSE,0,,FALSE,,
REC001278,CUST004,Samuel Ward,austinnorman@hotmail.com,London,MTR0004,Semi-Detached,06/01/2024 14:24:00,1.02,0.94,FALSE,0,,FALSE,,
REC001279,CUST004,Samuel Ward,austinnorman@hotmail.com,London,MTR0004,Semi-Detached,06/01/2024 15:07:12,0.98,0.98,FALSE,0,,FALSE,,
REC001280,CUST004,Samuel Ward,austinnorman@hotmail.com,London,MTR0004,Semi-Detached,06/01/2024 15:36:00,0.66,0.76,FALSE,0,,FALSE,,
REC001281,CUST004,Samuel Ward,austinnorman@hotmail.com,London,MTR0004,Semi-Detached,06/01/2024 16:04:48,0.74,0.63,FALSE,0,,FALSE,,
REC001282,CUST004,Samuel Ward,austinnorman@hotmail.com,London,MTR0004,Semi-Detached,06/01/2024 16:33:36,0.82,0.72,FALSE,0,,FALSE,,
REC001283,CUST004,Samuel Ward,austinnorman@hotmail.com,London,MTR0004,Semi-Detached,06/01/2024 17:02:24,1.24,1.13,FALSE,0,,FALSE,,
REC001284,CUST004,Samuel Ward,austinnorman@hotmail.com,London,MTR0004,Semi-Detached,06/01/2024 17:31:12,1.17,1.08,FALSE,0,,FALSE,,
REC001285,CUST004,Samuel Ward,austinnorman@hotmail.com,London,MTR0004,Semi-Detached,06/01/2024 18:00:00,0.5,0.55,FALSE,0,,FALSE,,
REC001286,CUST004,Samuel Ward,austinnorman@hotmail.com,London,MTR0004,Semi-Detached,06/01/2024 18:28:48,0.66,0.61,FALSE,0,,FALSE,,
REC001287,CUST004,Samuel Ward,austinnorman@hotmail.com,London,MTR0004,Semi-Detached,06/01/2024 18:57:36,0.71,0.6,FALSE,0,,FALSE,,
REC001288,CUST004,Samuel Ward,austinnorman@hotmail.com,London,MTR0004,Semi-Detached,06/01/2024 19:26:24,0.9,0.81,FALSE,0,,FALSE,,
REC001289,CUST004,Samuel Ward,austinnorman@hotmail.com,London,MTR0004,Semi-Detached,06/01/2024 19:55:12,0.91,1.15,FALSE,0,,FALSE,,
REC001290,CUST004,Samuel Ward,austinnorman@hotmail.com,London,MTR0004,Semi-Detached,06/01/2024 20:24:00,0.44,0.45,FALSE,0,,FALSE,,
REC001291,CUST004,Samuel Ward,austinnorman@hotmail.com,London,MTR0004,Semi-Detached,06/01/2024 21:07:12,0.94,1.01,FALSE,0,,FALSE,,
REC001292,CUST004,Samuel Ward,austinnorman@hotmail.com,London,MTR0004,Semi-Detached,06/01/2024 21:36:00,0.46,0.32,TRUE,43.75,Overnight appliance,TRUE,1/6/2024 21:44,TRUE
REC001293,CUST004,Samuel Ward,austinnorman@hotmail.com,London,MTR0004,Semi-Detached,06/01/2024 22:04:48,1.05,1.06,FALSE,0,,FALSE,,
REC001294,CUST004,Samuel Ward,austinnorman@hotmail.com,London,MTR0004,Semi-Detached,06/01/2024 22:33:36,0.56,0.51,FALSE,0,,FALSE,,
REC001295,CUST004,Samuel Ward,austinnorman@hotmail.com,London,MTR0004,Semi-Detached,06/01/2024 23:02:24,0.95,0.93,FALSE,0,,FALSE,,
REC001296,CUST004,Samuel Ward,austinnorman@hotmail.com,London,MTR0004,Semi-Detached,06/01/2024 23:31:12,1.3,1.17,FALSE,0,,FALSE,,
REC001297,CUST004,Samuel Ward,austinnorman@hotmail.com,London,MTR0004,Semi-Detached,07/01/2024 00:00:00,0.53,0.35,TRUE,51.43,Guest visit,TRUE,1/7/2024 00:15,TRUE
REC001298,CUST004,Samuel Ward,austinnorman@hotmail.com,London,MTR0004,Semi-Detached,07/01/2024 00:28:48,1.08,1.08,FALSE,0,,FALSE,,
REC001299,CUST004,Samuel Ward,austinnorman@hotmail.com,London,MTR0004,Semi-Detached,07/01/2024 00:57:36,0.48,0.46,FALSE,0,,FALSE,,
REC001300,CUST004,Samuel Ward,austinnorman@hotmail.com,London,MTR0004,Semi-Detached,07/01/2024 01:26:24,0.8,0.66,FALSE,0,,FALSE,,
REC001301,CUST004,Samuel Ward,austinnorman@hotmail.com,London,MTR0004,Semi-Detached,07/01/2024 01:55:12,0.31,0.42,FALSE,0,,FALSE,,
REC001302,CUST004,Samuel Ward,austinnorman@hotmail.com,London,MTR0004,Semi-Detached,07/01/2024 02:24:00,0.98,1.08,FALSE,0,,FALSE,,
REC001303,CUST004,Samuel Ward,austinnorman@hotmail.com,London,MTR0004,Semi-Detached,07/01/2024 03:07:12,0.85,0.91,FALSE,0,,FALSE,,
REC001304,CUST004,Samuel Ward,austinnorman@hotmail.com,London,MTR0004,Semi-Detached,07/01/2024 03:36:00,0.94,0.86,FALSE,0,,FALSE,,
REC001305,CUST004,Samuel Ward,austinnorman@hotmail.com,London,MTR0004,Semi-Detached,07/01/2024 04:04:48,0.82,0.81,FALSE,0,,FALSE,,
REC001306,CUST004,Samuel Ward,austinnorman@hotmail.com,London,MTR0004,Semi-Detached,07/01/2024 04:33:36,0.5,0.56,FALSE,0,,FALSE,,
REC001307,CUST004,Samuel Ward,austinnorman@hotmail.com,London,MTR0004,Semi-Detached,07/01/2024 05:02:24,0.7,0.58,FALSE,0,,FALSE,,
REC001308,CUST004,Samuel Ward,austinnorman@hotmail.com,London,MTR0004,Semi-Detached,07/01/2024 05:31:12,0.45,0.6,FALSE,0,,FALSE,,
REC001309,CUST004,Samuel Ward,austinnorman@hotmail.com,London,MTR0004,Semi-Detached,07/01/2024 06:00:00,0.89,0.96,FALSE,0,,FALSE,,
REC001310,CUST004,Samuel Ward,austinnorman@hotmail.com,London,MTR0004,Semi-Detached,07/01/2024 06:28:48,0.99,1.01,FALSE,0,,FALSE,,
REC001311,CUST004,Samuel Ward,austinnorman@hotmail.com,London,MTR0004,Semi-Detached,07/01/2024 06:57:36,0.74,0.56,FALSE,0,,FALSE,,
REC001312,CUST004,Samuel Ward,austinnorman@hotmail.com,London,MTR0004,Semi-Detached,07/01/2024 07:26:24,0.53,0.6,FALSE,0,,FALSE,,
REC001313,CUST004,Samuel Ward,austinnorman@hotmail.com,London,MTR0004,Semi-Detached,07/01/2024 07:55:12,0.4,0.35,FALSE,0,,FALSE,,
REC001314,CUST004,Samuel Ward,austinnorman@hotmail.com,London,MTR0004,Semi-Detached,07/01/2024 08:24:00,0.86,0.88,FALSE,0,,FALSE,,
REC001315,CUST004,Samuel Ward,austinnorman@hotmail.com,London,MTR0004,Semi-Detached,07/01/2024 09:07:12,0.78,0.9,FALSE,0,,FALSE,,
REC001316,CUST004,Samuel Ward,austinnorman@hotmail.com,London,MTR0004,Semi-Detached,07/01/2024 09:36:00,0.73,0.68,FALSE,0,,FALSE,,
REC001317,CUST004,Samuel Ward,austinnorman@hotmail.com,London,MTR0004,Semi-Detached,07/01/2024 10:04:48,0.95,0.98,FALSE,0,,FALSE,,
REC001318,CUST004,Samuel Ward,austinnorman@hotmail.com,London,MTR0004,Semi-Detached,07/01/2024 10:33:36,0.5,0.55,FALSE,0,,FALSE,,
REC001319,CUST004,Samuel Ward,austinnorman@hotmail.com,London,MTR0004,Semi-Detached,07/01/2024 11:02:24,0.56,0.69,FALSE,0,,FALSE,,
REC001320,CUST004,Samuel Ward,austinnorman@hotmail.com,London,MTR0004,Semi-Detached,07/01/2024 11:31:12,1.18,1.17,FALSE,0,,FALSE,,
REC001321,CUST004,Samuel Ward,austinnorman@hotmail.com,London,MTR0004,Semi-Detached,07/01/2024 12:00:00,0.55,0.4,FALSE,0,,FALSE,,
REC001322,CUST004,Samuel Ward,austinnorman@hotmail.com,London,MTR0004,Semi-Detached,07/01/2024 12:28:48,0.87,0.93,FALSE,0,,FALSE,,
REC001323,CUST004,Samuel Ward,austinnorman@hotmail.com,London,MTR0004,Semi-Detached,07/01/2024 12:57:36,0.57,0.68,FALSE,0,,FALSE,,
REC001324,CUST004,Samuel Ward,austinnorman@hotmail.com,London,MTR0004,Semi-Detached,07/01/2024 13:26:24,0.37,0.54,FALSE,0,,FALSE,,
REC001325,CUST004,Samuel Ward,austinnorman@hotmail.com,London,MTR0004,Semi-Detached,07/01/2024 13:55:12,0.31,0.48,FALSE,0,,FALSE,,
REC001326,CUST004,Samuel Ward,austinnorman@hotmail.com,London,MTR0004,Semi-Detached,07/01/2024 14:24:00,0.55,0.56,FALSE,0,,FALSE,,
REC001327,CUST004,Samuel Ward,austinnorman@hotmail.com,London,MTR0004,Semi-Detached,07/01/2024 15:07:12,0.9,0.89,FALSE,0,,FALSE,,
REC001328,CUST004,Samuel Ward,austinnorman@hotmail.com,London,MTR0004,Semi-Detached,07/01/2024 15:36:00,0.41,0.37,FALSE,0,,FALSE,,
REC001329,CUST004,Samuel Ward,austinnorman@hotmail.com,London,MTR0004,Semi-Detached,07/01/2024 16:04:48,0.36,0.37,FALSE,0,,FALSE,,
REC001330,CUST004,Samuel Ward,austinnorman@hotmail.com,London,MTR0004,Semi-Detached,07/01/2024 16:33:36,0.4,0.38,FALSE,0,,FALSE,,
REC001331,CUST004,Samuel Ward,austinnorman@hotmail.com,London,MTR0004,Semi-Detached,07/01/2024 17:02:24,0.99,0.84,FALSE,0,,FALSE,,
REC001332,CUST004,Samuel Ward,austinnorman@hotmail.com,London,MTR0004,Semi-Detached,07/01/2024 17:31:12,0.66,0.54,FALSE,0,,FALSE,,
REC001333,CUST004,Samuel Ward,austinnorman@hotmail.com,London,MTR0004,Semi-Detached,07/01/2024 18:00:00,0.43,0.31,FALSE,0,,FALSE,,
REC001334,CUST004,Samuel Ward,austinnorman@hotmail.com,London,MTR0004,Semi-Detached,07/01/2024 18:28:48,0.95,0.85,FALSE,0,,FALSE,,
REC001335,CUST004,Samuel Ward,austinnorman@hotmail.com,London,MTR0004,Semi-Detached,07/01/2024 18:57:36,0.65,0.58,FALSE,0,,FALSE,,
REC001336,CUST004,Samuel Ward,austinnorman@hotmail.com,London,MTR0004,Semi-Detached,07/01/2024 19:26:24,0.93,1.08,FALSE,0,,FALSE,,
REC001337,CUST004,Samuel Ward,austinnorman@hotmail.com,London,MTR0004,Semi-Detached,07/01/2024 19:55:12,1.13,1.15,FALSE,0,,FALSE,,
REC001338,CUST004,Samuel Ward,austinnorman@hotmail.com,London,MTR0004,Semi-Detached,07/01/2024 20:24:00,0.86,0.83,FALSE,0,,FALSE,,
REC001339,CUST004,Samuel Ward,austinnorman@hotmail.com,London,MTR0004,Semi-Detached,07/01/2024 21:07:12,0.84,0.93,FALSE,0,,FALSE,,
REC001340,CUST004,Samuel Ward,austinnorman@hotmail.com,London,MTR0004,Semi-Detached,07/01/2024 21:36:00,0.48,0.31,TRUE,54.84,Heater malfunction,TRUE,1/7/2024 21:34,TRUE
REC001341,CUST004,Samuel Ward,austinnorman@hotmail.com,London,MTR0004,Semi-Detached,07/01/2024 22:04:48,0.79,0.82,FALSE,0,,FALSE,,
REC001342,CUST004,Samuel Ward,austinnorman@hotmail.com,London,MTR0004,Semi-Detached,07/01/2024 22:33:36,1,1.16,FALSE,0,,FALSE,,
REC001343,CUST004,Samuel Ward,austinnorman@hotmail.com,London,MTR0004,Semi-Detached,07/01/2024 23:02:24,0.62,0.66,FALSE,0,,FALSE,,
REC001344,CUST004,Samuel Ward,austinnorman@hotmail.com,London,MTR0004,Semi-Detached,07/01/2024 23:31:12,0.95,0.91,FALSE,0,,FALSE,,
REC001345,CUST005,George Price,jameshoward@evans.net,Leeds,MTR0005,Detached,01/01/2024 00:00:00,1.09,1.18,FALSE,0,,FALSE,,
REC001346,CUST005,George Price,jameshoward@evans.net,Leeds,MTR0005,Detached,01/01/2024 00:28:48,0.96,0.97,FALSE,0,,FALSE,,
REC001347,CUST005,George Price,jameshoward@evans.net,Leeds,MTR0005,Detached,01/01/2024 00:57:36,0.96,1.12,FALSE,0,,FALSE,,
REC001348,CUST005,George Price,jameshoward@evans.net,Leeds,MTR0005,Detached,01/01/2024 01:26:24,0.65,0.69,FALSE,0,,FALSE,,
REC001349,CUST005,George Price,jameshoward@evans.net,Leeds,MTR0005,Detached,01/01/2024 01:55:12,0.95,0.95,FALSE,0,,FALSE,,
REC001350,CUST005,George Price,jameshoward@evans.net,Leeds,MTR0005,Detached,01/01/2024 02:24:00,0.84,0.85,FALSE,0,,FALSE,,
REC001351,CUST005,George Price,jameshoward@evans.net,Leeds,MTR0005,Detached,01/01/2024 03:07:12,0.95,0.87,FALSE,0,,FALSE,,
REC001352,CUST005,George Price,jameshoward@evans.net,Leeds,MTR0005,Detached,01/01/2024 03:36:00,0.28,0.38,FALSE,0,,FALSE,,
REC001353,CUST005,George Price,jameshoward@evans.net,Leeds,MTR0005,Detached,01/01/2024 04:04:48,0.52,0.48,FALSE,0,,FALSE,,
REC001354,CUST005,George Price,jameshoward@evans.net,Leeds,MTR0005,Detached,01/01/2024 04:33:36,0.37,0.31,FALSE,0,,FALSE,,
REC001355,CUST005,George Price,jameshoward@evans.net,Leeds,MTR0005,Detached,01/01/2024 05:02:24,0.45,0.52,FALSE,0,,FALSE,,
REC001356,CUST005,George Price,jameshoward@evans.net,Leeds,MTR0005,Detached,01/01/2024 05:31:12,0.43,0.52,FALSE,0,,FALSE,,
REC001357,CUST005,George Price,jameshoward@evans.net,Leeds,MTR0005,Detached,01/01/2024 06:00:00,0.53,0.36,TRUE,47.22,Schedule change,TRUE,1/1/2024 06:11,TRUE
REC001358,CUST005,George Price,jameshoward@evans.net,Leeds,MTR0005,Detached,01/01/2024 06:28:48,0.82,0.85,FALSE,0,,FALSE,,
REC001359,CUST005,George Price,jameshoward@evans.net,Leeds,MTR0005,Detached,01/01/2024 06:57:36,0.95,0.91,FALSE,0,,FALSE,,
REC001360,CUST005,George Price,jameshoward@evans.net,Leeds,MTR0005,Detached,01/01/2024 07:26:24,1.09,1.04,FALSE,0,,FALSE,,
REC001361,CUST005,George Price,jameshoward@evans.net,Leeds,MTR0005,Detached,01/01/2024 07:55:12,1,1.14,FALSE,0,,FALSE,,
REC001362,CUST005,George Price,jameshoward@evans.net,Leeds,MTR0005,Detached,01/01/2024 08:24:00,0.88,0.86,FALSE,0,,FALSE,,
REC001363,CUST005,George Price,jameshoward@evans.net,Leeds,MTR0005,Detached,01/01/2024 09:07:12,0.99,0.97,FALSE,0,,FALSE,,
REC001364,CUST005,George Price,jameshoward@evans.net,Leeds,MTR0005,Detached,01/01/2024 09:36:00,0.53,0.36,TRUE,47.22,Guest visit,TRUE,1/1/2024 09:31,FALSE
REC001365,CUST005,George Price,jameshoward@evans.net,Leeds,MTR0005,Detached,01/01/2024 10:04:48,0.65,0.63,FALSE,0,,FALSE,,
REC001366,CUST005,George Price,jameshoward@evans.net,Leeds,MTR0005,Detached,01/01/2024 10:33:36,0.86,0.78,FALSE,0,,FALSE,,
REC001367,CUST005,George Price,jameshoward@evans.net,Leeds,MTR0005,Detached,01/01/2024 11:02:24,0.62,0.54,FALSE,0,,FALSE,,
REC001368,CUST005,George Price,jameshoward@evans.net,Leeds,MTR0005,Detached,01/01/2024 11:31:12,0.87,0.9,FALSE,0,,FALSE,,
REC001369,CUST005,George Price,jameshoward@evans.net,Leeds,MTR0005,Detached,01/01/2024 12:00:00,1.22,1.01,FALSE,0,,FALSE,,
REC001370,CUST005,George Price,jameshoward@evans.net,Leeds,MTR0005,Detached,01/01/2024 12:28:48,0.44,0.52,FALSE,0,,FALSE,,
REC001371,CUST005,George Price,jameshoward@evans.net,Leeds,MTR0005,Detached,01/01/2024 12:57:36,0.77,0.93,FALSE,0,,FALSE,,
REC001372,CUST005,George Price,jameshoward@evans.net,Leeds,MTR0005,Detached,01/01/2024 13:26:24,0.68,0.88,FALSE,0,,FALSE,,
REC001373,CUST005,George Price,jameshoward@evans.net,Leeds,MTR0005,Detached,01/01/2024 13:55:12,1.09,1.14,FALSE,0,,FALSE,,
REC001374,CUST005,George Price,jameshoward@evans.net,Leeds,MTR0005,Detached,01/01/2024 14:24:00,0.14,0.32,FALSE,0,,FALSE,,
REC001375,CUST005,George Price,jameshoward@evans.net,Leeds,MTR0005,Detached,01/01/2024 15:07:12,0.5,0.57,FALSE,0,,FALSE,,
REC001376,CUST005,George Price,jameshoward@evans.net,Leeds,MTR0005,Detached,01/01/2024 15:36:00,0.74,0.74,FALSE,0,,FALSE,,
REC001377,CUST005,George Price,jameshoward@evans.net,Leeds,MTR0005,Detached,01/01/2024 16:04:48,1.16,1.13,FALSE,0,,FALSE,,
REC001378,CUST005,George Price,jameshoward@evans.net,Leeds,MTR0005,Detached,01/01/2024 16:33:36,0.63,0.67,FALSE,0,,FALSE,,
REC001379,CUST005,George Price,jameshoward@evans.net,Leeds,MTR0005,Detached,01/01/2024 17:02:24,0.82,0.89,FALSE,0,,FALSE,,
REC001380,CUST005,George Price,jameshoward@evans.net,Leeds,MTR0005,Detached,01/01/2024 17:31:12,0.39,0.44,FALSE,0,,FALSE,,
REC001381,CUST005,George Price,jameshoward@evans.net,Leeds,MTR0005,Detached,01/01/2024 18:00:00,0.41,0.36,FALSE,0,,FALSE,,
REC001382,CUST005,George Price,jameshoward@evans.net,Leeds,MTR0005,Detached,01/01/2024 18:28:48,0.99,1.09,FALSE,0,,FALSE,,
REC001383,CUST005,George Price,jameshoward@evans.net,Leeds,MTR0005,Detached,01/01/2024 18:57:36,0.96,1.03,FALSE,0,,FALSE,,
REC001384,CUST005,George Price,jameshoward@evans.net,Leeds,MTR0005,Detached,01/01/2024 19:26:24,0.59,0.56,FALSE,0,,FALSE,,
REC001385,CUST005,George Price,jameshoward@evans.net,Leeds,MTR0005,Detached,01/01/2024 19:55:12,0.59,0.58,FALSE,0,,FALSE,,
REC001386,CUST005,George Price,jameshoward@evans.net,Leeds,MTR0005,Detached,01/01/2024 20:24:00,0.61,0.78,FALSE,0,,FALSE,,
REC001387,CUST005,George Price,jameshoward@evans.net,Leeds,MTR0005,Detached,01/01/2024 21:07:12,0.72,0.62,FALSE,0,,FALSE,,
REC001388,CUST005,George Price,jameshoward@evans.net,Leeds,MTR0005,Detached,01/01/2024 21:36:00,0.96,1.01,FALSE,0,,FALSE,,
REC001389,CUST005,George Price,jameshoward@evans.net,Leeds,MTR0005,Detached,01/01/2024 22:04:48,0.47,0.58,FALSE,0,,FALSE,,
REC001390,CUST005,George Price,jameshoward@evans.net,Leeds,MTR0005,Detached,01/01/2024 22:33:36,0.62,0.76,FALSE,0,,FALSE,,
REC001391,CUST005,George Price,jameshoward@evans.net,Leeds,MTR0005,Detached,01/01/2024 23:02:24,1.26,1.15,FALSE,0,,FALSE,,
REC001392,CUST005,George Price,jameshoward@evans.net,Leeds,MTR0005,Detached,01/01/2024 23:31:12,0.54,0.75,FALSE,0,,FALSE,,
REC001393,CUST005,George Price,jameshoward@evans.net,Leeds,MTR0005,Detached,02/01/2024 00:00:00,0.51,0.47,FALSE,0,,FALSE,,
REC001394,CUST005,George Price,jameshoward@evans.net,Leeds,MTR0005,Detached,02/01/2024 00:28:48,1.13,1.05,FALSE,0,,FALSE,,
REC001395,CUST005,George Price,jameshoward@evans.net,Leeds,MTR0005,Detached,02/01/2024 00:57:36,1.03,1.07,FALSE,0,,FALSE,,
REC001396,CUST005,George Price,jameshoward@evans.net,Leeds,MTR0005,Detached,02/01/2024 01:26:24,1.01,0.85,FALSE,0,,FALSE,,
REC001397,CUST005,George Price,jameshoward@evans.net,Leeds,MTR0005,Detached,02/01/2024 01:55:12,0.34,0.44,FALSE,0,,FALSE,,
REC001398,CUST005,George Price,jameshoward@evans.net,Leeds,MTR0005,Detached,02/01/2024 02:24:00,0.97,0.92,FALSE,0,,FALSE,,
REC001399,CUST005,George Price,jameshoward@evans.net,Leeds,MTR0005,Detached,02/01/2024 03:07:12,0.52,0.51,FALSE,0,,FALSE,,
REC001400,CUST005,George Price,jameshoward@evans.net,Leeds,MTR0005,Detached,02/01/2024 03:36:00,0.62,0.45,FALSE,0,,FALSE,,
REC001401,CUST005,George Price,jameshoward@evans.net,Leeds,MTR0005,Detached,02/01/2024 04:04:48,0.35,0.38,FALSE,0,,FALSE,,
REC001402,CUST005,George Price,jameshoward@evans.net,Leeds,MTR0005,Detached,02/01/2024 04:33:36,0.66,0.62,FALSE,0,,FALSE,,
REC001403,CUST005,George Price,jameshoward@evans.net,Leeds,MTR0005,Detached,02/01/2024 05:02:24,0.4,0.39,FALSE,0,,FALSE,,
REC001404,CUST005,George Price,jameshoward@evans.net,Leeds,MTR0005,Detached,02/01/2024 05:31:12,0.7,0.85,FALSE,0,,FALSE,,
REC001405,CUST005,George Price,jameshoward@evans.net,Leeds,MTR0005,Detached,02/01/2024 06:00:00,0.51,0.52,FALSE,0,,FALSE,,
REC001406,CUST005,George Price,jameshoward@evans.net,Leeds,MTR0005,Detached,02/01/2024 06:28:48,0.45,0.51,FALSE,0,,FALSE,,
REC001407,CUST005,George Price,jameshoward@evans.net,Leeds,MTR0005,Detached,02/01/2024 06:57:36,0.51,0.5,FALSE,0,,FALSE,,
REC001408,CUST005,George Price,jameshoward@evans.net,Leeds,MTR0005,Detached,02/01/2024 07:26:24,0.84,0.8,FALSE,0,,FALSE,,
REC001409,CUST005,George Price,jameshoward@evans.net,Leeds,MTR0005,Detached,02/01/2024 07:55:12,0.8,0.67,FALSE,0,,FALSE,,
REC001410,CUST005,George Price,jameshoward@evans.net,Leeds,MTR0005,Detached,02/01/2024 08:24:00,0.7,0.93,FALSE,0,,FALSE,,
REC001411,CUST005,George Price,jameshoward@evans.net,Leeds,MTR0005,Detached,02/01/2024 09:07:12,0.93,0.93,FALSE,0,,FALSE,,
REC001412,CUST005,George Price,jameshoward@evans.net,Leeds,MTR0005,Detached,02/01/2024 09:36:00,0.54,0.67,FALSE,0,,FALSE,,
REC001413,CUST005,George Price,jameshoward@evans.net,Leeds,MTR0005,Detached,02/01/2024 10:04:48,1.13,1.08,FALSE,0,,FALSE,,
REC001414,CUST005,George Price,jameshoward@evans.net,Leeds,MTR0005,Detached,02/01/2024 10:33:36,0.62,0.4,TRUE,55,Schedule change,FALSE,,
REC001415,CUST005,George Price,jameshoward@evans.net,Leeds,MTR0005,Detached,02/01/2024 11:02:24,0.82,0.85,FALSE,0,,FALSE,,
REC001416,CUST005,George Price,jameshoward@evans.net,Leeds,MTR0005,Detached,02/01/2024 11:31:12,0.35,0.43,FALSE,0,,FALSE,,
REC001417,CUST005,George Price,jameshoward@evans.net,Leeds,MTR0005,Detached,02/01/2024 12:00:00,0.87,0.92,FALSE,0,,FALSE,,
REC001418,CUST005,George Price,jameshoward@evans.net,Leeds,MTR0005,Detached,02/01/2024 12:28:48,0.98,1.11,FALSE,0,,FALSE,,
REC001419,CUST005,George Price,jameshoward@evans.net,Leeds,MTR0005,Detached,02/01/2024 12:57:36,0.21,0.48,FALSE,0,,FALSE,,
REC001420,CUST005,George Price,jameshoward@evans.net,Leeds,MTR0005,Detached,02/01/2024 13:26:24,0.35,0.32,FALSE,0,,FALSE,,
REC001421,CUST005,George Price,jameshoward@evans.net,Leeds,MTR0005,Detached,02/01/2024 13:55:12,1.01,1.01,FALSE,0,,FALSE,,
REC001422,CUST005,George Price,jameshoward@evans.net,Leeds,MTR0005,Detached,02/01/2024 14:24:00,0.72,0.8,FALSE,0,,FALSE,,
REC001423,CUST005,George Price,jameshoward@evans.net,Leeds,MTR0005,Detached,02/01/2024 15:07:12,0.76,0.87,FALSE,0,,FALSE,,
REC001424,CUST005,George Price,jameshoward@evans.net,Leeds,MTR0005,Detached,02/01/2024 15:36:00,0.39,0.31,FALSE,0,,FALSE,,
REC001425,CUST005,George Price,jameshoward@evans.net,Leeds,MTR0005,Detached,02/01/2024 16:04:48,1.07,0.95,FALSE,0,,FALSE,,
REC001426,CUST005,George Price,jameshoward@evans.net,Leeds,MTR0005,Detached,02/01/2024 16:33:36,1.05,1.04,FALSE,0,,FALSE,,
REC001427,CUST005,George Price,jameshoward@evans.net,Leeds,MTR0005,Detached,02/01/2024 17:02:24,0.85,1.06,FALSE,0,,FALSE,,
REC001428,CUST005,George Price,jameshoward@evans.net,Leeds,MTR0005,Detached,02/01/2024 17:31:12,0.99,1.01,FALSE,0,,FALSE,,
REC001429,CUST005,George Price,jameshoward@evans.net,Leeds,MTR0005,Detached,02/01/2024 18:00:00,0.74,0.71,FALSE,0,,FALSE,,
REC001430,CUST005,George Price,jameshoward@evans.net,Leeds,MTR0005,Detached,02/01/2024 18:28:48,1.06,1.09,FALSE,0,,FALSE,,
REC001431,CUST005,George Price,jameshoward@evans.net,Leeds,MTR0005,Detached,02/01/2024 18:57:36,0.7,0.72,FALSE,0,,FALSE,,
REC001432,CUST005,George Price,jameshoward@evans.net,Leeds,MTR0005,Detached,02/01/2024 19:26:24,0.95,1.02,FALSE,0,,FALSE,,
REC001433,CUST005,George Price,jameshoward@evans.net,Leeds,MTR0005,Detached,02/01/2024 19:55:12,1.08,1.11,FALSE,0,,FALSE,,
REC001434,CUST005,George Price,jameshoward@evans.net,Leeds,MTR0005,Detached,02/01/2024 20:24:00,0.88,0.79,FALSE,0,,FALSE,,
REC001435,CUST005,George Price,jameshoward@evans.net,Leeds,MTR0005,Detached,02/01/2024 21:07:12,1.19,1.17,FALSE,0,,FALSE,,
REC001436,CUST005,George Price,jameshoward@evans.net,Leeds,MTR0005,Detached,02/01/2024 21:36:00,0.31,0.37,FALSE,0,,FALSE,,
REC001437,CUST005,George Price,jameshoward@evans.net,Leeds,MTR0005,Detached,02/01/2024 22:04:48,0.61,0.64,FALSE,0,,FALSE,,
REC001438,CUST005,George Price,jameshoward@evans.net,Leeds,MTR0005,Detached,02/01/2024 22:33:36,1.33,1.2,FALSE,0,,FALSE,,
REC001439,CUST005,George Price,jameshoward@evans.net,Leeds,MTR0005,Detached,02/01/2024 23:02:24,0.69,0.8,FALSE,0,,FALSE,,
REC001440,CUST005,George Price,jameshoward@evans.net,Leeds,MTR0005,Detached,02/01/2024 23:31:12,0.55,0.62,FALSE,0,,FALSE,,
REC001441,CUST005,George Price,jameshoward@evans.net,Leeds,MTR0005,Detached,03/01/2024 00:00:00,0.62,0.64,FALSE,0,,FALSE,,
REC001442,CUST005,George Price,jameshoward@evans.net,Leeds,MTR0005,Detached,03/01/2024 00:28:48,0.66,0.72,FALSE,0,,FALSE,,
REC001443,CUST005,George Price,jameshoward@evans.net,Leeds,MTR0005,Detached,03/01/2024 00:57:36,1.08,0.95,FALSE,0,,FALSE,,
REC001444,CUST005,George Price,jameshoward@evans.net,Leeds,MTR0005,Detached,03/01/2024 01:26:24,0.41,0.31,FALSE,0,,FALSE,,
REC001445,CUST005,George Price,jameshoward@evans.net,Leeds,MTR0005,Detached,03/01/2024 01:55:12,0.48,0.5,FALSE,0,,FALSE,,
REC001446,CUST005,George Price,jameshoward@evans.net,Leeds,MTR0005,Detached,03/01/2024 02:24:00,0.51,0.3,TRUE,70,Overnight appliance,TRUE,1/3/2024 02:34,FALSE
REC001447,CUST005,George Price,jameshoward@evans.net,Leeds,MTR0005,Detached,03/01/2024 03:07:12,1.05,1.02,FALSE,0,,FALSE,,
REC001448,CUST005,George Price,jameshoward@evans.net,Leeds,MTR0005,Detached,03/01/2024 03:36:00,0.51,0.36,TRUE,41.67,Schedule change,TRUE,1/3/2024 03:47,TRUE
REC001449,CUST005,George Price,jameshoward@evans.net,Leeds,MTR0005,Detached,03/01/2024 04:04:48,1.13,0.99,FALSE,0,,FALSE,,
REC001450,CUST005,George Price,jameshoward@evans.net,Leeds,MTR0005,Detached,03/01/2024 04:33:36,1.02,0.98,FALSE,0,,FALSE,,
REC001451,CUST005,George Price,jameshoward@evans.net,Leeds,MTR0005,Detached,03/01/2024 05:02:24,0.91,1.02,FALSE,0,,FALSE,,
REC001452,CUST005,George Price,jameshoward@evans.net,Leeds,MTR0005,Detached,03/01/2024 05:31:12,0.91,0.9,FALSE,0,,FALSE,,
REC001453,CUST005,George Price,jameshoward@evans.net,Leeds,MTR0005,Detached,03/01/2024 06:00:00,0.79,0.86,FALSE,0,,FALSE,,
REC001454,CUST005,George Price,jameshoward@evans.net,Leeds,MTR0005,Detached,03/01/2024 06:28:48,0.53,0.48,FALSE,0,,FALSE,,
REC001455,CUST005,George Price,jameshoward@evans.net,Leeds,MTR0005,Detached,03/01/2024 06:57:36,1.14,1.1,FALSE,0,,FALSE,,
REC001456,CUST005,George Price,jameshoward@evans.net,Leeds,MTR0005,Detached,03/01/2024 07:26:24,1,0.98,FALSE,0,,FALSE,,
REC001457,CUST005,George Price,jameshoward@evans.net,Leeds,MTR0005,Detached,03/01/2024 07:55:12,0.92,0.84,FALSE,0,,FALSE,,
REC001458,CUST005,George Price,jameshoward@evans.net,Leeds,MTR0005,Detached,03/01/2024 08:24:00,0.85,0.82,FALSE,0,,FALSE,,
REC001459,CUST005,George Price,jameshoward@evans.net,Leeds,MTR0005,Detached,03/01/2024 09:07:12,0.86,0.87,FALSE,0,,FALSE,,
REC001460,CUST005,George Price,jameshoward@evans.net,Leeds,MTR0005,Detached,03/01/2024 09:36:00,0.82,0.94,FALSE,0,,FALSE,,
REC001461,CUST005,George Price,jameshoward@evans.net,Leeds,MTR0005,Detached,03/01/2024 10:04:48,0.48,0.54,FALSE,0,,FALSE,,
REC001462,CUST005,George Price,jameshoward@evans.net,Leeds,MTR0005,Detached,03/01/2024 10:33:36,0.42,0.52,FALSE,0,,FALSE,,
REC001463,CUST005,George Price,jameshoward@evans.net,Leeds,MTR0005,Detached,03/01/2024 11:02:24,0.58,0.49,FALSE,0,,FALSE,,
REC001464,CUST005,George Price,jameshoward@evans.net,Leeds,MTR0005,Detached,03/01/2024 11:31:12,0.74,0.76,FALSE,0,,FALSE,,
REC001465,CUST005,George Price,jameshoward@evans.net,Leeds,MTR0005,Detached,03/01/2024 12:00:00,0.49,0.47,FALSE,0,,FALSE,,
REC001466,CUST005,George Price,jameshoward@evans.net,Leeds,MTR0005,Detached,03/01/2024 12:28:48,0.59,0.64,FALSE,0,,FALSE,,
REC001467,CUST005,George Price,jameshoward@evans.net,Leeds,MTR0005,Detached,03/01/2024 12:57:36,1.15,1.04,FALSE,0,,FALSE,,
REC001468,CUST005,George Price,jameshoward@evans.net,Leeds,MTR0005,Detached,03/01/2024 13:26:24,0.6,0.54,FALSE,0,,FALSE,,
REC001469,CUST005,George Price,jameshoward@evans.net,Leeds,MTR0005,Detached,03/01/2024 13:55:12,0.93,0.92,FALSE,0,,FALSE,,
REC001470,CUST005,George Price,jameshoward@evans.net,Leeds,MTR0005,Detached,03/01/2024 14:24:00,0.86,0.87,FALSE,0,,FALSE,,
REC001471,CUST005,George Price,jameshoward@evans.net,Leeds,MTR0005,Detached,03/01/2024 15:07:12,0.51,0.59,FALSE,0,,FALSE,,
REC001472,CUST005,George Price,jameshoward@evans.net,Leeds,MTR0005,Detached,03/01/2024 15:36:00,0.87,0.93,FALSE,0,,FALSE,,
REC001473,CUST005,George Price,jameshoward@evans.net,Leeds,MTR0005,Detached,03/01/2024 16:04:48,0.35,0.5,FALSE,0,,FALSE,,
REC001474,CUST005,George Price,jameshoward@evans.net,Leeds,MTR0005,Detached,03/01/2024 16:33:36,0.96,0.9,FALSE,0,,FALSE,,
REC001475,CUST005,George Price,jameshoward@evans.net,Leeds,MTR0005,Detached,03/01/2024 17:02:24,1.1,1.03,FALSE,0,,FALSE,,
REC001476,CUST005,George Price,jameshoward@evans.net,Leeds,MTR0005,Detached,03/01/2024 17:31:12,0.55,0.47,FALSE,0,,FALSE,,
REC001477,CUST005,George Price,jameshoward@evans.net,Leeds,MTR0005,Detached,03/01/2024 18:00:00,0.29,0.38,FALSE,0,,FALSE,,
REC001478,CUST005,George Price,jameshoward@evans.net,Leeds,MTR0005,Detached,03/01/2024 18:28:48,0.83,0.69,FALSE,0,,FALSE,,
REC001479,CUST005,George Price,jameshoward@evans.net,Leeds,MTR0005,Detached,03/01/2024 18:57:36,0.3,0.33,FALSE,0,,FALSE,,
REC001480,CUST005,George Price,jameshoward@evans.net,Leeds,MTR0005,Detached,03/01/2024 19:26:24,0.85,0.8,FALSE,0,,FALSE,,
REC001481,CUST005,George Price,jameshoward@evans.net,Leeds,MTR0005,Detached,03/01/2024 19:55:12,0.22,0.34,FALSE,0,,FALSE,,
REC001482,CUST005,George Price,jameshoward@evans.net,Leeds,MTR0005,Detached,03/01/2024 20:24:00,1.23,1.11,FALSE,0,,FALSE,,
REC001483,CUST005,George Price,jameshoward@evans.net,Leeds,MTR0005,Detached,03/01/2024 21:07:12,1.17,1.1,FALSE,0,,FALSE,,
REC001484,CUST005,George Price,jameshoward@evans.net,Leeds,MTR0005,Detached,03/01/2024 21:36:00,1.17,1.2,FALSE,0,,FALSE,,
REC001485,CUST005,George Price,jameshoward@evans.net,Leeds,MTR0005,Detached,03/01/2024 22:04:48,0.99,1.04,FALSE,0,,FALSE,,
REC001486,CUST005,George Price,jameshoward@evans.net,Leeds,MTR0005,Detached,03/01/2024 22:33:36,0.88,0.82,FALSE,0,,FALSE,,
REC001487,CUST005,George Price,jameshoward@evans.net,Leeds,MTR0005,Detached,03/01/2024 23:02:24,0.48,0.36,FALSE,0,,FALSE,,
REC001488,CUST005,George Price,jameshoward@evans.net,Leeds,MTR0005,Detached,03/01/2024 23:31:12,0.95,1.03,FALSE,0,,FALSE,,
REC001489,CUST005,George Price,jameshoward@evans.net,Leeds,MTR0005,Detached,04/01/2024 00:00:00,1.06,1.07,FALSE,0,,FALSE,,
REC001490,CUST005,George Price,jameshoward@evans.net,Leeds,MTR0005,Detached,04/01/2024 00:28:48,0.37,0.42,FALSE,0,,FALSE,,
REC001491,CUST005,George Price,jameshoward@evans.net,Leeds,MTR0005,Detached,04/01/2024 00:57:36,0.44,0.32,FALSE,0,,FALSE,,
REC001492,CUST005,George Price,jameshoward@evans.net,Leeds,MTR0005,Detached,04/01/2024 01:26:24,0.75,0.81,FALSE,0,,FALSE,,
REC001493,CUST005,George Price,jameshoward@evans.net,Leeds,MTR0005,Detached,04/01/2024 01:55:12,0.46,0.58,FALSE,0,,FALSE,,
REC001494,CUST005,George Price,jameshoward@evans.net,Leeds,MTR0005,Detached,04/01/2024 02:24:00,0.38,0.31,FALSE,0,,FALSE,,
REC001495,CUST005,George Price,jameshoward@evans.net,Leeds,MTR0005,Detached,04/01/2024 03:07:12,1.12,0.99,FALSE,0,,FALSE,,
REC001496,CUST005,George Price,jameshoward@evans.net,Leeds,MTR0005,Detached,04/01/2024 03:36:00,0.4,0.34,FALSE,0,,FALSE,,
REC001497,CUST005,George Price,jameshoward@evans.net,Leeds,MTR0005,Detached,04/01/2024 04:04:48,1.16,1.05,FALSE,0,,FALSE,,
REC001498,CUST005,George Price,jameshoward@evans.net,Leeds,MTR0005,Detached,04/01/2024 04:33:36,1.06,0.86,FALSE,0,,FALSE,,
REC001499,CUST005,George Price,jameshoward@evans.net,Leeds,MTR0005,Detached,04/01/2024 05:02:24,1.24,1.08,FALSE,0,,FALSE,,
REC001500,CUST005,George Price,jameshoward@evans.net,Leeds,MTR0005,Detached,04/01/2024 05:31:12,1.37,1.19,FALSE,0,,FALSE,,
REC001501,CUST005,George Price,jameshoward@evans.net,Leeds,MTR0005,Detached,04/01/2024 06:00:00,1.16,0.98,FALSE,0,,FALSE,,
REC001502,CUST005,George Price,jameshoward@evans.net,Leeds,MTR0005,Detached,04/01/2024 06:28:48,0.6,0.65,FALSE,0,,FALSE,,
REC001503,CUST005,George Price,jameshoward@evans.net,Leeds,MTR0005,Detached,04/01/2024 06:57:36,0.58,0.51,FALSE,0,,FALSE,,
REC001504,CUST005,George Price,jameshoward@evans.net,Leeds,MTR0005,Detached,04/01/2024 07:26:24,1.16,1.14,FALSE,0,,FALSE,,
REC001505,CUST005,George Price,jameshoward@evans.net,Leeds,MTR0005,Detached,04/01/2024 07:55:12,0.46,0.61,FALSE,0,,FALSE,,
REC001506,CUST005,George Price,jameshoward@evans.net,Leeds,MTR0005,Detached,04/01/2024 08:24:00,1.21,1.2,FALSE,0,,FALSE,,
REC001507,CUST005,George Price,jameshoward@evans.net,Leeds,MTR0005,Detached,04/01/2024 09:07:12,1.29,1.18,FALSE,0,,FALSE,,
REC001508,CUST005,George Price,jameshoward@evans.net,Leeds,MTR0005,Detached,04/01/2024 09:36:00,0.99,0.94,FALSE,0,,FALSE,,
REC001509,CUST005,George Price,jameshoward@evans.net,Leeds,MTR0005,Detached,04/01/2024 10:04:48,0.82,0.83,FALSE,0,,FALSE,,
REC001510,CUST005,George Price,jameshoward@evans.net,Leeds,MTR0005,Detached,04/01/2024 10:33:36,0.84,0.91,FALSE,0,,FALSE,,
REC001511,CUST005,George Price,jameshoward@evans.net,Leeds,MTR0005,Detached,04/01/2024 11:02:24,0.97,0.91,FALSE,0,,FALSE,,
REC001512,CUST005,George Price,jameshoward@evans.net,Leeds,MTR0005,Detached,04/01/2024 11:31:12,0.43,0.45,FALSE,0,,FALSE,,
REC001513,CUST005,George Price,jameshoward@evans.net,Leeds,MTR0005,Detached,04/01/2024 12:00:00,0.86,0.75,FALSE,0,,FALSE,,
REC001514,CUST005,George Price,jameshoward@evans.net,Leeds,MTR0005,Detached,04/01/2024 12:28:48,0.99,0.88,FALSE,0,,FALSE,,
REC001515,CUST005,George Price,jameshoward@evans.net,Leeds,MTR0005,Detached,04/01/2024 12:57:36,0.59,0.55,FALSE,0,,FALSE,,
REC001516,CUST005,George Price,jameshoward@evans.net,Leeds,MTR0005,Detached,04/01/2024 13:26:24,0.74,0.84,FALSE,0,,FALSE,,
REC001517,CUST005,George Price,jameshoward@evans.net,Leeds,MTR0005,Detached,04/01/2024 13:55:12,0.42,0.46,FALSE,0,,FALSE,,
REC001518,CUST005,George Price,jameshoward@evans.net,Leeds,MTR0005,Detached,04/01/2024 14:24:00,1.08,0.9,FALSE,0,,FALSE,,
REC001519,CUST005,George Price,jameshoward@evans.net,Leeds,MTR0005,Detached,04/01/2024 15:07:12,1.1,1.05,FALSE,0,,FALSE,,
REC001520,CUST005,George Price,jameshoward@evans.net,Leeds,MTR0005,Detached,04/01/2024 15:36:00,1.06,0.93,FALSE,0,,FALSE,,
REC001521,CUST005,George Price,jameshoward@evans.net,Leeds,MTR0005,Detached,04/01/2024 16:04:48,0.95,1.05,FALSE,0,,FALSE,,
REC001522,CUST005,George Price,jameshoward@evans.net,Leeds,MTR0005,Detached,04/01/2024 16:33:36,0.97,0.66,TRUE,46.97,Overnight appliance,TRUE,1/4/2024 16:36,TRUE
REC001523,CUST005,George Price,jameshoward@evans.net,Leeds,MTR0005,Detached,04/01/2024 17:02:24,0.27,0.44,FALSE,0,,FALSE,,
REC001524,CUST005,George Price,jameshoward@evans.net,Leeds,MTR0005,Detached,04/01/2024 17:31:12,1.18,1.13,FALSE,0,,FALSE,,
REC001525,CUST005,George Price,jameshoward@evans.net,Leeds,MTR0005,Detached,04/01/2024 18:00:00,0.65,0.82,FALSE,0,,FALSE,,
REC001526,CUST005,George Price,jameshoward@evans.net,Leeds,MTR0005,Detached,04/01/2024 18:28:48,0.46,0.35,FALSE,0,,FALSE,,
REC001527,CUST005,George Price,jameshoward@evans.net,Leeds,MTR0005,Detached,04/01/2024 18:57:36,0.25,0.33,FALSE,0,,FALSE,,
REC001528,CUST005,George Price,jameshoward@evans.net,Leeds,MTR0005,Detached,04/01/2024 19:26:24,0.84,0.85,FALSE,0,,FALSE,,
REC001529,CUST005,George Price,jameshoward@evans.net,Leeds,MTR0005,Detached,04/01/2024 19:55:12,1.12,1.09,FALSE,0,,FALSE,,
REC001530,CUST005,George Price,jameshoward@evans.net,Leeds,MTR0005,Detached,04/01/2024 20:24:00,0.57,0.49,FALSE,0,,FALSE,,
REC001531,CUST005,George Price,jameshoward@evans.net,Leeds,MTR0005,Detached,04/01/2024 21:07:12,1.06,1.08,FALSE,0,,FALSE,,
REC001532,CUST005,George Price,jameshoward@evans.net,Leeds,MTR0005,Detached,04/01/2024 21:36:00,0.98,0.96,FALSE,0,,FALSE,,
REC001533,CUST005,George Price,jameshoward@evans.net,Leeds,MTR0005,Detached,04/01/2024 22:04:48,0.59,0.56,FALSE,0,,FALSE,,
REC001534,CUST005,George Price,jameshoward@evans.net,Leeds,MTR0005,Detached,04/01/2024 22:33:36,0.73,0.72,FALSE,0,,FALSE,,
REC001535,CUST005,George Price,jameshoward@evans.net,Leeds,MTR0005,Detached,04/01/2024 23:02:24,1.04,1.06,FALSE,0,,FALSE,,
REC001536,CUST005,George Price,jameshoward@evans.net,Leeds,MTR0005,Detached,04/01/2024 23:31:12,0.31,0.36,FALSE,0,,FALSE,,
REC001537,CUST005,George Price,jameshoward@evans.net,Leeds,MTR0005,Detached,05/01/2024 00:00:00,1.21,1.18,FALSE,0,,FALSE,,
REC001538,CUST005,George Price,jameshoward@evans.net,Leeds,MTR0005,Detached,05/01/2024 00:28:48,1.17,1.14,FALSE,0,,FALSE,,
REC001539,CUST005,George Price,jameshoward@evans.net,Leeds,MTR0005,Detached,05/01/2024 00:57:36,0.31,0.38,FALSE,0,,FALSE,,
REC001540,CUST005,George Price,jameshoward@evans.net,Leeds,MTR0005,Detached,05/01/2024 01:26:24,0.47,0.49,FALSE,0,,FALSE,,
REC001541,CUST005,George Price,jameshoward@evans.net,Leeds,MTR0005,Detached,05/01/2024 01:55:12,0.34,0.51,FALSE,0,,FALSE,,
REC001542,CUST005,George Price,jameshoward@evans.net,Leeds,MTR0005,Detached,05/01/2024 02:24:00,0.37,0.39,FALSE,0,,FALSE,,
REC001543,CUST005,George Price,jameshoward@evans.net,Leeds,MTR0005,Detached,05/01/2024 03:07:12,0.28,0.45,FALSE,0,,FALSE,,
REC001544,CUST005,George Price,jameshoward@evans.net,Leeds,MTR0005,Detached,05/01/2024 03:36:00,0.97,1.02,FALSE,0,,FALSE,,
REC001545,CUST005,George Price,jameshoward@evans.net,Leeds,MTR0005,Detached,05/01/2024 04:04:48,0.49,0.59,FALSE,0,,FALSE,,
REC001546,CUST005,George Price,jameshoward@evans.net,Leeds,MTR0005,Detached,05/01/2024 04:33:36,0.34,0.42,FALSE,0,,FALSE,,
REC001547,CUST005,George Price,jameshoward@evans.net,Leeds,MTR0005,Detached,05/01/2024 05:02:24,0.67,0.53,FALSE,0,,FALSE,,
REC001548,CUST005,George Price,jameshoward@evans.net,Leeds,MTR0005,Detached,05/01/2024 05:31:12,0.25,0.36,FALSE,0,,FALSE,,
REC001549,CUST005,George Price,jameshoward@evans.net,Leeds,MTR0005,Detached,05/01/2024 06:00:00,0.45,0.49,FALSE,0,,FALSE,,
REC001550,CUST005,George Price,jameshoward@evans.net,Leeds,MTR0005,Detached,05/01/2024 06:28:48,0.64,0.61,FALSE,0,,FALSE,,
REC001551,CUST005,George Price,jameshoward@evans.net,Leeds,MTR0005,Detached,05/01/2024 06:57:36,0.89,1.08,FALSE,0,,FALSE,,
REC001552,CUST005,George Price,jameshoward@evans.net,Leeds,MTR0005,Detached,05/01/2024 07:26:24,0.79,0.81,FALSE,0,,FALSE,,
REC001553,CUST005,George Price,jameshoward@evans.net,Leeds,MTR0005,Detached,05/01/2024 07:55:12,1.04,1.02,FALSE,0,,FALSE,,
REC001554,CUST005,George Price,jameshoward@evans.net,Leeds,MTR0005,Detached,05/01/2024 08:24:00,0.64,0.75,FALSE,0,,FALSE,,
REC001555,CUST005,George Price,jameshoward@evans.net,Leeds,MTR0005,Detached,05/01/2024 09:07:12,0.29,0.43,FALSE,0,,FALSE,,
REC001556,CUST005,George Price,jameshoward@evans.net,Leeds,MTR0005,Detached,05/01/2024 09:36:00,0.82,0.74,FALSE,0,,FALSE,,
REC001557,CUST005,George Price,jameshoward@evans.net,Leeds,MTR0005,Detached,05/01/2024 10:04:48,0.18,0.37,FALSE,0,,FALSE,,
REC001558,CUST005,George Price,jameshoward@evans.net,Leeds,MTR0005,Detached,05/01/2024 10:33:36,1,1.04,FALSE,0,,FALSE,,
REC001559,CUST005,George Price,jameshoward@evans.net,Leeds,MTR0005,Detached,05/01/2024 11:02:24,0.23,0.35,FALSE,0,,FALSE,,
REC001560,CUST005,George Price,jameshoward@evans.net,Leeds,MTR0005,Detached,05/01/2024 11:31:12,0.72,0.95,FALSE,0,,FALSE,,
REC001561,CUST005,George Price,jameshoward@evans.net,Leeds,MTR0005,Detached,05/01/2024 12:00:00,0.93,0.82,FALSE,0,,FALSE,,
REC001562,CUST005,George Price,jameshoward@evans.net,Leeds,MTR0005,Detached,05/01/2024 12:28:48,1.15,1.08,FALSE,0,,FALSE,,
REC001563,CUST005,George Price,jameshoward@evans.net,Leeds,MTR0005,Detached,05/01/2024 12:57:36,0.7,0.58,FALSE,0,,FALSE,,
REC001564,CUST005,George Price,jameshoward@evans.net,Leeds,MTR0005,Detached,05/01/2024 13:26:24,1.2,1.19,FALSE,0,,FALSE,,
REC001565,CUST005,George Price,jameshoward@evans.net,Leeds,MTR0005,Detached,05/01/2024 13:55:12,0.98,1.1,FALSE,0,,FALSE,,
REC001566,CUST005,George Price,jameshoward@evans.net,Leeds,MTR0005,Detached,05/01/2024 14:24:00,0.69,0.74,FALSE,0,,FALSE,,
REC001567,CUST005,George Price,jameshoward@evans.net,Leeds,MTR0005,Detached,05/01/2024 15:07:12,0.64,0.97,FALSE,0,,FALSE,,
REC001568,CUST005,George Price,jameshoward@evans.net,Leeds,MTR0005,Detached,05/01/2024 15:36:00,0.9,1.05,FALSE,0,,FALSE,,
REC001569,CUST005,George Price,jameshoward@evans.net,Leeds,MTR0005,Detached,05/01/2024 16:04:48,0.6,0.63,FALSE,0,,FALSE,,
REC001570,CUST005,George Price,jameshoward@evans.net,Leeds,MTR0005,Detached,05/01/2024 16:33:36,0.71,0.6,FALSE,0,,FALSE,,
REC001571,CUST005,George Price,jameshoward@evans.net,Leeds,MTR0005,Detached,05/01/2024 17:02:24,0.66,0.71,FALSE,0,,FALSE,,
REC001572,CUST005,George Price,jameshoward@evans.net,Leeds,MTR0005,Detached,05/01/2024 17:31:12,0.51,0.48,FALSE,0,,FALSE,,
REC001573,CUST005,George Price,jameshoward@evans.net,Leeds,MTR0005,Detached,05/01/2024 18:00:00,1.19,1.16,FALSE,0,,FALSE,,
REC001574,CUST005,George Price,jameshoward@evans.net,Leeds,MTR0005,Detached,05/01/2024 18:28:48,0.69,0.82,FALSE,0,,FALSE,,
REC001575,CUST005,George Price,jameshoward@evans.net,Leeds,MTR0005,Detached,05/01/2024 18:57:36,0.62,0.74,FALSE,0,,FALSE,,
REC001576,CUST005,George Price,jameshoward@evans.net,Leeds,MTR0005,Detached,05/01/2024 19:26:24,0.87,0.8,FALSE,0,,FALSE,,
REC001577,CUST005,George Price,jameshoward@evans.net,Leeds,MTR0005,Detached,05/01/2024 19:55:12,0.54,0.63,FALSE,0,,FALSE,,
REC001578,CUST005,George Price,jameshoward@evans.net,Leeds,MTR0005,Detached,05/01/2024 20:24:00,0.85,0.81,FALSE,0,,FALSE,,
REC001579,CUST005,George Price,jameshoward@evans.net,Leeds,MTR0005,Detached,05/01/2024 21:07:12,0.38,0.47,FALSE,0,,FALSE,,
REC001580,CUST005,George Price,jameshoward@evans.net,Leeds,MTR0005,Detached,05/01/2024 21:36:00,0.39,0.46,FALSE,0,,FALSE,,
REC001581,CUST005,George Price,jameshoward@evans.net,Leeds,MTR0005,Detached,05/01/2024 22:04:48,1.08,1.04,FALSE,0,,FALSE,,
REC001582,CUST005,George Price,jameshoward@evans.net,Leeds,MTR0005,Detached,05/01/2024 22:33:36,1.15,1.17,FALSE,0,,FALSE,,
REC001583,CUST005,George Price,jameshoward@evans.net,Leeds,MTR0005,Detached,05/01/2024 23:02:24,0.77,0.81,FALSE,0,,FALSE,,
REC001584,CUST005,George Price,jameshoward@evans.net,Leeds,MTR0005,Detached,05/01/2024 23:31:12,0.92,1.02,FALSE,0,,FALSE,,
REC001585,CUST005,George Price,jameshoward@evans.net,Leeds,MTR0005,Detached,06/01/2024 00:00:00,0.64,0.63,FALSE,0,,FALSE,,
REC001586,CUST005,George Price,jameshoward@evans.net,Leeds,MTR0005,Detached,06/01/2024 00:28:48,0.98,1.06,FALSE,0,,FALSE,,
REC001587,CUST005,George Price,jameshoward@evans.net,Leeds,MTR0005,Detached,06/01/2024 00:57:36,1.07,1.02,FALSE,0,,FALSE,,
REC001588,CUST005,George Price,jameshoward@evans.net,Leeds,MTR0005,Detached,06/01/2024 01:26:24,0.4,0.5,FALSE,0,,FALSE,,
REC001589,CUST005,George Price,jameshoward@evans.net,Leeds,MTR0005,Detached,06/01/2024 01:55:12,0.46,0.5,FALSE,0,,FALSE,,
REC001590,CUST005,George Price,jameshoward@evans.net,Leeds,MTR0005,Detached,06/01/2024 02:24:00,0.59,0.54,FALSE,0,,FALSE,,
REC001591,CUST005,George Price,jameshoward@evans.net,Leeds,MTR0005,Detached,06/01/2024 03:07:12,0.33,0.3,FALSE,0,,FALSE,,
REC001592,CUST005,George Price,jameshoward@evans.net,Leeds,MTR0005,Detached,06/01/2024 03:36:00,0.9,0.86,FALSE,0,,FALSE,,
REC001593,CUST005,George Price,jameshoward@evans.net,Leeds,MTR0005,Detached,06/01/2024 04:04:48,0.97,0.98,FALSE,0,,FALSE,,
REC001594,CUST005,George Price,jameshoward@evans.net,Leeds,MTR0005,Detached,06/01/2024 04:33:36,0.5,0.62,FALSE,0,,FALSE,,
REC001595,CUST005,George Price,jameshoward@evans.net,Leeds,MTR0005,Detached,06/01/2024 05:02:24,0.46,0.38,FALSE,0,,FALSE,,
REC001596,CUST005,George Price,jameshoward@evans.net,Leeds,MTR0005,Detached,06/01/2024 05:31:12,0.34,0.34,FALSE,0,,FALSE,,
REC001597,CUST005,George Price,jameshoward@evans.net,Leeds,MTR0005,Detached,06/01/2024 06:00:00,0.49,0.56,FALSE,0,,FALSE,,
REC001598,CUST005,George Price,jameshoward@evans.net,Leeds,MTR0005,Detached,06/01/2024 06:28:48,1.05,1.12,FALSE,0,,FALSE,,
REC001599,CUST005,George Price,jameshoward@evans.net,Leeds,MTR0005,Detached,06/01/2024 06:57:36,0.88,0.72,FALSE,0,,FALSE,,
REC001600,CUST005,George Price,jameshoward@evans.net,Leeds,MTR0005,Detached,06/01/2024 07:26:24,0.42,0.44,FALSE,0,,FALSE,,
REC001601,CUST005,George Price,jameshoward@evans.net,Leeds,MTR0005,Detached,06/01/2024 07:55:12,0.93,0.74,FALSE,0,,FALSE,,
REC001602,CUST005,George Price,jameshoward@evans.net,Leeds,MTR0005,Detached,06/01/2024 08:24:00,1.06,1.2,FALSE,0,,FALSE,,
REC001603,CUST005,George Price,jameshoward@evans.net,Leeds,MTR0005,Detached,06/01/2024 09:07:12,1.11,0.99,FALSE,0,,FALSE,,
REC001604,CUST005,George Price,jameshoward@evans.net,Leeds,MTR0005,Detached,06/01/2024 09:36:00,0.41,0.45,FALSE,0,,FALSE,,
REC001605,CUST005,George Price,jameshoward@evans.net,Leeds,MTR0005,Detached,06/01/2024 10:04:48,0.27,0.33,FALSE,0,,FALSE,,
REC001606,CUST005,George Price,jameshoward@evans.net,Leeds,MTR0005,Detached,06/01/2024 10:33:36,0.65,0.76,FALSE,0,,FALSE,,
REC001607,CUST005,George Price,jameshoward@evans.net,Leeds,MTR0005,Detached,06/01/2024 11:02:24,0.85,0.85,FALSE,0,,FALSE,,
REC001608,CUST005,George Price,jameshoward@evans.net,Leeds,MTR0005,Detached,06/01/2024 11:31:12,0.84,0.75,FALSE,0,,FALSE,,
REC001609,CUST005,George Price,jameshoward@evans.net,Leeds,MTR0005,Detached,06/01/2024 12:00:00,0.36,0.35,FALSE,0,,FALSE,,
REC001610,CUST005,George Price,jameshoward@evans.net,Leeds,MTR0005,Detached,06/01/2024 12:28:48,0.64,0.69,FALSE,0,,FALSE,,
REC001611,CUST005,George Price,jameshoward@evans.net,Leeds,MTR0005,Detached,06/01/2024 12:57:36,0.9,1.06,FALSE,0,,FALSE,,
REC001612,CUST005,George Price,jameshoward@evans.net,Leeds,MTR0005,Detached,06/01/2024 13:26:24,0.31,0.34,FALSE,0,,FALSE,,
REC001613,CUST005,George Price,jameshoward@evans.net,Leeds,MTR0005,Detached,06/01/2024 13:55:12,0.97,0.95,FALSE,0,,FALSE,,
REC001614,CUST005,George Price,jameshoward@evans.net,Leeds,MTR0005,Detached,06/01/2024 14:24:00,0.46,0.55,FALSE,0,,FALSE,,
REC001615,CUST005,George Price,jameshoward@evans.net,Leeds,MTR0005,Detached,06/01/2024 15:07:12,0.58,0.46,FALSE,0,,FALSE,,
REC001616,CUST005,George Price,jameshoward@evans.net,Leeds,MTR0005,Detached,06/01/2024 15:36:00,0.6,0.65,FALSE,0,,FALSE,,
REC001617,CUST005,George Price,jameshoward@evans.net,Leeds,MTR0005,Detached,06/01/2024 16:04:48,1.01,0.98,FALSE,0,,FALSE,,
REC001618,CUST005,George Price,jameshoward@evans.net,Leeds,MTR0005,Detached,06/01/2024 16:33:36,0.47,0.51,FALSE,0,,FALSE,,
REC001619,CUST005,George Price,jameshoward@evans.net,Leeds,MTR0005,Detached,06/01/2024 17:02:24,0.98,0.91,FALSE,0,,FALSE,,
REC001620,CUST005,George Price,jameshoward@evans.net,Leeds,MTR0005,Detached,06/01/2024 17:31:12,0.66,0.65,FALSE,0,,FALSE,,
REC001621,CUST005,George Price,jameshoward@evans.net,Leeds,MTR0005,Detached,06/01/2024 18:00:00,0.51,0.36,TRUE,41.67,Heater malfunction,TRUE,1/6/2024 18:16,TRUE
REC001622,CUST005,George Price,jameshoward@evans.net,Leeds,MTR0005,Detached,06/01/2024 18:28:48,0.52,0.51,FALSE,0,,FALSE,,
REC001623,CUST005,George Price,jameshoward@evans.net,Leeds,MTR0005,Detached,06/01/2024 18:57:36,0.66,0.61,FALSE,0,,FALSE,,
REC001624,CUST005,George Price,jameshoward@evans.net,Leeds,MTR0005,Detached,06/01/2024 19:26:24,0.56,0.54,FALSE,0,,FALSE,,
REC001625,CUST005,George Price,jameshoward@evans.net,Leeds,MTR0005,Detached,06/01/2024 19:55:12,0.73,0.85,FALSE,0,,FALSE,,
REC001626,CUST005,George Price,jameshoward@evans.net,Leeds,MTR0005,Detached,06/01/2024 20:24:00,1.17,1.06,FALSE,0,,FALSE,,
REC001627,CUST005,George Price,jameshoward@evans.net,Leeds,MTR0005,Detached,06/01/2024 21:07:12,1.18,1.15,FALSE,0,,FALSE,,
REC001628,CUST005,George Price,jameshoward@evans.net,Leeds,MTR0005,Detached,06/01/2024 21:36:00,0.6,0.55,FALSE,0,,FALSE,,
REC001629,CUST005,George Price,jameshoward@evans.net,Leeds,MTR0005,Detached,06/01/2024 22:04:48,0.65,0.55,FALSE,0,,FALSE,,
REC001630,CUST005,George Price,jameshoward@evans.net,Leeds,MTR0005,Detached,06/01/2024 22:33:36,0.96,0.86,FALSE,0,,FALSE,,
REC001631,CUST005,George Price,jameshoward@evans.net,Leeds,MTR0005,Detached,06/01/2024 23:02:24,1.08,1.19,FALSE,0,,FALSE,,
REC001632,CUST005,George Price,jameshoward@evans.net,Leeds,MTR0005,Detached,06/01/2024 23:31:12,0.24,0.37,FALSE,0,,FALSE,,
REC001633,CUST005,George Price,jameshoward@evans.net,Leeds,MTR0005,Detached,07/01/2024 00:00:00,0.62,0.7,FALSE,0,,FALSE,,
REC001634,CUST005,George Price,jameshoward@evans.net,Leeds,MTR0005,Detached,07/01/2024 00:28:48,0.92,1.05,FALSE,0,,FALSE,,
REC001635,CUST005,George Price,jameshoward@evans.net,Leeds,MTR0005,Detached,07/01/2024 00:57:36,1.09,1.14,FALSE,0,,FALSE,,
REC001636,CUST005,George Price,jameshoward@evans.net,Leeds,MTR0005,Detached,07/01/2024 01:26:24,1.02,1.14,FALSE,0,,FALSE,,
REC001637,CUST005,George Price,jameshoward@evans.net,Leeds,MTR0005,Detached,07/01/2024 01:55:12,0.25,0.36,FALSE,0,,FALSE,,
REC001638,CUST005,George Price,jameshoward@evans.net,Leeds,MTR0005,Detached,07/01/2024 02:24:00,1.2,1.17,FALSE,0,,FALSE,,
REC001639,CUST005,George Price,jameshoward@evans.net,Leeds,MTR0005,Detached,07/01/2024 03:07:12,0.54,0.7,FALSE,0,,FALSE,,
REC001640,CUST005,George Price,jameshoward@evans.net,Leeds,MTR0005,Detached,07/01/2024 03:36:00,0.72,0.72,FALSE,0,,FALSE,,
REC001641,CUST005,George Price,jameshoward@evans.net,Leeds,MTR0005,Detached,07/01/2024 04:04:48,0.98,0.9,FALSE,0,,FALSE,,
REC001642,CUST005,George Price,jameshoward@evans.net,Leeds,MTR0005,Detached,07/01/2024 04:33:36,0.9,0.82,FALSE,0,,FALSE,,
REC001643,CUST005,George Price,jameshoward@evans.net,Leeds,MTR0005,Detached,07/01/2024 05:02:24,1.17,1.11,FALSE,0,,FALSE,,
REC001644,CUST005,George Price,jameshoward@evans.net,Leeds,MTR0005,Detached,07/01/2024 05:31:12,0.42,0.35,FALSE,0,,FALSE,,
REC001645,CUST005,George Price,jameshoward@evans.net,Leeds,MTR0005,Detached,07/01/2024 06:00:00,0.37,0.31,FALSE,0,,FALSE,,
REC001646,CUST005,George Price,jameshoward@evans.net,Leeds,MTR0005,Detached,07/01/2024 06:28:48,0.56,0.67,FALSE,0,,FALSE,,
REC001647,CUST005,George Price,jameshoward@evans.net,Leeds,MTR0005,Detached,07/01/2024 06:57:36,0.63,0.66,FALSE,0,,FALSE,,
REC001648,CUST005,George Price,jameshoward@evans.net,Leeds,MTR0005,Detached,07/01/2024 07:26:24,0.98,0.92,FALSE,0,,FALSE,,
REC001649,CUST005,George Price,jameshoward@evans.net,Leeds,MTR0005,Detached,07/01/2024 07:55:12,0.49,0.54,FALSE,0,,FALSE,,
REC001650,CUST005,George Price,jameshoward@evans.net,Leeds,MTR0005,Detached,07/01/2024 08:24:00,0.56,0.61,FALSE,0,,FALSE,,
REC001651,CUST005,George Price,jameshoward@evans.net,Leeds,MTR0005,Detached,07/01/2024 09:07:12,0.71,0.69,FALSE,0,,FALSE,,
REC001652,CUST005,George Price,jameshoward@evans.net,Leeds,MTR0005,Detached,07/01/2024 09:36:00,0.73,0.56,FALSE,0,,FALSE,,
REC001653,CUST005,George Price,jameshoward@evans.net,Leeds,MTR0005,Detached,07/01/2024 10:04:48,0.82,0.74,FALSE,0,,FALSE,,
REC001654,CUST005,George Price,jameshoward@evans.net,Leeds,MTR0005,Detached,07/01/2024 10:33:36,0.53,0.69,FALSE,0,,FALSE,,
REC001655,CUST005,George Price,jameshoward@evans.net,Leeds,MTR0005,Detached,07/01/2024 11:02:24,0.46,0.45,FALSE,0,,FALSE,,
REC001656,CUST005,George Price,jameshoward@evans.net,Leeds,MTR0005,Detached,07/01/2024 11:31:12,1.01,1.11,FALSE,0,,FALSE,,
REC001657,CUST005,George Price,jameshoward@evans.net,Leeds,MTR0005,Detached,07/01/2024 12:00:00,0.7,0.61,FALSE,0,,FALSE,,
REC001658,CUST005,George Price,jameshoward@evans.net,Leeds,MTR0005,Detached,07/01/2024 12:28:48,1.27,1.14,FALSE,0,,FALSE,,
REC001659,CUST005,George Price,jameshoward@evans.net,Leeds,MTR0005,Detached,07/01/2024 12:57:36,1.23,1.04,FALSE,0,,FALSE,,
REC001660,CUST005,George Price,jameshoward@evans.net,Leeds,MTR0005,Detached,07/01/2024 13:26:24,1.19,1.11,FALSE,0,,FALSE,,
REC001661,CUST005,George Price,jameshoward@evans.net,Leeds,MTR0005,Detached,07/01/2024 13:55:12,0.71,0.66,FALSE,0,,FALSE,,
REC001662,CUST005,George Price,jameshoward@evans.net,Leeds,MTR0005,Detached,07/01/2024 14:24:00,0.44,0.39,FALSE,0,,FALSE,,
REC001663,CUST005,George Price,jameshoward@evans.net,Leeds,MTR0005,Detached,07/01/2024 15:07:12,0.72,0.82,FALSE,0,,FALSE,,
REC001664,CUST005,George Price,jameshoward@evans.net,Leeds,MTR0005,Detached,07/01/2024 15:36:00,1.17,1.18,FALSE,0,,FALSE,,
REC001665,CUST005,George Price,jameshoward@evans.net,Leeds,MTR0005,Detached,07/01/2024 16:04:48,0.5,0.49,FALSE,0,,FALSE,,
REC001666,CUST005,George Price,jameshoward@evans.net,Leeds,MTR0005,Detached,07/01/2024 16:33:36,0.89,0.96,FALSE,0,,FALSE,,
REC001667,CUST005,George Price,jameshoward@evans.net,Leeds,MTR0005,Detached,07/01/2024 17:02:24,0.37,0.33,FALSE,0,,FALSE,,
REC001668,CUST005,George Price,jameshoward@evans.net,Leeds,MTR0005,Detached,07/01/2024 17:31:12,0.6,0.39,TRUE,53.85,Schedule change,TRUE,1/7/2024 17:57,FALSE
REC001669,CUST005,George Price,jameshoward@evans.net,Leeds,MTR0005,Detached,07/01/2024 18:00:00,0.29,0.46,FALSE,0,,FALSE,,
REC001670,CUST005,George Price,jameshoward@evans.net,Leeds,MTR0005,Detached,07/01/2024 18:28:48,1.2,1.14,FALSE,0,,FALSE,,
REC001671,CUST005,George Price,jameshoward@evans.net,Leeds,MTR0005,Detached,07/01/2024 18:57:36,1.03,1.04,FALSE,0,,FALSE,,
REC001672,CUST005,George Price,jameshoward@evans.net,Leeds,MTR0005,Detached,07/01/2024 19:26:24,0.66,0.61,FALSE,0,,FALSE,,
REC001673,CUST005,George Price,jameshoward@evans.net,Leeds,MTR0005,Detached,07/01/2024 19:55:12,0.36,0.35,FALSE,0,,FALSE,,
REC001674,CUST005,George Price,jameshoward@evans.net,Leeds,MTR0005,Detached,07/01/2024 20:24:00,0.68,0.71,FALSE,0,,FALSE,,
REC001675,CUST005,George Price,jameshoward@evans.net,Leeds,MTR0005,Detached,07/01/2024 21:07:12,0.36,0.5,FALSE,0,,FALSE,,
REC001676,CUST005,George Price,jameshoward@evans.net,Leeds,MTR0005,Detached,07/01/2024 21:36:00,0.89,0.82,FALSE,0,,FALSE,,
REC001677,CUST005,George Price,jameshoward@evans.net,Leeds,MTR0005,Detached,07/01/2024 22:04:48,0.66,0.62,FALSE,0,,FALSE,,
REC001678,CUST005,George Price,jameshoward@evans.net,Leeds,MTR0005,Detached,07/01/2024 22:33:36,0.77,0.73,FALSE,0,,FALSE,,
REC001679,CUST005,George Price,jameshoward@evans.net,Leeds,MTR0005,Detached,07/01/2024 23:02:24,0.74,0.62,FALSE,0,,FALSE,,
REC001680,CUST005,George Price,jameshoward@evans.net,Leeds,MTR0005,Detached,07/01/2024 23:31:12,0.55,0.6,FALSE,0,,FALSE,,
REC001681,CUST006,Hilary Reynolds,revans@brown.com,Leeds,MTR0006,Flat,01/01/2024 00:00:00,0.48,0.49,FALSE,0,,FALSE,,
REC001682,CUST006,Hilary Reynolds,revans@brown.com,Leeds,MTR0006,Flat,01/01/2024 00:28:48,0.64,0.73,FALSE,0,,FALSE,,
REC001683,CUST006,Hilary Reynolds,revans@brown.com,Leeds,MTR0006,Flat,01/01/2024 00:57:36,1,1.06,FALSE,0,,FALSE,,
REC001684,CUST006,Hilary Reynolds,revans@brown.com,Leeds,MTR0006,Flat,01/01/2024 01:26:24,0.9,1.03,FALSE,0,,FALSE,,
REC001685,CUST006,Hilary Reynolds,revans@brown.com,Leeds,MTR0006,Flat,01/01/2024 01:55:12,0.96,1.04,FALSE,0,,FALSE,,
REC001686,CUST006,Hilary Reynolds,revans@brown.com,Leeds,MTR0006,Flat,01/01/2024 02:24:00,0.35,0.57,FALSE,0,,FALSE,,
REC001687,CUST006,Hilary Reynolds,revans@brown.com,Leeds,MTR0006,Flat,01/01/2024 03:07:12,1.17,1.14,FALSE,0,,FALSE,,
REC001688,CUST006,Hilary Reynolds,revans@brown.com,Leeds,MTR0006,Flat,01/01/2024 03:36:00,0.53,0.33,TRUE,60.61,Overnight appliance,TRUE,1/1/2024 03:59,TRUE
REC001689,CUST006,Hilary Reynolds,revans@brown.com,Leeds,MTR0006,Flat,01/01/2024 04:04:48,0.62,0.73,FALSE,0,,FALSE,,
REC001690,CUST006,Hilary Reynolds,revans@brown.com,Leeds,MTR0006,Flat,01/01/2024 04:33:36,0.86,0.89,FALSE,0,,FALSE,,
REC001691,CUST006,Hilary Reynolds,revans@brown.com,Leeds,MTR0006,Flat,01/01/2024 05:02:24,1.34,1.17,FALSE,0,,FALSE,,
REC001692,CUST006,Hilary Reynolds,revans@brown.com,Leeds,MTR0006,Flat,01/01/2024 05:31:12,0.41,0.36,FALSE,0,,FALSE,,
REC001693,CUST006,Hilary Reynolds,revans@brown.com,Leeds,MTR0006,Flat,01/01/2024 06:00:00,0.71,0.68,FALSE,0,,FALSE,,
REC001694,CUST006,Hilary Reynolds,revans@brown.com,Leeds,MTR0006,Flat,01/01/2024 06:28:48,1.05,1.14,FALSE,0,,FALSE,,
REC001695,CUST006,Hilary Reynolds,revans@brown.com,Leeds,MTR0006,Flat,01/01/2024 06:57:36,0.88,0.9,FALSE,0,,FALSE,,
REC001696,CUST006,Hilary Reynolds,revans@brown.com,Leeds,MTR0006,Flat,01/01/2024 07:26:24,0.74,0.8,FALSE,0,,FALSE,,
REC001697,CUST006,Hilary Reynolds,revans@brown.com,Leeds,MTR0006,Flat,01/01/2024 07:55:12,0.7,0.66,FALSE,0,,FALSE,,
REC001698,CUST006,Hilary Reynolds,revans@brown.com,Leeds,MTR0006,Flat,01/01/2024 08:24:00,0.89,0.85,FALSE,0,,FALSE,,
REC001699,CUST006,Hilary Reynolds,revans@brown.com,Leeds,MTR0006,Flat,01/01/2024 09:07:12,0.59,0.64,FALSE,0,,FALSE,,
REC001700,CUST006,Hilary Reynolds,revans@brown.com,Leeds,MTR0006,Flat,01/01/2024 09:36:00,0.59,0.62,FALSE,0,,FALSE,,
REC001701,CUST006,Hilary Reynolds,revans@brown.com,Leeds,MTR0006,Flat,01/01/2024 10:04:48,0.79,0.67,FALSE,0,,FALSE,,
REC001702,CUST006,Hilary Reynolds,revans@brown.com,Leeds,MTR0006,Flat,01/01/2024 10:33:36,0.49,0.36,FALSE,0,,FALSE,,
REC001703,CUST006,Hilary Reynolds,revans@brown.com,Leeds,MTR0006,Flat,01/01/2024 11:02:24,0.62,0.66,FALSE,0,,FALSE,,
REC001704,CUST006,Hilary Reynolds,revans@brown.com,Leeds,MTR0006,Flat,01/01/2024 11:31:12,1.01,1.04,FALSE,0,,FALSE,,
REC001705,CUST006,Hilary Reynolds,revans@brown.com,Leeds,MTR0006,Flat,01/01/2024 12:00:00,0.22,0.34,FALSE,0,,FALSE,,
REC001706,CUST006,Hilary Reynolds,revans@brown.com,Leeds,MTR0006,Flat,01/01/2024 12:28:48,1.06,1.09,FALSE,0,,FALSE,,
REC001707,CUST006,Hilary Reynolds,revans@brown.com,Leeds,MTR0006,Flat,01/01/2024 12:57:36,0.8,0.8,FALSE,0,,FALSE,,
REC001708,CUST006,Hilary Reynolds,revans@brown.com,Leeds,MTR0006,Flat,01/01/2024 13:26:24,0.8,0.96,FALSE,0,,FALSE,,
REC001709,CUST006,Hilary Reynolds,revans@brown.com,Leeds,MTR0006,Flat,01/01/2024 13:55:12,1.2,1.16,FALSE,0,,FALSE,,
REC001710,CUST006,Hilary Reynolds,revans@brown.com,Leeds,MTR0006,Flat,01/01/2024 14:24:00,1.11,1.14,FALSE,0,,FALSE,,
REC001711,CUST006,Hilary Reynolds,revans@brown.com,Leeds,MTR0006,Flat,01/01/2024 15:07:12,1.26,1.12,FALSE,0,,FALSE,,
REC001712,CUST006,Hilary Reynolds,revans@brown.com,Leeds,MTR0006,Flat,01/01/2024 15:36:00,0.8,0.66,FALSE,0,,FALSE,,
REC001713,CUST006,Hilary Reynolds,revans@brown.com,Leeds,MTR0006,Flat,01/01/2024 16:04:48,1.18,0.98,FALSE,0,,FALSE,,
REC001714,CUST006,Hilary Reynolds,revans@brown.com,Leeds,MTR0006,Flat,01/01/2024 16:33:36,0.73,0.69,FALSE,0,,FALSE,,
REC001715,CUST006,Hilary Reynolds,revans@brown.com,Leeds,MTR0006,Flat,01/01/2024 17:02:24,0.93,0.96,FALSE,0,,FALSE,,
REC001716,CUST006,Hilary Reynolds,revans@brown.com,Leeds,MTR0006,Flat,01/01/2024 17:31:12,1.08,1.05,FALSE,0,,FALSE,,
REC001717,CUST006,Hilary Reynolds,revans@brown.com,Leeds,MTR0006,Flat,01/01/2024 18:00:00,0.77,0.79,FALSE,0,,FALSE,,
REC001718,CUST006,Hilary Reynolds,revans@brown.com,Leeds,MTR0006,Flat,01/01/2024 18:28:48,0.76,0.64,FALSE,0,,FALSE,,
REC001719,CUST006,Hilary Reynolds,revans@brown.com,Leeds,MTR0006,Flat,01/01/2024 18:57:36,1.19,1.12,FALSE,0,,FALSE,,
REC001720,CUST006,Hilary Reynolds,revans@brown.com,Leeds,MTR0006,Flat,01/01/2024 19:26:24,0.69,0.74,FALSE,0,,FALSE,,
REC001721,CUST006,Hilary Reynolds,revans@brown.com,Leeds,MTR0006,Flat,01/01/2024 19:55:12,0.83,0.76,FALSE,0,,FALSE,,
REC001722,CUST006,Hilary Reynolds,revans@brown.com,Leeds,MTR0006,Flat,01/01/2024 20:24:00,0.41,0.59,FALSE,0,,FALSE,,
REC001723,CUST006,Hilary Reynolds,revans@brown.com,Leeds,MTR0006,Flat,01/01/2024 21:07:12,0.49,0.34,TRUE,44.12,Heater malfunction,TRUE,1/1/2024 21:16,FALSE
REC001724,CUST006,Hilary Reynolds,revans@brown.com,Leeds,MTR0006,Flat,01/01/2024 21:36:00,0.54,0.61,FALSE,0,,FALSE,,
REC001725,CUST006,Hilary Reynolds,revans@brown.com,Leeds,MTR0006,Flat,01/01/2024 22:04:48,1.03,0.9,FALSE,0,,FALSE,,
REC001726,CUST006,Hilary Reynolds,revans@brown.com,Leeds,MTR0006,Flat,01/01/2024 22:33:36,0.49,0.54,FALSE,0,,FALSE,,
REC001727,CUST006,Hilary Reynolds,revans@brown.com,Leeds,MTR0006,Flat,01/01/2024 23:02:24,1.2,1.19,FALSE,0,,FALSE,,
REC001728,CUST006,Hilary Reynolds,revans@brown.com,Leeds,MTR0006,Flat,01/01/2024 23:31:12,0.86,0.89,FALSE,0,,FALSE,,
REC001729,CUST006,Hilary Reynolds,revans@brown.com,Leeds,MTR0006,Flat,02/01/2024 00:00:00,0.96,0.92,FALSE,0,,FALSE,,
REC001730,CUST006,Hilary Reynolds,revans@brown.com,Leeds,MTR0006,Flat,02/01/2024 00:28:48,0.38,0.5,FALSE,0,,FALSE,,
REC001731,CUST006,Hilary Reynolds,revans@brown.com,Leeds,MTR0006,Flat,02/01/2024 00:57:36,0.36,0.58,FALSE,0,,FALSE,,
REC001732,CUST006,Hilary Reynolds,revans@brown.com,Leeds,MTR0006,Flat,02/01/2024 01:26:24,0.57,0.44,FALSE,0,,FALSE,,
REC001733,CUST006,Hilary Reynolds,revans@brown.com,Leeds,MTR0006,Flat,02/01/2024 01:55:12,0.6,0.45,FALSE,0,,FALSE,,
REC001734,CUST006,Hilary Reynolds,revans@brown.com,Leeds,MTR0006,Flat,02/01/2024 02:24:00,1.06,1.11,FALSE,0,,FALSE,,
REC001735,CUST006,Hilary Reynolds,revans@brown.com,Leeds,MTR0006,Flat,02/01/2024 03:07:12,0.3,0.38,FALSE,0,,FALSE,,
REC001736,CUST006,Hilary Reynolds,revans@brown.com,Leeds,MTR0006,Flat,02/01/2024 03:36:00,0.29,0.31,FALSE,0,,FALSE,,
REC001737,CUST006,Hilary Reynolds,revans@brown.com,Leeds,MTR0006,Flat,02/01/2024 04:04:48,0.79,0.9,FALSE,0,,FALSE,,
REC001738,CUST006,Hilary Reynolds,revans@brown.com,Leeds,MTR0006,Flat,02/01/2024 04:33:36,0.54,0.51,FALSE,0,,FALSE,,
REC001739,CUST006,Hilary Reynolds,revans@brown.com,Leeds,MTR0006,Flat,02/01/2024 05:02:24,0.28,0.32,FALSE,0,,FALSE,,
REC001740,CUST006,Hilary Reynolds,revans@brown.com,Leeds,MTR0006,Flat,02/01/2024 05:31:12,1.03,1.08,FALSE,0,,FALSE,,
REC001741,CUST006,Hilary Reynolds,revans@brown.com,Leeds,MTR0006,Flat,02/01/2024 06:00:00,1.07,1.13,FALSE,0,,FALSE,,
REC001742,CUST006,Hilary Reynolds,revans@brown.com,Leeds,MTR0006,Flat,02/01/2024 06:28:48,0.33,0.34,FALSE,0,,FALSE,,
REC001743,CUST006,Hilary Reynolds,revans@brown.com,Leeds,MTR0006,Flat,02/01/2024 06:57:36,0.78,0.82,FALSE,0,,FALSE,,
REC001744,CUST006,Hilary Reynolds,revans@brown.com,Leeds,MTR0006,Flat,02/01/2024 07:26:24,0.81,0.82,FALSE,0,,FALSE,,
REC001745,CUST006,Hilary Reynolds,revans@brown.com,Leeds,MTR0006,Flat,02/01/2024 07:55:12,0.24,0.31,FALSE,0,,FALSE,,
REC001746,CUST006,Hilary Reynolds,revans@brown.com,Leeds,MTR0006,Flat,02/01/2024 08:24:00,0.44,0.34,FALSE,0,,FALSE,,
REC001747,CUST006,Hilary Reynolds,revans@brown.com,Leeds,MTR0006,Flat,02/01/2024 09:07:12,0.86,0.83,FALSE,0,,FALSE,,
REC001748,CUST006,Hilary Reynolds,revans@brown.com,Leeds,MTR0006,Flat,02/01/2024 09:36:00,0.78,0.79,FALSE,0,,FALSE,,
REC001749,CUST006,Hilary Reynolds,revans@brown.com,Leeds,MTR0006,Flat,02/01/2024 10:04:48,0.45,0.55,FALSE,0,,FALSE,,
REC001750,CUST006,Hilary Reynolds,revans@brown.com,Leeds,MTR0006,Flat,02/01/2024 10:33:36,1.2,1.11,FALSE,0,,FALSE,,
REC001751,CUST006,Hilary Reynolds,revans@brown.com,Leeds,MTR0006,Flat,02/01/2024 11:02:24,0.58,0.64,FALSE,0,,FALSE,,
REC001752,CUST006,Hilary Reynolds,revans@brown.com,Leeds,MTR0006,Flat,02/01/2024 11:31:12,0.69,0.68,FALSE,0,,FALSE,,
REC001753,CUST006,Hilary Reynolds,revans@brown.com,Leeds,MTR0006,Flat,02/01/2024 12:00:00,0.99,1.05,FALSE,0,,FALSE,,
REC001754,CUST006,Hilary Reynolds,revans@brown.com,Leeds,MTR0006,Flat,02/01/2024 12:28:48,0.57,0.5,FALSE,0,,FALSE,,
REC001755,CUST006,Hilary Reynolds,revans@brown.com,Leeds,MTR0006,Flat,02/01/2024 12:57:36,0.84,1.04,FALSE,0,,FALSE,,
REC001756,CUST006,Hilary Reynolds,revans@brown.com,Leeds,MTR0006,Flat,02/01/2024 13:26:24,1.02,1.08,FALSE,0,,FALSE,,
REC001757,CUST006,Hilary Reynolds,revans@brown.com,Leeds,MTR0006,Flat,02/01/2024 13:55:12,0.45,0.38,FALSE,0,,FALSE,,
REC001758,CUST006,Hilary Reynolds,revans@brown.com,Leeds,MTR0006,Flat,02/01/2024 14:24:00,0.27,0.35,FALSE,0,,FALSE,,
REC001759,CUST006,Hilary Reynolds,revans@brown.com,Leeds,MTR0006,Flat,02/01/2024 15:07:12,0.55,0.74,FALSE,0,,FALSE,,
REC001760,CUST006,Hilary Reynolds,revans@brown.com,Leeds,MTR0006,Flat,02/01/2024 15:36:00,0.59,0.66,FALSE,0,,FALSE,,
REC001761,CUST006,Hilary Reynolds,revans@brown.com,Leeds,MTR0006,Flat,02/01/2024 16:04:48,0.81,0.78,FALSE,0,,FALSE,,
REC001762,CUST006,Hilary Reynolds,revans@brown.com,Leeds,MTR0006,Flat,02/01/2024 16:33:36,0.9,1.02,FALSE,0,,FALSE,,
REC001763,CUST006,Hilary Reynolds,revans@brown.com,Leeds,MTR0006,Flat,02/01/2024 17:02:24,0.96,0.98,FALSE,0,,FALSE,,
REC001764,CUST006,Hilary Reynolds,revans@brown.com,Leeds,MTR0006,Flat,02/01/2024 17:31:12,0.52,0.54,FALSE,0,,FALSE,,
REC001765,CUST006,Hilary Reynolds,revans@brown.com,Leeds,MTR0006,Flat,02/01/2024 18:00:00,0.79,0.62,FALSE,0,,FALSE,,
REC001766,CUST006,Hilary Reynolds,revans@brown.com,Leeds,MTR0006,Flat,02/01/2024 18:28:48,0.26,0.35,FALSE,0,,FALSE,,
REC001767,CUST006,Hilary Reynolds,revans@brown.com,Leeds,MTR0006,Flat,02/01/2024 18:57:36,0.49,0.33,TRUE,48.48,Overnight appliance,TRUE,1/2/2024 19:16,FALSE
REC001768,CUST006,Hilary Reynolds,revans@brown.com,Leeds,MTR0006,Flat,02/01/2024 19:26:24,0.38,0.47,FALSE,0,,FALSE,,
REC001769,CUST006,Hilary Reynolds,revans@brown.com,Leeds,MTR0006,Flat,02/01/2024 19:55:12,0.93,0.88,FALSE,0,,FALSE,,
REC001770,CUST006,Hilary Reynolds,revans@brown.com,Leeds,MTR0006,Flat,02/01/2024 20:24:00,1.08,1.11,FALSE,0,,FALSE,,
REC001771,CUST006,Hilary Reynolds,revans@brown.com,Leeds,MTR0006,Flat,02/01/2024 21:07:12,0.52,0.57,FALSE,0,,FALSE,,
REC001772,CUST006,Hilary Reynolds,revans@brown.com,Leeds,MTR0006,Flat,02/01/2024 21:36:00,0.38,0.52,FALSE,0,,FALSE,,
REC001773,CUST006,Hilary Reynolds,revans@brown.com,Leeds,MTR0006,Flat,02/01/2024 22:04:48,0.96,0.91,FALSE,0,,FALSE,,
REC001774,CUST006,Hilary Reynolds,revans@brown.com,Leeds,MTR0006,Flat,02/01/2024 22:33:36,1.14,1.04,FALSE,0,,FALSE,,
REC001775,CUST006,Hilary Reynolds,revans@brown.com,Leeds,MTR0006,Flat,02/01/2024 23:02:24,0.71,0.66,FALSE,0,,FALSE,,
REC001776,CUST006,Hilary Reynolds,revans@brown.com,Leeds,MTR0006,Flat,02/01/2024 23:31:12,0.55,0.62,FALSE,0,,FALSE,,
REC001777,CUST006,Hilary Reynolds,revans@brown.com,Leeds,MTR0006,Flat,03/01/2024 00:00:00,0.86,0.9,FALSE,0,,FALSE,,
REC001778,CUST006,Hilary Reynolds,revans@brown.com,Leeds,MTR0006,Flat,03/01/2024 00:28:48,1.17,1.19,FALSE,0,,FALSE,,
REC001779,CUST006,Hilary Reynolds,revans@brown.com,Leeds,MTR0006,Flat,03/01/2024 00:57:36,0.5,0.44,FALSE,0,,FALSE,,
REC001780,CUST006,Hilary Reynolds,revans@brown.com,Leeds,MTR0006,Flat,03/01/2024 01:26:24,0.93,0.82,FALSE,0,,FALSE,,
REC001781,CUST006,Hilary Reynolds,revans@brown.com,Leeds,MTR0006,Flat,03/01/2024 01:55:12,1.05,1.08,FALSE,0,,FALSE,,
REC001782,CUST006,Hilary Reynolds,revans@brown.com,Leeds,MTR0006,Flat,03/01/2024 02:24:00,0.68,0.86,FALSE,0,,FALSE,,
REC001783,CUST006,Hilary Reynolds,revans@brown.com,Leeds,MTR0006,Flat,03/01/2024 03:07:12,0.49,0.67,FALSE,0,,FALSE,,
REC001784,CUST006,Hilary Reynolds,revans@brown.com,Leeds,MTR0006,Flat,03/01/2024 03:36:00,0.73,0.81,FALSE,0,,FALSE,,
REC001785,CUST006,Hilary Reynolds,revans@brown.com,Leeds,MTR0006,Flat,03/01/2024 04:04:48,1.16,1.07,FALSE,0,,FALSE,,
REC001786,CUST006,Hilary Reynolds,revans@brown.com,Leeds,MTR0006,Flat,03/01/2024 04:33:36,0.85,0.8,FALSE,0,,FALSE,,
REC001787,CUST006,Hilary Reynolds,revans@brown.com,Leeds,MTR0006,Flat,03/01/2024 05:02:24,1.07,1,FALSE,0,,FALSE,,
REC001788,CUST006,Hilary Reynolds,revans@brown.com,Leeds,MTR0006,Flat,03/01/2024 05:31:12,0.46,0.53,FALSE,0,,FALSE,,
REC001789,CUST006,Hilary Reynolds,revans@brown.com,Leeds,MTR0006,Flat,03/01/2024 06:00:00,1.03,1.08,FALSE,0,,FALSE,,
REC001790,CUST006,Hilary Reynolds,revans@brown.com,Leeds,MTR0006,Flat,03/01/2024 06:28:48,1,0.91,FALSE,0,,FALSE,,
REC001791,CUST006,Hilary Reynolds,revans@brown.com,Leeds,MTR0006,Flat,03/01/2024 06:57:36,0.99,0.83,FALSE,0,,FALSE,,
REC001792,CUST006,Hilary Reynolds,revans@brown.com,Leeds,MTR0006,Flat,03/01/2024 07:26:24,0.91,0.82,FALSE,0,,FALSE,,
REC001793,CUST006,Hilary Reynolds,revans@brown.com,Leeds,MTR0006,Flat,03/01/2024 07:55:12,0.78,0.69,FALSE,0,,FALSE,,
REC001794,CUST006,Hilary Reynolds,revans@brown.com,Leeds,MTR0006,Flat,03/01/2024 08:24:00,0.42,0.5,FALSE,0,,FALSE,,
REC001795,CUST006,Hilary Reynolds,revans@brown.com,Leeds,MTR0006,Flat,03/01/2024 09:07:12,0.98,0.92,FALSE,0,,FALSE,,
REC001796,CUST006,Hilary Reynolds,revans@brown.com,Leeds,MTR0006,Flat,03/01/2024 09:36:00,0.84,0.97,FALSE,0,,FALSE,,
REC001797,CUST006,Hilary Reynolds,revans@brown.com,Leeds,MTR0006,Flat,03/01/2024 10:04:48,0.61,0.5,FALSE,0,,FALSE,,
REC001798,CUST006,Hilary Reynolds,revans@brown.com,Leeds,MTR0006,Flat,03/01/2024 10:33:36,0.37,0.34,FALSE,0,,FALSE,,
REC001799,CUST006,Hilary Reynolds,revans@brown.com,Leeds,MTR0006,Flat,03/01/2024 11:02:24,0.93,0.96,FALSE,0,,FALSE,,
REC001800,CUST006,Hilary Reynolds,revans@brown.com,Leeds,MTR0006,Flat,03/01/2024 11:31:12,0.93,1.14,FALSE,0,,FALSE,,
REC001801,CUST006,Hilary Reynolds,revans@brown.com,Leeds,MTR0006,Flat,03/01/2024 12:00:00,0.57,0.6,FALSE,0,,FALSE,,
REC001802,CUST006,Hilary Reynolds,revans@brown.com,Leeds,MTR0006,Flat,03/01/2024 12:28:48,0.37,0.37,FALSE,0,,FALSE,,
REC001803,CUST006,Hilary Reynolds,revans@brown.com,Leeds,MTR0006,Flat,03/01/2024 12:57:36,0.54,0.53,FALSE,0,,FALSE,,
REC001804,CUST006,Hilary Reynolds,revans@brown.com,Leeds,MTR0006,Flat,03/01/2024 13:26:24,0.65,0.68,FALSE,0,,FALSE,,
REC001805,CUST006,Hilary Reynolds,revans@brown.com,Leeds,MTR0006,Flat,03/01/2024 13:55:12,0.74,0.79,FALSE,0,,FALSE,,
REC001806,CUST006,Hilary Reynolds,revans@brown.com,Leeds,MTR0006,Flat,03/01/2024 14:24:00,0.81,0.9,FALSE,0,,FALSE,,
REC001807,CUST006,Hilary Reynolds,revans@brown.com,Leeds,MTR0006,Flat,03/01/2024 15:07:12,1.33,1.17,FALSE,0,,FALSE,,
REC001808,CUST006,Hilary Reynolds,revans@brown.com,Leeds,MTR0006,Flat,03/01/2024 15:36:00,0.95,0.75,FALSE,0,,FALSE,,
REC001809,CUST006,Hilary Reynolds,revans@brown.com,Leeds,MTR0006,Flat,03/01/2024 16:04:48,0.38,0.36,FALSE,0,,FALSE,,
REC001810,CUST006,Hilary Reynolds,revans@brown.com,Leeds,MTR0006,Flat,03/01/2024 16:33:36,0.53,0.61,FALSE,0,,FALSE,,
REC001811,CUST006,Hilary Reynolds,revans@brown.com,Leeds,MTR0006,Flat,03/01/2024 17:02:24,1.02,1.13,FALSE,0,,FALSE,,
REC001812,CUST006,Hilary Reynolds,revans@brown.com,Leeds,MTR0006,Flat,03/01/2024 17:31:12,0.91,0.94,FALSE,0,,FALSE,,
REC001813,CUST006,Hilary Reynolds,revans@brown.com,Leeds,MTR0006,Flat,03/01/2024 18:00:00,0.75,0.56,FALSE,0,,FALSE,,
REC001814,CUST006,Hilary Reynolds,revans@brown.com,Leeds,MTR0006,Flat,03/01/2024 18:28:48,1.13,1.11,FALSE,0,,FALSE,,
REC001815,CUST006,Hilary Reynolds,revans@brown.com,Leeds,MTR0006,Flat,03/01/2024 18:57:36,1.13,1.01,FALSE,0,,FALSE,,
REC001816,CUST006,Hilary Reynolds,revans@brown.com,Leeds,MTR0006,Flat,03/01/2024 19:26:24,1.27,1.15,FALSE,0,,FALSE,,
REC001817,CUST006,Hilary Reynolds,revans@brown.com,Leeds,MTR0006,Flat,03/01/2024 19:55:12,0.64,0.57,FALSE,0,,FALSE,,
REC001818,CUST006,Hilary Reynolds,revans@brown.com,Leeds,MTR0006,Flat,03/01/2024 20:24:00,0.76,0.87,FALSE,0,,FALSE,,
REC001819,CUST006,Hilary Reynolds,revans@brown.com,Leeds,MTR0006,Flat,03/01/2024 21:07:12,0.95,0.83,FALSE,0,,FALSE,,
REC001820,CUST006,Hilary Reynolds,revans@brown.com,Leeds,MTR0006,Flat,03/01/2024 21:36:00,0.68,0.8,FALSE,0,,FALSE,,
REC001821,CUST006,Hilary Reynolds,revans@brown.com,Leeds,MTR0006,Flat,03/01/2024 22:04:48,0.53,0.61,FALSE,0,,FALSE,,
REC001822,CUST006,Hilary Reynolds,revans@brown.com,Leeds,MTR0006,Flat,03/01/2024 22:33:36,0.69,0.66,FALSE,0,,FALSE,,
REC001823,CUST006,Hilary Reynolds,revans@brown.com,Leeds,MTR0006,Flat,03/01/2024 23:02:24,0.92,0.96,FALSE,0,,FALSE,,
REC001824,CUST006,Hilary Reynolds,revans@brown.com,Leeds,MTR0006,Flat,03/01/2024 23:31:12,0.33,0.3,FALSE,0,,FALSE,,
REC001825,CUST006,Hilary Reynolds,revans@brown.com,Leeds,MTR0006,Flat,04/01/2024 00:00:00,0.81,0.94,FALSE,0,,FALSE,,
REC001826,CUST006,Hilary Reynolds,revans@brown.com,Leeds,MTR0006,Flat,04/01/2024 00:28:48,0.23,0.31,FALSE,0,,FALSE,,
REC001827,CUST006,Hilary Reynolds,revans@brown.com,Leeds,MTR0006,Flat,04/01/2024 00:57:36,0.85,0.79,FALSE,0,,FALSE,,
REC001828,CUST006,Hilary Reynolds,revans@brown.com,Leeds,MTR0006,Flat,04/01/2024 01:26:24,0.66,0.38,TRUE,73.68,Overnight appliance,TRUE,1/4/2024 01:58,TRUE
REC001829,CUST006,Hilary Reynolds,revans@brown.com,Leeds,MTR0006,Flat,04/01/2024 01:55:12,0.93,0.79,FALSE,0,,FALSE,,
REC001830,CUST006,Hilary Reynolds,revans@brown.com,Leeds,MTR0006,Flat,04/01/2024 02:24:00,0.49,0.65,FALSE,0,,FALSE,,
REC001831,CUST006,Hilary Reynolds,revans@brown.com,Leeds,MTR0006,Flat,04/01/2024 03:07:12,0.49,0.52,FALSE,0,,FALSE,,
REC001832,CUST006,Hilary Reynolds,revans@brown.com,Leeds,MTR0006,Flat,04/01/2024 03:36:00,0.33,0.39,FALSE,0,,FALSE,,
REC001833,CUST006,Hilary Reynolds,revans@brown.com,Leeds,MTR0006,Flat,04/01/2024 04:04:48,0.46,0.46,FALSE,0,,FALSE,,
REC001834,CUST006,Hilary Reynolds,revans@brown.com,Leeds,MTR0006,Flat,04/01/2024 04:33:36,0.81,0.78,FALSE,0,,FALSE,,
REC001835,CUST006,Hilary Reynolds,revans@brown.com,Leeds,MTR0006,Flat,04/01/2024 05:02:24,1.03,1.09,FALSE,0,,FALSE,,
REC001836,CUST006,Hilary Reynolds,revans@brown.com,Leeds,MTR0006,Flat,04/01/2024 05:31:12,0.68,0.58,FALSE,0,,FALSE,,
REC001837,CUST006,Hilary Reynolds,revans@brown.com,Leeds,MTR0006,Flat,04/01/2024 06:00:00,0.78,0.66,FALSE,0,,FALSE,,
REC001838,CUST006,Hilary Reynolds,revans@brown.com,Leeds,MTR0006,Flat,04/01/2024 06:28:48,0.69,0.58,FALSE,0,,FALSE,,
REC001839,CUST006,Hilary Reynolds,revans@brown.com,Leeds,MTR0006,Flat,04/01/2024 06:57:36,0.33,0.42,FALSE,0,,FALSE,,
REC001840,CUST006,Hilary Reynolds,revans@brown.com,Leeds,MTR0006,Flat,04/01/2024 07:26:24,0.85,0.82,FALSE,0,,FALSE,,
REC001841,CUST006,Hilary Reynolds,revans@brown.com,Leeds,MTR0006,Flat,04/01/2024 07:55:12,1.02,0.92,FALSE,0,,FALSE,,
REC001842,CUST006,Hilary Reynolds,revans@brown.com,Leeds,MTR0006,Flat,04/01/2024 08:24:00,1.17,1.09,FALSE,0,,FALSE,,
REC001843,CUST006,Hilary Reynolds,revans@brown.com,Leeds,MTR0006,Flat,04/01/2024 09:07:12,0.82,0.75,FALSE,0,,FALSE,,
REC001844,CUST006,Hilary Reynolds,revans@brown.com,Leeds,MTR0006,Flat,04/01/2024 09:36:00,0.61,0.47,FALSE,0,,FALSE,,
REC001845,CUST006,Hilary Reynolds,revans@brown.com,Leeds,MTR0006,Flat,04/01/2024 10:04:48,0.27,0.32,FALSE,0,,FALSE,,
REC001846,CUST006,Hilary Reynolds,revans@brown.com,Leeds,MTR0006,Flat,04/01/2024 10:33:36,0.69,0.86,FALSE,0,,FALSE,,
REC001847,CUST006,Hilary Reynolds,revans@brown.com,Leeds,MTR0006,Flat,04/01/2024 11:02:24,1.03,1.06,FALSE,0,,FALSE,,
REC001848,CUST006,Hilary Reynolds,revans@brown.com,Leeds,MTR0006,Flat,04/01/2024 11:31:12,1.15,1.17,FALSE,0,,FALSE,,
REC001849,CUST006,Hilary Reynolds,revans@brown.com,Leeds,MTR0006,Flat,04/01/2024 12:00:00,0.66,0.4,TRUE,65,Overnight appliance,TRUE,1/4/2024 12:25,FALSE
REC001850,CUST006,Hilary Reynolds,revans@brown.com,Leeds,MTR0006,Flat,04/01/2024 12:28:48,0.73,0.79,FALSE,0,,FALSE,,
REC001851,CUST006,Hilary Reynolds,revans@brown.com,Leeds,MTR0006,Flat,04/01/2024 12:57:36,0.5,0.38,FALSE,0,,FALSE,,
REC001852,CUST006,Hilary Reynolds,revans@brown.com,Leeds,MTR0006,Flat,04/01/2024 13:26:24,0.74,0.51,TRUE,45.1,Overnight appliance,TRUE,1/4/2024 13:43,FALSE
REC001853,CUST006,Hilary Reynolds,revans@brown.com,Leeds,MTR0006,Flat,04/01/2024 13:55:12,1.07,0.87,FALSE,0,,FALSE,,
REC001854,CUST006,Hilary Reynolds,revans@brown.com,Leeds,MTR0006,Flat,04/01/2024 14:24:00,0.53,0.53,FALSE,0,,FALSE,,
REC001855,CUST006,Hilary Reynolds,revans@brown.com,Leeds,MTR0006,Flat,04/01/2024 15:07:12,0.66,0.58,FALSE,0,,FALSE,,
REC001856,CUST006,Hilary Reynolds,revans@brown.com,Leeds,MTR0006,Flat,04/01/2024 15:36:00,1.05,1.03,FALSE,0,,FALSE,,
REC001857,CUST006,Hilary Reynolds,revans@brown.com,Leeds,MTR0006,Flat,04/01/2024 16:04:48,0.74,0.82,FALSE,0,,FALSE,,
REC001858,CUST006,Hilary Reynolds,revans@brown.com,Leeds,MTR0006,Flat,04/01/2024 16:33:36,1.02,0.88,FALSE,0,,FALSE,,
REC001859,CUST006,Hilary Reynolds,revans@brown.com,Leeds,MTR0006,Flat,04/01/2024 17:02:24,0.78,0.72,FALSE,0,,FALSE,,
REC001860,CUST006,Hilary Reynolds,revans@brown.com,Leeds,MTR0006,Flat,04/01/2024 17:31:12,0.71,0.8,FALSE,0,,FALSE,,
REC001861,CUST006,Hilary Reynolds,revans@brown.com,Leeds,MTR0006,Flat,04/01/2024 18:00:00,0.58,0.62,FALSE,0,,FALSE,,
REC001862,CUST006,Hilary Reynolds,revans@brown.com,Leeds,MTR0006,Flat,04/01/2024 18:28:48,0.97,0.99,FALSE,0,,FALSE,,
REC001863,CUST006,Hilary Reynolds,revans@brown.com,Leeds,MTR0006,Flat,04/01/2024 18:57:36,1.05,0.93,FALSE,0,,FALSE,,
REC001864,CUST006,Hilary Reynolds,revans@brown.com,Leeds,MTR0006,Flat,04/01/2024 19:26:24,0.54,0.66,FALSE,0,,FALSE,,
REC001865,CUST006,Hilary Reynolds,revans@brown.com,Leeds,MTR0006,Flat,04/01/2024 19:55:12,0.75,0.98,FALSE,0,,FALSE,,
REC001866,CUST006,Hilary Reynolds,revans@brown.com,Leeds,MTR0006,Flat,04/01/2024 20:24:00,1.02,1.14,FALSE,0,,FALSE,,
REC001867,CUST006,Hilary Reynolds,revans@brown.com,Leeds,MTR0006,Flat,04/01/2024 21:07:12,0.55,0.53,FALSE,0,,FALSE,,
REC001868,CUST006,Hilary Reynolds,revans@brown.com,Leeds,MTR0006,Flat,04/01/2024 21:36:00,1.07,1.17,FALSE,0,,FALSE,,
REC001869,CUST006,Hilary Reynolds,revans@brown.com,Leeds,MTR0006,Flat,04/01/2024 22:04:48,0.62,0.64,FALSE,0,,FALSE,,
REC001870,CUST006,Hilary Reynolds,revans@brown.com,Leeds,MTR0006,Flat,04/01/2024 22:33:36,0.71,0.76,FALSE,0,,FALSE,,
REC001871,CUST006,Hilary Reynolds,revans@brown.com,Leeds,MTR0006,Flat,04/01/2024 23:02:24,0.24,0.45,FALSE,0,,FALSE,,
REC001872,CUST006,Hilary Reynolds,revans@brown.com,Leeds,MTR0006,Flat,04/01/2024 23:31:12,0.59,0.66,FALSE,0,,FALSE,,
REC001873,CUST006,Hilary Reynolds,revans@brown.com,Leeds,MTR0006,Flat,05/01/2024 00:00:00,0.38,0.4,FALSE,0,,FALSE,,
REC001874,CUST006,Hilary Reynolds,revans@brown.com,Leeds,MTR0006,Flat,05/01/2024 00:28:48,0.75,0.65,FALSE,0,,FALSE,,
REC001875,CUST006,Hilary Reynolds,revans@brown.com,Leeds,MTR0006,Flat,05/01/2024 00:57:36,1.09,0.89,FALSE,0,,FALSE,,
REC001876,CUST006,Hilary Reynolds,revans@brown.com,Leeds,MTR0006,Flat,05/01/2024 01:26:24,0.28,0.36,FALSE,0,,FALSE,,
REC001877,CUST006,Hilary Reynolds,revans@brown.com,Leeds,MTR0006,Flat,05/01/2024 01:55:12,1.05,1.03,FALSE,0,,FALSE,,
REC001878,CUST006,Hilary Reynolds,revans@brown.com,Leeds,MTR0006,Flat,05/01/2024 02:24:00,1.21,1.16,FALSE,0,,FALSE,,
REC001879,CUST006,Hilary Reynolds,revans@brown.com,Leeds,MTR0006,Flat,05/01/2024 03:07:12,0.68,0.44,TRUE,54.55,Schedule change,TRUE,1/5/2024 03:17,TRUE
REC001880,CUST006,Hilary Reynolds,revans@brown.com,Leeds,MTR0006,Flat,05/01/2024 03:36:00,0.77,0.82,FALSE,0,,FALSE,,
REC001881,CUST006,Hilary Reynolds,revans@brown.com,Leeds,MTR0006,Flat,05/01/2024 04:04:48,0.58,0.66,FALSE,0,,FALSE,,
REC001882,CUST006,Hilary Reynolds,revans@brown.com,Leeds,MTR0006,Flat,05/01/2024 04:33:36,0.61,0.65,FALSE,0,,FALSE,,
REC001883,CUST006,Hilary Reynolds,revans@brown.com,Leeds,MTR0006,Flat,05/01/2024 05:02:24,0.37,0.45,FALSE,0,,FALSE,,
REC001884,CUST006,Hilary Reynolds,revans@brown.com,Leeds,MTR0006,Flat,05/01/2024 05:31:12,0.42,0.35,FALSE,0,,FALSE,,
REC001885,CUST006,Hilary Reynolds,revans@brown.com,Leeds,MTR0006,Flat,05/01/2024 06:00:00,0.9,0.8,FALSE,0,,FALSE,,
REC001886,CUST006,Hilary Reynolds,revans@brown.com,Leeds,MTR0006,Flat,05/01/2024 06:28:48,0.85,0.82,FALSE,0,,FALSE,,
REC001887,CUST006,Hilary Reynolds,revans@brown.com,Leeds,MTR0006,Flat,05/01/2024 06:57:36,0.63,0.61,FALSE,0,,FALSE,,
REC001888,CUST006,Hilary Reynolds,revans@brown.com,Leeds,MTR0006,Flat,05/01/2024 07:26:24,0.51,0.37,FALSE,0,,FALSE,,
REC001889,CUST006,Hilary Reynolds,revans@brown.com,Leeds,MTR0006,Flat,05/01/2024 07:55:12,0.79,0.81,FALSE,0,,FALSE,,
REC001890,CUST006,Hilary Reynolds,revans@brown.com,Leeds,MTR0006,Flat,05/01/2024 08:24:00,0.65,0.57,FALSE,0,,FALSE,,
REC001891,CUST006,Hilary Reynolds,revans@brown.com,Leeds,MTR0006,Flat,05/01/2024 09:07:12,0.41,0.43,FALSE,0,,FALSE,,
REC001892,CUST006,Hilary Reynolds,revans@brown.com,Leeds,MTR0006,Flat,05/01/2024 09:36:00,0.73,0.84,FALSE,0,,FALSE,,
REC001893,CUST006,Hilary Reynolds,revans@brown.com,Leeds,MTR0006,Flat,05/01/2024 10:04:48,0.49,0.37,FALSE,0,,FALSE,,
REC001894,CUST006,Hilary Reynolds,revans@brown.com,Leeds,MTR0006,Flat,05/01/2024 10:33:36,0.4,0.37,FALSE,0,,FALSE,,
REC001895,CUST006,Hilary Reynolds,revans@brown.com,Leeds,MTR0006,Flat,05/01/2024 11:02:24,0.84,0.73,FALSE,0,,FALSE,,
REC001896,CUST006,Hilary Reynolds,revans@brown.com,Leeds,MTR0006,Flat,05/01/2024 11:31:12,1.05,1.01,FALSE,0,,FALSE,,
REC001897,CUST006,Hilary Reynolds,revans@brown.com,Leeds,MTR0006,Flat,05/01/2024 12:00:00,0.61,0.55,FALSE,0,,FALSE,,
REC001898,CUST006,Hilary Reynolds,revans@brown.com,Leeds,MTR0006,Flat,05/01/2024 12:28:48,0.26,0.34,FALSE,0,,FALSE,,
REC001899,CUST006,Hilary Reynolds,revans@brown.com,Leeds,MTR0006,Flat,05/01/2024 12:57:36,0.92,0.66,FALSE,0,,FALSE,,
REC001900,CUST006,Hilary Reynolds,revans@brown.com,Leeds,MTR0006,Flat,05/01/2024 13:26:24,1.19,1.14,FALSE,0,,FALSE,,
REC001901,CUST006,Hilary Reynolds,revans@brown.com,Leeds,MTR0006,Flat,05/01/2024 13:55:12,1.05,0.91,FALSE,0,,FALSE,,
REC001902,CUST006,Hilary Reynolds,revans@brown.com,Leeds,MTR0006,Flat,05/01/2024 14:24:00,1.15,1.16,FALSE,0,,FALSE,,
REC001903,CUST006,Hilary Reynolds,revans@brown.com,Leeds,MTR0006,Flat,05/01/2024 15:07:12,0.26,0.32,FALSE,0,,FALSE,,
REC001904,CUST006,Hilary Reynolds,revans@brown.com,Leeds,MTR0006,Flat,05/01/2024 15:36:00,0.5,0.42,FALSE,0,,FALSE,,
REC001905,CUST006,Hilary Reynolds,revans@brown.com,Leeds,MTR0006,Flat,05/01/2024 16:04:48,0.57,0.7,FALSE,0,,FALSE,,
REC001906,CUST006,Hilary Reynolds,revans@brown.com,Leeds,MTR0006,Flat,05/01/2024 16:33:36,0.5,0.35,TRUE,42.86,Overnight appliance,TRUE,1/5/2024 16:41,TRUE
REC001907,CUST006,Hilary Reynolds,revans@brown.com,Leeds,MTR0006,Flat,05/01/2024 17:02:24,0.82,0.84,FALSE,0,,FALSE,,
REC001908,CUST006,Hilary Reynolds,revans@brown.com,Leeds,MTR0006,Flat,05/01/2024 17:31:12,0.57,0.49,FALSE,0,,FALSE,,
REC001909,CUST006,Hilary Reynolds,revans@brown.com,Leeds,MTR0006,Flat,05/01/2024 18:00:00,0.73,0.7,FALSE,0,,FALSE,,
REC001910,CUST006,Hilary Reynolds,revans@brown.com,Leeds,MTR0006,Flat,05/01/2024 18:28:48,0.74,0.62,FALSE,0,,FALSE,,
REC001911,CUST006,Hilary Reynolds,revans@brown.com,Leeds,MTR0006,Flat,05/01/2024 18:57:36,1.15,1.02,FALSE,0,,FALSE,,
REC001912,CUST006,Hilary Reynolds,revans@brown.com,Leeds,MTR0006,Flat,05/01/2024 19:26:24,0.89,0.87,FALSE,0,,FALSE,,
REC001913,CUST006,Hilary Reynolds,revans@brown.com,Leeds,MTR0006,Flat,05/01/2024 19:55:12,0.86,1.01,FALSE,0,,FALSE,,
REC001914,CUST006,Hilary Reynolds,revans@brown.com,Leeds,MTR0006,Flat,05/01/2024 20:24:00,1.33,1.16,FALSE,0,,FALSE,,
REC001915,CUST006,Hilary Reynolds,revans@brown.com,Leeds,MTR0006,Flat,05/01/2024 21:07:12,0.66,0.79,FALSE,0,,FALSE,,
REC001916,CUST006,Hilary Reynolds,revans@brown.com,Leeds,MTR0006,Flat,05/01/2024 21:36:00,0.91,0.86,FALSE,0,,FALSE,,
REC001917,CUST006,Hilary Reynolds,revans@brown.com,Leeds,MTR0006,Flat,05/01/2024 22:04:48,0.95,0.81,FALSE,0,,FALSE,,
REC001918,CUST006,Hilary Reynolds,revans@brown.com,Leeds,MTR0006,Flat,05/01/2024 22:33:36,0.83,0.77,FALSE,0,,FALSE,,
REC001919,CUST006,Hilary Reynolds,revans@brown.com,Leeds,MTR0006,Flat,05/01/2024 23:02:24,0.44,0.5,FALSE,0,,FALSE,,
REC001920,CUST006,Hilary Reynolds,revans@brown.com,Leeds,MTR0006,Flat,05/01/2024 23:31:12,0.72,0.7,FALSE,0,,FALSE,,
REC001921,CUST006,Hilary Reynolds,revans@brown.com,Leeds,MTR0006,Flat,06/01/2024 00:00:00,0.4,0.45,FALSE,0,,FALSE,,
REC001922,CUST006,Hilary Reynolds,revans@brown.com,Leeds,MTR0006,Flat,06/01/2024 00:28:48,0.6,0.65,FALSE,0,,FALSE,,
REC001923,CUST006,Hilary Reynolds,revans@brown.com,Leeds,MTR0006,Flat,06/01/2024 00:57:36,0.38,0.35,FALSE,0,,FALSE,,
REC001924,CUST006,Hilary Reynolds,revans@brown.com,Leeds,MTR0006,Flat,06/01/2024 01:26:24,0.48,0.73,FALSE,0,,FALSE,,
REC001925,CUST006,Hilary Reynolds,revans@brown.com,Leeds,MTR0006,Flat,06/01/2024 01:55:12,0.62,0.64,FALSE,0,,FALSE,,
REC001926,CUST006,Hilary Reynolds,revans@brown.com,Leeds,MTR0006,Flat,06/01/2024 02:24:00,0.78,0.76,FALSE,0,,FALSE,,
REC001927,CUST006,Hilary Reynolds,revans@brown.com,Leeds,MTR0006,Flat,06/01/2024 03:07:12,0.37,0.36,FALSE,0,,FALSE,,
REC001928,CUST006,Hilary Reynolds,revans@brown.com,Leeds,MTR0006,Flat,06/01/2024 03:36:00,0.74,0.81,FALSE,0,,FALSE,,
REC001929,CUST006,Hilary Reynolds,revans@brown.com,Leeds,MTR0006,Flat,06/01/2024 04:04:48,1.14,1.09,FALSE,0,,FALSE,,
REC001930,CUST006,Hilary Reynolds,revans@brown.com,Leeds,MTR0006,Flat,06/01/2024 04:33:36,0.35,0.34,FALSE,0,,FALSE,,
REC001931,CUST006,Hilary Reynolds,revans@brown.com,Leeds,MTR0006,Flat,06/01/2024 05:02:24,0.6,0.39,TRUE,53.85,Overnight appliance,TRUE,1/6/2024 05:01,TRUE
REC001932,CUST006,Hilary Reynolds,revans@brown.com,Leeds,MTR0006,Flat,06/01/2024 05:31:12,0.4,0.34,FALSE,0,,FALSE,,
REC001933,CUST006,Hilary Reynolds,revans@brown.com,Leeds,MTR0006,Flat,06/01/2024 06:00:00,1.1,1.15,FALSE,0,,FALSE,,
REC001934,CUST006,Hilary Reynolds,revans@brown.com,Leeds,MTR0006,Flat,06/01/2024 06:28:48,0.45,0.37,FALSE,0,,FALSE,,
REC001935,CUST006,Hilary Reynolds,revans@brown.com,Leeds,MTR0006,Flat,06/01/2024 06:57:36,0.29,0.45,FALSE,0,,FALSE,,
REC001936,CUST006,Hilary Reynolds,revans@brown.com,Leeds,MTR0006,Flat,06/01/2024 07:26:24,0.63,0.62,FALSE,0,,FALSE,,
REC001937,CUST006,Hilary Reynolds,revans@brown.com,Leeds,MTR0006,Flat,06/01/2024 07:55:12,1.22,1.19,FALSE,0,,FALSE,,
REC001938,CUST006,Hilary Reynolds,revans@brown.com,Leeds,MTR0006,Flat,06/01/2024 08:24:00,0.44,0.43,FALSE,0,,FALSE,,
REC001939,CUST006,Hilary Reynolds,revans@brown.com,Leeds,MTR0006,Flat,06/01/2024 09:07:12,0.56,0.64,FALSE,0,,FALSE,,
REC001940,CUST006,Hilary Reynolds,revans@brown.com,Leeds,MTR0006,Flat,06/01/2024 09:36:00,0.31,0.3,FALSE,0,,FALSE,,
REC001941,CUST006,Hilary Reynolds,revans@brown.com,Leeds,MTR0006,Flat,06/01/2024 10:04:48,0.79,0.9,FALSE,0,,FALSE,,
REC001942,CUST006,Hilary Reynolds,revans@brown.com,Leeds,MTR0006,Flat,06/01/2024 10:33:36,0.92,0.74,FALSE,0,,FALSE,,
REC001943,CUST006,Hilary Reynolds,revans@brown.com,Leeds,MTR0006,Flat,06/01/2024 11:02:24,0.68,0.67,FALSE,0,,FALSE,,
REC001944,CUST006,Hilary Reynolds,revans@brown.com,Leeds,MTR0006,Flat,06/01/2024 11:31:12,1.01,0.96,FALSE,0,,FALSE,,
REC001945,CUST006,Hilary Reynolds,revans@brown.com,Leeds,MTR0006,Flat,06/01/2024 12:00:00,0.44,0.58,FALSE,0,,FALSE,,
REC001946,CUST006,Hilary Reynolds,revans@brown.com,Leeds,MTR0006,Flat,06/01/2024 12:28:48,0.33,0.39,FALSE,0,,FALSE,,
REC001947,CUST006,Hilary Reynolds,revans@brown.com,Leeds,MTR0006,Flat,06/01/2024 12:57:36,0.52,0.46,FALSE,0,,FALSE,,
REC001948,CUST006,Hilary Reynolds,revans@brown.com,Leeds,MTR0006,Flat,06/01/2024 13:26:24,0.89,0.79,FALSE,0,,FALSE,,
REC001949,CUST006,Hilary Reynolds,revans@brown.com,Leeds,MTR0006,Flat,06/01/2024 13:55:12,0.64,0.73,FALSE,0,,FALSE,,
REC001950,CUST006,Hilary Reynolds,revans@brown.com,Leeds,MTR0006,Flat,06/01/2024 14:24:00,0.87,1,FALSE,0,,FALSE,,
REC001951,CUST006,Hilary Reynolds,revans@brown.com,Leeds,MTR0006,Flat,06/01/2024 15:07:12,1.24,1.19,FALSE,0,,FALSE,,
REC001952,CUST006,Hilary Reynolds,revans@brown.com,Leeds,MTR0006,Flat,06/01/2024 15:36:00,1.02,1.05,FALSE,0,,FALSE,,
REC001953,CUST006,Hilary Reynolds,revans@brown.com,Leeds,MTR0006,Flat,06/01/2024 16:04:48,0.35,0.5,FALSE,0,,FALSE,,
REC001954,CUST006,Hilary Reynolds,revans@brown.com,Leeds,MTR0006,Flat,06/01/2024 16:33:36,1.01,1.18,FALSE,0,,FALSE,,
REC001955,CUST006,Hilary Reynolds,revans@brown.com,Leeds,MTR0006,Flat,06/01/2024 17:02:24,0.4,0.46,FALSE,0,,FALSE,,
REC001956,CUST006,Hilary Reynolds,revans@brown.com,Leeds,MTR0006,Flat,06/01/2024 17:31:12,1.07,0.96,FALSE,0,,FALSE,,
REC001957,CUST006,Hilary Reynolds,revans@brown.com,Leeds,MTR0006,Flat,06/01/2024 18:00:00,0.8,0.68,FALSE,0,,FALSE,,
REC001958,CUST006,Hilary Reynolds,revans@brown.com,Leeds,MTR0006,Flat,06/01/2024 18:28:48,1.05,1.02,FALSE,0,,FALSE,,
REC001959,CUST006,Hilary Reynolds,revans@brown.com,Leeds,MTR0006,Flat,06/01/2024 18:57:36,1.1,1.08,FALSE,0,,FALSE,,
REC001960,CUST006,Hilary Reynolds,revans@brown.com,Leeds,MTR0006,Flat,06/01/2024 19:26:24,0.39,0.43,FALSE,0,,FALSE,,
REC001961,CUST006,Hilary Reynolds,revans@brown.com,Leeds,MTR0006,Flat,06/01/2024 19:55:12,0.45,0.67,FALSE,0,,FALSE,,
REC001962,CUST006,Hilary Reynolds,revans@brown.com,Leeds,MTR0006,Flat,06/01/2024 20:24:00,0.88,0.77,FALSE,0,,FALSE,,
REC001963,CUST006,Hilary Reynolds,revans@brown.com,Leeds,MTR0006,Flat,06/01/2024 21:07:12,1.24,1.2,FALSE,0,,FALSE,,
REC001964,CUST006,Hilary Reynolds,revans@brown.com,Leeds,MTR0006,Flat,06/01/2024 21:36:00,0.58,0.66,FALSE,0,,FALSE,,
REC001965,CUST006,Hilary Reynolds,revans@brown.com,Leeds,MTR0006,Flat,06/01/2024 22:04:48,0.56,0.42,FALSE,0,,FALSE,,
REC001966,CUST006,Hilary Reynolds,revans@brown.com,Leeds,MTR0006,Flat,06/01/2024 22:33:36,0.62,0.74,FALSE,0,,FALSE,,
REC001967,CUST006,Hilary Reynolds,revans@brown.com,Leeds,MTR0006,Flat,06/01/2024 23:02:24,0.79,0.68,FALSE,0,,FALSE,,
REC001968,CUST006,Hilary Reynolds,revans@brown.com,Leeds,MTR0006,Flat,06/01/2024 23:31:12,0.65,0.82,FALSE,0,,FALSE,,
REC001969,CUST006,Hilary Reynolds,revans@brown.com,Leeds,MTR0006,Flat,07/01/2024 00:00:00,0.71,0.45,TRUE,57.78,Heater malfunction,TRUE,1/7/2024 00:29,TRUE
REC001970,CUST006,Hilary Reynolds,revans@brown.com,Leeds,MTR0006,Flat,07/01/2024 00:28:48,0.67,0.81,FALSE,0,,FALSE,,
REC001971,CUST006,Hilary Reynolds,revans@brown.com,Leeds,MTR0006,Flat,07/01/2024 00:57:36,0.61,0.49,FALSE,0,,FALSE,,
REC001972,CUST006,Hilary Reynolds,revans@brown.com,Leeds,MTR0006,Flat,07/01/2024 01:26:24,0.75,0.81,FALSE,0,,FALSE,,
REC001973,CUST006,Hilary Reynolds,revans@brown.com,Leeds,MTR0006,Flat,07/01/2024 01:55:12,0.6,0.54,FALSE,0,,FALSE,,
REC001974,CUST006,Hilary Reynolds,revans@brown.com,Leeds,MTR0006,Flat,07/01/2024 02:24:00,1.2,1.02,FALSE,0,,FALSE,,
REC001975,CUST006,Hilary Reynolds,revans@brown.com,Leeds,MTR0006,Flat,07/01/2024 03:07:12,0.93,0.96,FALSE,0,,FALSE,,
REC001976,CUST006,Hilary Reynolds,revans@brown.com,Leeds,MTR0006,Flat,07/01/2024 03:36:00,0.66,0.42,TRUE,57.14,Schedule change,TRUE,1/7/2024 03:38,TRUE
REC001977,CUST006,Hilary Reynolds,revans@brown.com,Leeds,MTR0006,Flat,07/01/2024 04:04:48,0.72,0.54,FALSE,0,,FALSE,,
REC001978,CUST006,Hilary Reynolds,revans@brown.com,Leeds,MTR0006,Flat,07/01/2024 04:33:36,0.61,0.76,FALSE,0,,FALSE,,
REC001979,CUST006,Hilary Reynolds,revans@brown.com,Leeds,MTR0006,Flat,07/01/2024 05:02:24,0.56,0.56,FALSE,0,,FALSE,,
REC001980,CUST006,Hilary Reynolds,revans@brown.com,Leeds,MTR0006,Flat,07/01/2024 05:31:12,0.54,0.56,FALSE,0,,FALSE,,
REC001981,CUST006,Hilary Reynolds,revans@brown.com,Leeds,MTR0006,Flat,07/01/2024 06:00:00,0.97,0.96,FALSE,0,,FALSE,,
REC001982,CUST006,Hilary Reynolds,revans@brown.com,Leeds,MTR0006,Flat,07/01/2024 06:28:48,1.11,1.15,FALSE,0,,FALSE,,
REC001983,CUST006,Hilary Reynolds,revans@brown.com,Leeds,MTR0006,Flat,07/01/2024 06:57:36,0.37,0.46,FALSE,0,,FALSE,,
REC001984,CUST006,Hilary Reynolds,revans@brown.com,Leeds,MTR0006,Flat,07/01/2024 07:26:24,0.85,0.86,FALSE,0,,FALSE,,
REC001985,CUST006,Hilary Reynolds,revans@brown.com,Leeds,MTR0006,Flat,07/01/2024 07:55:12,0.86,0.8,FALSE,0,,FALSE,,
REC001986,CUST006,Hilary Reynolds,revans@brown.com,Leeds,MTR0006,Flat,07/01/2024 08:24:00,0.86,1.11,FALSE,0,,FALSE,,
REC001987,CUST006,Hilary Reynolds,revans@brown.com,Leeds,MTR0006,Flat,07/01/2024 09:07:12,0.57,0.48,FALSE,0,,FALSE,,
REC001988,CUST006,Hilary Reynolds,revans@brown.com,Leeds,MTR0006,Flat,07/01/2024 09:36:00,0.86,0.84,FALSE,0,,FALSE,,
REC001989,CUST006,Hilary Reynolds,revans@brown.com,Leeds,MTR0006,Flat,07/01/2024 10:04:48,1.19,1.03,FALSE,0,,FALSE,,
REC001990,CUST006,Hilary Reynolds,revans@brown.com,Leeds,MTR0006,Flat,07/01/2024 10:33:36,1.08,1.12,FALSE,0,,FALSE,,
REC001991,CUST006,Hilary Reynolds,revans@brown.com,Leeds,MTR0006,Flat,07/01/2024 11:02:24,0.75,0.81,FALSE,0,,FALSE,,
REC001992,CUST006,Hilary Reynolds,revans@brown.com,Leeds,MTR0006,Flat,07/01/2024 11:31:12,0.4,0.48,FALSE,0,,FALSE,,
REC001993,CUST006,Hilary Reynolds,revans@brown.com,Leeds,MTR0006,Flat,07/01/2024 12:00:00,0.57,0.52,FALSE,0,,FALSE,,
REC001994,CUST006,Hilary Reynolds,revans@brown.com,Leeds,MTR0006,Flat,07/01/2024 12:28:48,0.65,0.83,FALSE,0,,FALSE,,
REC001995,CUST006,Hilary Reynolds,revans@brown.com,Leeds,MTR0006,Flat,07/01/2024 12:57:36,0.61,0.68,FALSE,0,,FALSE,,
REC001996,CUST006,Hilary Reynolds,revans@brown.com,Leeds,MTR0006,Flat,07/01/2024 13:26:24,0.4,0.38,FALSE,0,,FALSE,,
REC001997,CUST006,Hilary Reynolds,revans@brown.com,Leeds,MTR0006,Flat,07/01/2024 13:55:12,0.3,0.45,FALSE,0,,FALSE,,
REC001998,CUST006,Hilary Reynolds,revans@brown.com,Leeds,MTR0006,Flat,07/01/2024 14:24:00,0.56,0.55,FALSE,0,,FALSE,,
REC001999,CUST006,Hilary Reynolds,revans@brown.com,Leeds,MTR0006,Flat,07/01/2024 15:07:12,0.79,0.66,FALSE,0,,FALSE,,
REC002000,CUST006,Hilary Reynolds,revans@brown.com,Leeds,MTR0006,Flat,07/01/2024 15:36:00,1.14,1.02,FALSE,0,,FALSE,,
REC002001,CUST006,Hilary Reynolds,revans@brown.com,Leeds,MTR0006,Flat,07/01/2024 16:04:48,1.13,1.14,FALSE,0,,FALSE,,
REC002002,CUST006,Hilary Reynolds,revans@brown.com,Leeds,MTR0006,Flat,07/01/2024 16:33:36,0.91,0.81,FALSE,0,,FALSE,,
REC002003,CUST006,Hilary Reynolds,revans@brown.com,Leeds,MTR0006,Flat,07/01/2024 17:02:24,0.95,0.9,FALSE,0,,FALSE,,
REC002004,CUST006,Hilary Reynolds,revans@brown.com,Leeds,MTR0006,Flat,07/01/2024 17:31:12,1.22,1.2,FALSE,0,,FALSE,,
REC002005,CUST006,Hilary Reynolds,revans@brown.com,Leeds,MTR0006,Flat,07/01/2024 18:00:00,1.01,0.95,FALSE,0,,FALSE,,
REC002006,CUST006,Hilary Reynolds,revans@brown.com,Leeds,MTR0006,Flat,07/01/2024 18:28:48,0.3,0.34,FALSE,0,,FALSE,,
REC002007,CUST006,Hilary Reynolds,revans@brown.com,Leeds,MTR0006,Flat,07/01/2024 18:57:36,0.48,0.51,FALSE,0,,FALSE,,
REC002008,CUST006,Hilary Reynolds,revans@brown.com,Leeds,MTR0006,Flat,07/01/2024 19:26:24,0.55,0.5,FALSE,0,,FALSE,,
REC002009,CUST006,Hilary Reynolds,revans@brown.com,Leeds,MTR0006,Flat,07/01/2024 19:55:12,0.42,0.42,FALSE,0,,FALSE,,
REC002010,CUST006,Hilary Reynolds,revans@brown.com,Leeds,MTR0006,Flat,07/01/2024 20:24:00,1.03,0.91,FALSE,0,,FALSE,,
REC002011,CUST006,Hilary Reynolds,revans@brown.com,Leeds,MTR0006,Flat,07/01/2024 21:07:12,0.6,0.52,FALSE,0,,FALSE,,
REC002012,CUST006,Hilary Reynolds,revans@brown.com,Leeds,MTR0006,Flat,07/01/2024 21:36:00,0.66,0.58,FALSE,0,,FALSE,,
REC002013,CUST006,Hilary Reynolds,revans@brown.com,Leeds,MTR0006,Flat,07/01/2024 22:04:48,0.73,0.67,FALSE,0,,FALSE,,
REC002014,CUST006,Hilary Reynolds,revans@brown.com,Leeds,MTR0006,Flat,07/01/2024 22:33:36,0.59,0.57,FALSE,0,,FALSE,,
REC002015,CUST006,Hilary Reynolds,revans@brown.com,Leeds,MTR0006,Flat,07/01/2024 23:02:24,1.08,1,FALSE,0,,FALSE,,
REC002016,CUST006,Hilary Reynolds,revans@brown.com,Leeds,MTR0006,Flat,07/01/2024 23:31:12,1.28,1.17,FALSE,0,,FALSE,,
REC002017,CUST007,Mr Hugh Stephenson,julie60@yahoo.co.uk,London,MTR0007,Detached,01/01/2024 00:00:00,0.69,0.65,FALSE,0,,FALSE,,
REC002018,CUST007,Mr Hugh Stephenson,julie60@yahoo.co.uk,London,MTR0007,Detached,01/01/2024 00:28:48,0.88,0.96,FALSE,0,,FALSE,,
REC002019,CUST007,Mr Hugh Stephenson,julie60@yahoo.co.uk,London,MTR0007,Detached,01/01/2024 00:57:36,0.82,0.82,FALSE,0,,FALSE,,
REC002020,CUST007,Mr Hugh Stephenson,julie60@yahoo.co.uk,London,MTR0007,Detached,01/01/2024 01:26:24,0.43,0.58,FALSE,0,,FALSE,,
REC002021,CUST007,Mr Hugh Stephenson,julie60@yahoo.co.uk,London,MTR0007,Detached,01/01/2024 01:55:12,0.81,0.68,FALSE,0,,FALSE,,
REC002022,CUST007,Mr Hugh Stephenson,julie60@yahoo.co.uk,London,MTR0007,Detached,01/01/2024 02:24:00,0.59,0.51,FALSE,0,,FALSE,,
REC002023,CUST007,Mr Hugh Stephenson,julie60@yahoo.co.uk,London,MTR0007,Detached,01/01/2024 03:07:12,0.58,0.66,FALSE,0,,FALSE,,
REC002024,CUST007,Mr Hugh Stephenson,julie60@yahoo.co.uk,London,MTR0007,Detached,01/01/2024 03:36:00,0.95,1.01,FALSE,0,,FALSE,,
REC002025,CUST007,Mr Hugh Stephenson,julie60@yahoo.co.uk,London,MTR0007,Detached,01/01/2024 04:04:48,1.25,1.12,FALSE,0,,FALSE,,
REC002026,CUST007,Mr Hugh Stephenson,julie60@yahoo.co.uk,London,MTR0007,Detached,01/01/2024 04:33:36,1.04,1.11,FALSE,0,,FALSE,,
REC002027,CUST007,Mr Hugh Stephenson,julie60@yahoo.co.uk,London,MTR0007,Detached,01/01/2024 05:02:24,0.91,1.06,FALSE,0,,FALSE,,
REC002028,CUST007,Mr Hugh Stephenson,julie60@yahoo.co.uk,London,MTR0007,Detached,01/01/2024 05:31:12,0.24,0.36,FALSE,0,,FALSE,,
REC002029,CUST007,Mr Hugh Stephenson,julie60@yahoo.co.uk,London,MTR0007,Detached,01/01/2024 06:00:00,0.71,0.74,FALSE,0,,FALSE,,
REC002030,CUST007,Mr Hugh Stephenson,julie60@yahoo.co.uk,London,MTR0007,Detached,01/01/2024 06:28:48,0.54,0.59,FALSE,0,,FALSE,,
REC002031,CUST007,Mr Hugh Stephenson,julie60@yahoo.co.uk,London,MTR0007,Detached,01/01/2024 06:57:36,0.99,1.03,FALSE,0,,FALSE,,
REC002032,CUST007,Mr Hugh Stephenson,julie60@yahoo.co.uk,London,MTR0007,Detached,01/01/2024 07:26:24,1.14,1.07,FALSE,0,,FALSE,,
REC002033,CUST007,Mr Hugh Stephenson,julie60@yahoo.co.uk,London,MTR0007,Detached,01/01/2024 07:55:12,1.01,1.07,FALSE,0,,FALSE,,
REC002034,CUST007,Mr Hugh Stephenson,julie60@yahoo.co.uk,London,MTR0007,Detached,01/01/2024 08:24:00,0.96,0.92,FALSE,0,,FALSE,,
REC002035,CUST007,Mr Hugh Stephenson,julie60@yahoo.co.uk,London,MTR0007,Detached,01/01/2024 09:07:12,1.04,1.15,FALSE,0,,FALSE,,
REC002036,CUST007,Mr Hugh Stephenson,julie60@yahoo.co.uk,London,MTR0007,Detached,01/01/2024 09:36:00,0.87,0.75,FALSE,0,,FALSE,,
REC002037,CUST007,Mr Hugh Stephenson,julie60@yahoo.co.uk,London,MTR0007,Detached,01/01/2024 10:04:48,0.78,0.88,FALSE,0,,FALSE,,
REC002038,CUST007,Mr Hugh Stephenson,julie60@yahoo.co.uk,London,MTR0007,Detached,01/01/2024 10:33:36,0.58,0.58,FALSE,0,,FALSE,,
REC002039,CUST007,Mr Hugh Stephenson,julie60@yahoo.co.uk,London,MTR0007,Detached,01/01/2024 11:02:24,1.01,1.02,FALSE,0,,FALSE,,
REC002040,CUST007,Mr Hugh Stephenson,julie60@yahoo.co.uk,London,MTR0007,Detached,01/01/2024 11:31:12,0.93,0.9,FALSE,0,,FALSE,,
REC002041,CUST007,Mr Hugh Stephenson,julie60@yahoo.co.uk,London,MTR0007,Detached,01/01/2024 12:00:00,1.06,0.98,FALSE,0,,FALSE,,
REC002042,CUST007,Mr Hugh Stephenson,julie60@yahoo.co.uk,London,MTR0007,Detached,01/01/2024 12:28:48,0.38,0.42,FALSE,0,,FALSE,,
REC002043,CUST007,Mr Hugh Stephenson,julie60@yahoo.co.uk,London,MTR0007,Detached,01/01/2024 12:57:36,1.01,0.93,FALSE,0,,FALSE,,
REC002044,CUST007,Mr Hugh Stephenson,julie60@yahoo.co.uk,London,MTR0007,Detached,01/01/2024 13:26:24,0.65,0.53,FALSE,0,,FALSE,,
REC002045,CUST007,Mr Hugh Stephenson,julie60@yahoo.co.uk,London,MTR0007,Detached,01/01/2024 13:55:12,1.07,1.09,FALSE,0,,FALSE,,
REC002046,CUST007,Mr Hugh Stephenson,julie60@yahoo.co.uk,London,MTR0007,Detached,01/01/2024 14:24:00,1.24,1.06,FALSE,0,,FALSE,,
REC002047,CUST007,Mr Hugh Stephenson,julie60@yahoo.co.uk,London,MTR0007,Detached,01/01/2024 15:07:12,0.68,0.65,FALSE,0,,FALSE,,
REC002048,CUST007,Mr Hugh Stephenson,julie60@yahoo.co.uk,London,MTR0007,Detached,01/01/2024 15:36:00,0.76,0.79,FALSE,0,,FALSE,,
REC002049,CUST007,Mr Hugh Stephenson,julie60@yahoo.co.uk,London,MTR0007,Detached,01/01/2024 16:04:48,0.48,0.47,FALSE,0,,FALSE,,
REC002050,CUST007,Mr Hugh Stephenson,julie60@yahoo.co.uk,London,MTR0007,Detached,01/01/2024 16:33:36,1.02,0.84,FALSE,0,,FALSE,,
REC002051,CUST007,Mr Hugh Stephenson,julie60@yahoo.co.uk,London,MTR0007,Detached,01/01/2024 17:02:24,0.75,0.71,FALSE,0,,FALSE,,
REC002052,CUST007,Mr Hugh Stephenson,julie60@yahoo.co.uk,London,MTR0007,Detached,01/01/2024 17:31:12,0.98,0.94,FALSE,0,,FALSE,,
REC002053,CUST007,Mr Hugh Stephenson,julie60@yahoo.co.uk,London,MTR0007,Detached,01/01/2024 18:00:00,0.44,0.39,FALSE,0,,FALSE,,
REC002054,CUST007,Mr Hugh Stephenson,julie60@yahoo.co.uk,London,MTR0007,Detached,01/01/2024 18:28:48,1.02,0.93,FALSE,0,,FALSE,,
REC002055,CUST007,Mr Hugh Stephenson,julie60@yahoo.co.uk,London,MTR0007,Detached,01/01/2024 18:57:36,0.67,0.63,FALSE,0,,FALSE,,
REC002056,CUST007,Mr Hugh Stephenson,julie60@yahoo.co.uk,London,MTR0007,Detached,01/01/2024 19:26:24,0.46,0.4,FALSE,0,,FALSE,,
REC002057,CUST007,Mr Hugh Stephenson,julie60@yahoo.co.uk,London,MTR0007,Detached,01/01/2024 19:55:12,0.68,0.67,FALSE,0,,FALSE,,
REC002058,CUST007,Mr Hugh Stephenson,julie60@yahoo.co.uk,London,MTR0007,Detached,01/01/2024 20:24:00,0.89,0.87,FALSE,0,,FALSE,,
REC002059,CUST007,Mr Hugh Stephenson,julie60@yahoo.co.uk,London,MTR0007,Detached,01/01/2024 21:07:12,0.64,0.54,FALSE,0,,FALSE,,
REC002060,CUST007,Mr Hugh Stephenson,julie60@yahoo.co.uk,London,MTR0007,Detached,01/01/2024 21:36:00,0.58,0.65,FALSE,0,,FALSE,,
REC002061,CUST007,Mr Hugh Stephenson,julie60@yahoo.co.uk,London,MTR0007,Detached,01/01/2024 22:04:48,0.43,0.43,FALSE,0,,FALSE,,
REC002062,CUST007,Mr Hugh Stephenson,julie60@yahoo.co.uk,London,MTR0007,Detached,01/01/2024 22:33:36,1.15,1.18,FALSE,0,,FALSE,,
REC002063,CUST007,Mr Hugh Stephenson,julie60@yahoo.co.uk,London,MTR0007,Detached,01/01/2024 23:02:24,0.49,0.63,FALSE,0,,FALSE,,
REC002064,CUST007,Mr Hugh Stephenson,julie60@yahoo.co.uk,London,MTR0007,Detached,01/01/2024 23:31:12,0.64,0.77,FALSE,0,,FALSE,,
REC002065,CUST007,Mr Hugh Stephenson,julie60@yahoo.co.uk,London,MTR0007,Detached,02/01/2024 00:00:00,0.7,0.7,FALSE,0,,FALSE,,
REC002066,CUST007,Mr Hugh Stephenson,julie60@yahoo.co.uk,London,MTR0007,Detached,02/01/2024 00:28:48,0.86,0.76,FALSE,0,,FALSE,,
REC002067,CUST007,Mr Hugh Stephenson,julie60@yahoo.co.uk,London,MTR0007,Detached,02/01/2024 00:57:36,0.44,0.42,FALSE,0,,FALSE,,
REC002068,CUST007,Mr Hugh Stephenson,julie60@yahoo.co.uk,London,MTR0007,Detached,02/01/2024 01:26:24,0.78,0.84,FALSE,0,,FALSE,,
REC002069,CUST007,Mr Hugh Stephenson,julie60@yahoo.co.uk,London,MTR0007,Detached,02/01/2024 01:55:12,0.81,0.67,FALSE,0,,FALSE,,
REC002070,CUST007,Mr Hugh Stephenson,julie60@yahoo.co.uk,London,MTR0007,Detached,02/01/2024 02:24:00,0.44,0.48,FALSE,0,,FALSE,,
REC002071,CUST007,Mr Hugh Stephenson,julie60@yahoo.co.uk,London,MTR0007,Detached,02/01/2024 03:07:12,0.94,1.04,FALSE,0,,FALSE,,
REC002072,CUST007,Mr Hugh Stephenson,julie60@yahoo.co.uk,London,MTR0007,Detached,02/01/2024 03:36:00,0.89,0.71,FALSE,0,,FALSE,,
REC002073,CUST007,Mr Hugh Stephenson,julie60@yahoo.co.uk,London,MTR0007,Detached,02/01/2024 04:04:48,0.54,0.53,FALSE,0,,FALSE,,
REC002074,CUST007,Mr Hugh Stephenson,julie60@yahoo.co.uk,London,MTR0007,Detached,02/01/2024 04:33:36,0.76,0.59,FALSE,0,,FALSE,,
REC002075,CUST007,Mr Hugh Stephenson,julie60@yahoo.co.uk,London,MTR0007,Detached,02/01/2024 05:02:24,0.84,0.84,FALSE,0,,FALSE,,
REC002076,CUST007,Mr Hugh Stephenson,julie60@yahoo.co.uk,London,MTR0007,Detached,02/01/2024 05:31:12,1.13,1.13,FALSE,0,,FALSE,,
REC002077,CUST007,Mr Hugh Stephenson,julie60@yahoo.co.uk,London,MTR0007,Detached,02/01/2024 06:00:00,0.47,0.61,FALSE,0,,FALSE,,
REC002078,CUST007,Mr Hugh Stephenson,julie60@yahoo.co.uk,London,MTR0007,Detached,02/01/2024 06:28:48,0.26,0.3,FALSE,0,,FALSE,,
REC002079,CUST007,Mr Hugh Stephenson,julie60@yahoo.co.uk,London,MTR0007,Detached,02/01/2024 06:57:36,1.17,1.12,FALSE,0,,FALSE,,
REC002080,CUST007,Mr Hugh Stephenson,julie60@yahoo.co.uk,London,MTR0007,Detached,02/01/2024 07:26:24,0.52,0.45,FALSE,0,,FALSE,,
REC002081,CUST007,Mr Hugh Stephenson,julie60@yahoo.co.uk,London,MTR0007,Detached,02/01/2024 07:55:12,0.42,0.41,FALSE,0,,FALSE,,
REC002082,CUST007,Mr Hugh Stephenson,julie60@yahoo.co.uk,London,MTR0007,Detached,02/01/2024 08:24:00,1.11,1.14,FALSE,0,,FALSE,,
REC002083,CUST007,Mr Hugh Stephenson,julie60@yahoo.co.uk,London,MTR0007,Detached,02/01/2024 09:07:12,0.69,0.69,FALSE,0,,FALSE,,
REC002084,CUST007,Mr Hugh Stephenson,julie60@yahoo.co.uk,London,MTR0007,Detached,02/01/2024 09:36:00,0.51,0.61,FALSE,0,,FALSE,,
REC002085,CUST007,Mr Hugh Stephenson,julie60@yahoo.co.uk,London,MTR0007,Detached,02/01/2024 10:04:48,0.79,0.64,FALSE,0,,FALSE,,
REC002086,CUST007,Mr Hugh Stephenson,julie60@yahoo.co.uk,London,MTR0007,Detached,02/01/2024 10:33:36,0.48,0.4,FALSE,0,,FALSE,,
REC002087,CUST007,Mr Hugh Stephenson,julie60@yahoo.co.uk,London,MTR0007,Detached,02/01/2024 11:02:24,0.32,0.33,FALSE,0,,FALSE,,
REC002088,CUST007,Mr Hugh Stephenson,julie60@yahoo.co.uk,London,MTR0007,Detached,02/01/2024 11:31:12,0.97,1.02,FALSE,0,,FALSE,,
REC002089,CUST007,Mr Hugh Stephenson,julie60@yahoo.co.uk,London,MTR0007,Detached,02/01/2024 12:00:00,0.8,0.61,FALSE,0,,FALSE,,
REC002090,CUST007,Mr Hugh Stephenson,julie60@yahoo.co.uk,London,MTR0007,Detached,02/01/2024 12:28:48,0.7,0.76,FALSE,0,,FALSE,,
REC002091,CUST007,Mr Hugh Stephenson,julie60@yahoo.co.uk,London,MTR0007,Detached,02/01/2024 12:57:36,1.06,1.08,FALSE,0,,FALSE,,
REC002092,CUST007,Mr Hugh Stephenson,julie60@yahoo.co.uk,London,MTR0007,Detached,02/01/2024 13:26:24,1.34,1.19,FALSE,0,,FALSE,,
REC002093,CUST007,Mr Hugh Stephenson,julie60@yahoo.co.uk,London,MTR0007,Detached,02/01/2024 13:55:12,0.75,0.73,FALSE,0,,FALSE,,
REC002094,CUST007,Mr Hugh Stephenson,julie60@yahoo.co.uk,London,MTR0007,Detached,02/01/2024 14:24:00,1.03,1.19,FALSE,0,,FALSE,,
REC002095,CUST007,Mr Hugh Stephenson,julie60@yahoo.co.uk,London,MTR0007,Detached,02/01/2024 15:07:12,1.1,1.07,FALSE,0,,FALSE,,
REC002096,CUST007,Mr Hugh Stephenson,julie60@yahoo.co.uk,London,MTR0007,Detached,02/01/2024 15:36:00,0.55,0.61,FALSE,0,,FALSE,,
REC002097,CUST007,Mr Hugh Stephenson,julie60@yahoo.co.uk,London,MTR0007,Detached,02/01/2024 16:04:48,0.17,0.31,FALSE,0,,FALSE,,
REC002098,CUST007,Mr Hugh Stephenson,julie60@yahoo.co.uk,London,MTR0007,Detached,02/01/2024 16:33:36,0.99,1.04,FALSE,0,,FALSE,,
REC002099,CUST007,Mr Hugh Stephenson,julie60@yahoo.co.uk,London,MTR0007,Detached,02/01/2024 17:02:24,0.49,0.6,FALSE,0,,FALSE,,
REC002100,CUST007,Mr Hugh Stephenson,julie60@yahoo.co.uk,London,MTR0007,Detached,02/01/2024 17:31:12,0.43,0.51,FALSE,0,,FALSE,,
REC002101,CUST007,Mr Hugh Stephenson,julie60@yahoo.co.uk,London,MTR0007,Detached,02/01/2024 18:00:00,0.38,0.36,FALSE,0,,FALSE,,
REC002102,CUST007,Mr Hugh Stephenson,julie60@yahoo.co.uk,London,MTR0007,Detached,02/01/2024 18:28:48,0.43,0.56,FALSE,0,,FALSE,,
REC002103,CUST007,Mr Hugh Stephenson,julie60@yahoo.co.uk,London,MTR0007,Detached,02/01/2024 18:57:36,0.77,0.68,FALSE,0,,FALSE,,
REC002104,CUST007,Mr Hugh Stephenson,julie60@yahoo.co.uk,London,MTR0007,Detached,02/01/2024 19:26:24,1.08,1.11,FALSE,0,,FALSE,,
REC002105,CUST007,Mr Hugh Stephenson,julie60@yahoo.co.uk,London,MTR0007,Detached,02/01/2024 19:55:12,0.67,0.74,FALSE,0,,FALSE,,
REC002106,CUST007,Mr Hugh Stephenson,julie60@yahoo.co.uk,London,MTR0007,Detached,02/01/2024 20:24:00,1.13,1.16,FALSE,0,,FALSE,,
REC002107,CUST007,Mr Hugh Stephenson,julie60@yahoo.co.uk,London,MTR0007,Detached,02/01/2024 21:07:12,0.24,0.35,FALSE,0,,FALSE,,
REC002108,CUST007,Mr Hugh Stephenson,julie60@yahoo.co.uk,London,MTR0007,Detached,02/01/2024 21:36:00,0.48,0.59,FALSE,0,,FALSE,,
REC002109,CUST007,Mr Hugh Stephenson,julie60@yahoo.co.uk,London,MTR0007,Detached,02/01/2024 22:04:48,0.41,0.45,FALSE,0,,FALSE,,
REC002110,CUST007,Mr Hugh Stephenson,julie60@yahoo.co.uk,London,MTR0007,Detached,02/01/2024 22:33:36,0.9,0.87,FALSE,0,,FALSE,,
REC002111,CUST007,Mr Hugh Stephenson,julie60@yahoo.co.uk,London,MTR0007,Detached,02/01/2024 23:02:24,0.46,0.41,FALSE,0,,FALSE,,
REC002112,CUST007,Mr Hugh Stephenson,julie60@yahoo.co.uk,London,MTR0007,Detached,02/01/2024 23:31:12,0.74,0.79,FALSE,0,,FALSE,,
REC002113,CUST007,Mr Hugh Stephenson,julie60@yahoo.co.uk,London,MTR0007,Detached,03/01/2024 00:00:00,0.35,0.37,FALSE,0,,FALSE,,
REC002114,CUST007,Mr Hugh Stephenson,julie60@yahoo.co.uk,London,MTR0007,Detached,03/01/2024 00:28:48,1.09,1.07,FALSE,0,,FALSE,,
REC002115,CUST007,Mr Hugh Stephenson,julie60@yahoo.co.uk,London,MTR0007,Detached,03/01/2024 00:57:36,0.47,0.31,TRUE,51.61,Guest visit,TRUE,1/3/2024 01:05,FALSE
REC002116,CUST007,Mr Hugh Stephenson,julie60@yahoo.co.uk,London,MTR0007,Detached,03/01/2024 01:26:24,1.15,1.14,FALSE,0,,FALSE,,
REC002117,CUST007,Mr Hugh Stephenson,julie60@yahoo.co.uk,London,MTR0007,Detached,03/01/2024 01:55:12,1.06,1.12,FALSE,0,,FALSE,,
REC002118,CUST007,Mr Hugh Stephenson,julie60@yahoo.co.uk,London,MTR0007,Detached,03/01/2024 02:24:00,0.47,0.56,FALSE,0,,FALSE,,
REC002119,CUST007,Mr Hugh Stephenson,julie60@yahoo.co.uk,London,MTR0007,Detached,03/01/2024 03:07:12,0.73,0.64,FALSE,0,,FALSE,,
REC002120,CUST007,Mr Hugh Stephenson,julie60@yahoo.co.uk,London,MTR0007,Detached,03/01/2024 03:36:00,0.22,0.44,FALSE,0,,FALSE,,
REC002121,CUST007,Mr Hugh Stephenson,julie60@yahoo.co.uk,London,MTR0007,Detached,03/01/2024 04:04:48,0.87,0.92,FALSE,0,,FALSE,,
REC002122,CUST007,Mr Hugh Stephenson,julie60@yahoo.co.uk,London,MTR0007,Detached,03/01/2024 04:33:36,0.66,0.75,FALSE,0,,FALSE,,
REC002123,CUST007,Mr Hugh Stephenson,julie60@yahoo.co.uk,London,MTR0007,Detached,03/01/2024 05:02:24,1.1,1.02,FALSE,0,,FALSE,,
REC002124,CUST007,Mr Hugh Stephenson,julie60@yahoo.co.uk,London,MTR0007,Detached,03/01/2024 05:31:12,0.57,0.44,FALSE,0,,FALSE,,
REC002125,CUST007,Mr Hugh Stephenson,julie60@yahoo.co.uk,London,MTR0007,Detached,03/01/2024 06:00:00,0.77,0.79,FALSE,0,,FALSE,,
REC002126,CUST007,Mr Hugh Stephenson,julie60@yahoo.co.uk,London,MTR0007,Detached,03/01/2024 06:28:48,0.6,0.67,FALSE,0,,FALSE,,
REC002127,CUST007,Mr Hugh Stephenson,julie60@yahoo.co.uk,London,MTR0007,Detached,03/01/2024 06:57:36,0.33,0.34,FALSE,0,,FALSE,,
REC002128,CUST007,Mr Hugh Stephenson,julie60@yahoo.co.uk,London,MTR0007,Detached,03/01/2024 07:26:24,0.38,0.34,FALSE,0,,FALSE,,
REC002129,CUST007,Mr Hugh Stephenson,julie60@yahoo.co.uk,London,MTR0007,Detached,03/01/2024 07:55:12,0.52,0.46,FALSE,0,,FALSE,,
REC002130,CUST007,Mr Hugh Stephenson,julie60@yahoo.co.uk,London,MTR0007,Detached,03/01/2024 08:24:00,0.42,0.43,FALSE,0,,FALSE,,
REC002131,CUST007,Mr Hugh Stephenson,julie60@yahoo.co.uk,London,MTR0007,Detached,03/01/2024 09:07:12,1.12,0.99,FALSE,0,,FALSE,,
REC002132,CUST007,Mr Hugh Stephenson,julie60@yahoo.co.uk,London,MTR0007,Detached,03/01/2024 09:36:00,0.55,0.61,FALSE,0,,FALSE,,
REC002133,CUST007,Mr Hugh Stephenson,julie60@yahoo.co.uk,London,MTR0007,Detached,03/01/2024 10:04:48,0.82,0.86,FALSE,0,,FALSE,,
REC002134,CUST007,Mr Hugh Stephenson,julie60@yahoo.co.uk,London,MTR0007,Detached,03/01/2024 10:33:36,1.11,1.14,FALSE,0,,FALSE,,
REC002135,CUST007,Mr Hugh Stephenson,julie60@yahoo.co.uk,London,MTR0007,Detached,03/01/2024 11:02:24,1.16,1.13,FALSE,0,,FALSE,,
REC002136,CUST007,Mr Hugh Stephenson,julie60@yahoo.co.uk,London,MTR0007,Detached,03/01/2024 11:31:12,1.12,1.03,FALSE,0,,FALSE,,
REC002137,CUST007,Mr Hugh Stephenson,julie60@yahoo.co.uk,London,MTR0007,Detached,03/01/2024 12:00:00,0.24,0.36,FALSE,0,,FALSE,,
REC002138,CUST007,Mr Hugh Stephenson,julie60@yahoo.co.uk,London,MTR0007,Detached,03/01/2024 12:28:48,0.76,0.87,FALSE,0,,FALSE,,
REC002139,CUST007,Mr Hugh Stephenson,julie60@yahoo.co.uk,London,MTR0007,Detached,03/01/2024 12:57:36,0.65,0.62,FALSE,0,,FALSE,,
REC002140,CUST007,Mr Hugh Stephenson,julie60@yahoo.co.uk,London,MTR0007,Detached,03/01/2024 13:26:24,0.92,1.03,FALSE,0,,FALSE,,
REC002141,CUST007,Mr Hugh Stephenson,julie60@yahoo.co.uk,London,MTR0007,Detached,03/01/2024 13:55:12,0.61,0.64,FALSE,0,,FALSE,,
REC002142,CUST007,Mr Hugh Stephenson,julie60@yahoo.co.uk,London,MTR0007,Detached,03/01/2024 14:24:00,0.48,0.51,FALSE,0,,FALSE,,
REC002143,CUST007,Mr Hugh Stephenson,julie60@yahoo.co.uk,London,MTR0007,Detached,03/01/2024 15:07:12,0.69,0.57,FALSE,0,,FALSE,,
REC002144,CUST007,Mr Hugh Stephenson,julie60@yahoo.co.uk,London,MTR0007,Detached,03/01/2024 15:36:00,1.1,0.93,FALSE,0,,FALSE,,
REC002145,CUST007,Mr Hugh Stephenson,julie60@yahoo.co.uk,London,MTR0007,Detached,03/01/2024 16:04:48,0.58,0.63,FALSE,0,,FALSE,,
REC002146,CUST007,Mr Hugh Stephenson,julie60@yahoo.co.uk,London,MTR0007,Detached,03/01/2024 16:33:36,0.77,0.72,FALSE,0,,FALSE,,
REC002147,CUST007,Mr Hugh Stephenson,julie60@yahoo.co.uk,London,MTR0007,Detached,03/01/2024 17:02:24,0.99,1.02,FALSE,0,,FALSE,,
REC002148,CUST007,Mr Hugh Stephenson,julie60@yahoo.co.uk,London,MTR0007,Detached,03/01/2024 17:31:12,1,0.92,FALSE,0,,FALSE,,
REC002149,CUST007,Mr Hugh Stephenson,julie60@yahoo.co.uk,London,MTR0007,Detached,03/01/2024 18:00:00,0.21,0.32,FALSE,0,,FALSE,,
REC002150,CUST007,Mr Hugh Stephenson,julie60@yahoo.co.uk,London,MTR0007,Detached,03/01/2024 18:28:48,0.46,0.35,FALSE,0,,FALSE,,
REC002151,CUST007,Mr Hugh Stephenson,julie60@yahoo.co.uk,London,MTR0007,Detached,03/01/2024 18:57:36,0.79,0.85,FALSE,0,,FALSE,,
REC002152,CUST007,Mr Hugh Stephenson,julie60@yahoo.co.uk,London,MTR0007,Detached,03/01/2024 19:26:24,0.23,0.37,FALSE,0,,FALSE,,
REC002153,CUST007,Mr Hugh Stephenson,julie60@yahoo.co.uk,London,MTR0007,Detached,03/01/2024 19:55:12,0.38,0.43,FALSE,0,,FALSE,,
REC002154,CUST007,Mr Hugh Stephenson,julie60@yahoo.co.uk,London,MTR0007,Detached,03/01/2024 20:24:00,1.09,1.12,FALSE,0,,FALSE,,
REC002155,CUST007,Mr Hugh Stephenson,julie60@yahoo.co.uk,London,MTR0007,Detached,03/01/2024 21:07:12,0.2,0.31,FALSE,0,,FALSE,,
REC002156,CUST007,Mr Hugh Stephenson,julie60@yahoo.co.uk,London,MTR0007,Detached,03/01/2024 21:36:00,0.58,0.58,FALSE,0,,FALSE,,
REC002157,CUST007,Mr Hugh Stephenson,julie60@yahoo.co.uk,London,MTR0007,Detached,03/01/2024 22:04:48,1.2,1.13,FALSE,0,,FALSE,,
REC002158,CUST007,Mr Hugh Stephenson,julie60@yahoo.co.uk,London,MTR0007,Detached,03/01/2024 22:33:36,0.71,0.79,FALSE,0,,FALSE,,
REC002159,CUST007,Mr Hugh Stephenson,julie60@yahoo.co.uk,London,MTR0007,Detached,03/01/2024 23:02:24,1.25,1.1,FALSE,0,,FALSE,,
REC002160,CUST007,Mr Hugh Stephenson,julie60@yahoo.co.uk,London,MTR0007,Detached,03/01/2024 23:31:12,0.72,0.48,TRUE,50,Guest visit,TRUE,1/3/2024 23:46,FALSE
REC002161,CUST007,Mr Hugh Stephenson,julie60@yahoo.co.uk,London,MTR0007,Detached,04/01/2024 00:00:00,0.43,0.45,FALSE,0,,FALSE,,
REC002162,CUST007,Mr Hugh Stephenson,julie60@yahoo.co.uk,London,MTR0007,Detached,04/01/2024 00:28:48,0.69,0.63,FALSE,0,,FALSE,,
REC002163,CUST007,Mr Hugh Stephenson,julie60@yahoo.co.uk,London,MTR0007,Detached,04/01/2024 00:57:36,1.02,0.98,FALSE,0,,FALSE,,
REC002164,CUST007,Mr Hugh Stephenson,julie60@yahoo.co.uk,London,MTR0007,Detached,04/01/2024 01:26:24,0.95,0.96,FALSE,0,,FALSE,,
REC002165,CUST007,Mr Hugh Stephenson,julie60@yahoo.co.uk,London,MTR0007,Detached,04/01/2024 01:55:12,0.82,0.84,FALSE,0,,FALSE,,
REC002166,CUST007,Mr Hugh Stephenson,julie60@yahoo.co.uk,London,MTR0007,Detached,04/01/2024 02:24:00,0.33,0.5,FALSE,0,,FALSE,,
REC002167,CUST007,Mr Hugh Stephenson,julie60@yahoo.co.uk,London,MTR0007,Detached,04/01/2024 03:07:12,0.96,0.97,FALSE,0,,FALSE,,
REC002168,CUST007,Mr Hugh Stephenson,julie60@yahoo.co.uk,London,MTR0007,Detached,04/01/2024 03:36:00,0.69,0.61,FALSE,0,,FALSE,,
REC002169,CUST007,Mr Hugh Stephenson,julie60@yahoo.co.uk,London,MTR0007,Detached,04/01/2024 04:04:48,1.11,1.17,FALSE,0,,FALSE,,
REC002170,CUST007,Mr Hugh Stephenson,julie60@yahoo.co.uk,London,MTR0007,Detached,04/01/2024 04:33:36,0.33,0.62,FALSE,0,,FALSE,,
REC002171,CUST007,Mr Hugh Stephenson,julie60@yahoo.co.uk,London,MTR0007,Detached,04/01/2024 05:02:24,1.27,1.12,FALSE,0,,FALSE,,
REC002172,CUST007,Mr Hugh Stephenson,julie60@yahoo.co.uk,London,MTR0007,Detached,04/01/2024 05:31:12,1.07,1.03,FALSE,0,,FALSE,,
REC002173,CUST007,Mr Hugh Stephenson,julie60@yahoo.co.uk,London,MTR0007,Detached,04/01/2024 06:00:00,0.73,0.61,FALSE,0,,FALSE,,
REC002174,CUST007,Mr Hugh Stephenson,julie60@yahoo.co.uk,London,MTR0007,Detached,04/01/2024 06:28:48,0.61,0.63,FALSE,0,,FALSE,,
REC002175,CUST007,Mr Hugh Stephenson,julie60@yahoo.co.uk,London,MTR0007,Detached,04/01/2024 06:57:36,1.03,1.01,FALSE,0,,FALSE,,
REC002176,CUST007,Mr Hugh Stephenson,julie60@yahoo.co.uk,London,MTR0007,Detached,04/01/2024 07:26:24,1.03,0.97,FALSE,0,,FALSE,,
REC002177,CUST007,Mr Hugh Stephenson,julie60@yahoo.co.uk,London,MTR0007,Detached,04/01/2024 07:55:12,0.99,1.02,FALSE,0,,FALSE,,
REC002178,CUST007,Mr Hugh Stephenson,julie60@yahoo.co.uk,London,MTR0007,Detached,04/01/2024 08:24:00,0.46,0.35,FALSE,0,,FALSE,,
REC002179,CUST007,Mr Hugh Stephenson,julie60@yahoo.co.uk,London,MTR0007,Detached,04/01/2024 09:07:12,0.6,0.66,FALSE,0,,FALSE,,
REC002180,CUST007,Mr Hugh Stephenson,julie60@yahoo.co.uk,London,MTR0007,Detached,04/01/2024 09:36:00,1.16,0.97,FALSE,0,,FALSE,,
REC002181,CUST007,Mr Hugh Stephenson,julie60@yahoo.co.uk,London,MTR0007,Detached,04/01/2024 10:04:48,0.51,0.62,FALSE,0,,FALSE,,
REC002182,CUST007,Mr Hugh Stephenson,julie60@yahoo.co.uk,London,MTR0007,Detached,04/01/2024 10:33:36,1.02,0.97,FALSE,0,,FALSE,,
REC002183,CUST007,Mr Hugh Stephenson,julie60@yahoo.co.uk,London,MTR0007,Detached,04/01/2024 11:02:24,0.72,0.79,FALSE,0,,FALSE,,
REC002184,CUST007,Mr Hugh Stephenson,julie60@yahoo.co.uk,London,MTR0007,Detached,04/01/2024 11:31:12,0.88,0.97,FALSE,0,,FALSE,,
REC002185,CUST007,Mr Hugh Stephenson,julie60@yahoo.co.uk,London,MTR0007,Detached,04/01/2024 12:00:00,0.64,0.73,FALSE,0,,FALSE,,
REC002186,CUST007,Mr Hugh Stephenson,julie60@yahoo.co.uk,London,MTR0007,Detached,04/01/2024 12:28:48,0.85,1.11,FALSE,0,,FALSE,,
REC002187,CUST007,Mr Hugh Stephenson,julie60@yahoo.co.uk,London,MTR0007,Detached,04/01/2024 12:57:36,0.67,0.77,FALSE,0,,FALSE,,
REC002188,CUST007,Mr Hugh Stephenson,julie60@yahoo.co.uk,London,MTR0007,Detached,04/01/2024 13:26:24,0.78,0.7,FALSE,0,,FALSE,,
REC002189,CUST007,Mr Hugh Stephenson,julie60@yahoo.co.uk,London,MTR0007,Detached,04/01/2024 13:55:12,0.49,0.41,FALSE,0,,FALSE,,
REC002190,CUST007,Mr Hugh Stephenson,julie60@yahoo.co.uk,London,MTR0007,Detached,04/01/2024 14:24:00,0.94,1.06,FALSE,0,,FALSE,,
REC002191,CUST007,Mr Hugh Stephenson,julie60@yahoo.co.uk,London,MTR0007,Detached,04/01/2024 15:07:12,0.85,0.8,FALSE,0,,FALSE,,
REC002192,CUST007,Mr Hugh Stephenson,julie60@yahoo.co.uk,London,MTR0007,Detached,04/01/2024 15:36:00,0.77,0.84,FALSE,0,,FALSE,,
REC002193,CUST007,Mr Hugh Stephenson,julie60@yahoo.co.uk,London,MTR0007,Detached,04/01/2024 16:04:48,0.77,0.96,FALSE,0,,FALSE,,
REC002194,CUST007,Mr Hugh Stephenson,julie60@yahoo.co.uk,London,MTR0007,Detached,04/01/2024 16:33:36,0.97,0.88,FALSE,0,,FALSE,,
REC002195,CUST007,Mr Hugh Stephenson,julie60@yahoo.co.uk,London,MTR0007,Detached,04/01/2024 17:02:24,0.46,0.36,FALSE,0,,FALSE,,
REC002196,CUST007,Mr Hugh Stephenson,julie60@yahoo.co.uk,London,MTR0007,Detached,04/01/2024 17:31:12,0.79,0.84,FALSE,0,,FALSE,,
REC002197,CUST007,Mr Hugh Stephenson,julie60@yahoo.co.uk,London,MTR0007,Detached,04/01/2024 18:00:00,0.77,0.65,FALSE,0,,FALSE,,
REC002198,CUST007,Mr Hugh Stephenson,julie60@yahoo.co.uk,London,MTR0007,Detached,04/01/2024 18:28:48,0.6,0.61,FALSE,0,,FALSE,,
REC002199,CUST007,Mr Hugh Stephenson,julie60@yahoo.co.uk,London,MTR0007,Detached,04/01/2024 18:57:36,1.09,1.08,FALSE,0,,FALSE,,
REC002200,CUST007,Mr Hugh Stephenson,julie60@yahoo.co.uk,London,MTR0007,Detached,04/01/2024 19:26:24,1.05,1.06,FALSE,0,,FALSE,,
REC002201,CUST007,Mr Hugh Stephenson,julie60@yahoo.co.uk,London,MTR0007,Detached,04/01/2024 19:55:12,0.34,0.46,FALSE,0,,FALSE,,
REC002202,CUST007,Mr Hugh Stephenson,julie60@yahoo.co.uk,London,MTR0007,Detached,04/01/2024 20:24:00,0.91,0.94,FALSE,0,,FALSE,,
REC002203,CUST007,Mr Hugh Stephenson,julie60@yahoo.co.uk,London,MTR0007,Detached,04/01/2024 21:07:12,0.66,0.78,FALSE,0,,FALSE,,
REC002204,CUST007,Mr Hugh Stephenson,julie60@yahoo.co.uk,London,MTR0007,Detached,04/01/2024 21:36:00,0.54,0.49,FALSE,0,,FALSE,,
REC002205,CUST007,Mr Hugh Stephenson,julie60@yahoo.co.uk,London,MTR0007,Detached,04/01/2024 22:04:48,0.4,0.34,FALSE,0,,FALSE,,
REC002206,CUST007,Mr Hugh Stephenson,julie60@yahoo.co.uk,London,MTR0007,Detached,04/01/2024 22:33:36,0.88,1.07,FALSE,0,,FALSE,,
REC002207,CUST007,Mr Hugh Stephenson,julie60@yahoo.co.uk,London,MTR0007,Detached,04/01/2024 23:02:24,0.96,0.9,FALSE,0,,FALSE,,
REC002208,CUST007,Mr Hugh Stephenson,julie60@yahoo.co.uk,London,MTR0007,Detached,04/01/2024 23:31:12,0.94,0.95,FALSE,0,,FALSE,,
REC002209,CUST007,Mr Hugh Stephenson,julie60@yahoo.co.uk,London,MTR0007,Detached,05/01/2024 00:00:00,0.97,1.14,FALSE,0,,FALSE,,
REC002210,CUST007,Mr Hugh Stephenson,julie60@yahoo.co.uk,London,MTR0007,Detached,05/01/2024 00:28:48,0.37,0.35,FALSE,0,,FALSE,,
REC002211,CUST007,Mr Hugh Stephenson,julie60@yahoo.co.uk,London,MTR0007,Detached,05/01/2024 00:57:36,0.91,0.95,FALSE,0,,FALSE,,
REC002212,CUST007,Mr Hugh Stephenson,julie60@yahoo.co.uk,London,MTR0007,Detached,05/01/2024 01:26:24,0.71,0.78,FALSE,0,,FALSE,,
REC002213,CUST007,Mr Hugh Stephenson,julie60@yahoo.co.uk,London,MTR0007,Detached,05/01/2024 01:55:12,0.69,0.81,FALSE,0,,FALSE,,
REC002214,CUST007,Mr Hugh Stephenson,julie60@yahoo.co.uk,London,MTR0007,Detached,05/01/2024 02:24:00,0.67,0.64,FALSE,0,,FALSE,,
REC002215,CUST007,Mr Hugh Stephenson,julie60@yahoo.co.uk,London,MTR0007,Detached,05/01/2024 03:07:12,0.87,0.86,FALSE,0,,FALSE,,
REC002216,CUST007,Mr Hugh Stephenson,julie60@yahoo.co.uk,London,MTR0007,Detached,05/01/2024 03:36:00,0.84,0.83,FALSE,0,,FALSE,,
REC002217,CUST007,Mr Hugh Stephenson,julie60@yahoo.co.uk,London,MTR0007,Detached,05/01/2024 04:04:48,0.58,0.47,FALSE,0,,FALSE,,
REC002218,CUST007,Mr Hugh Stephenson,julie60@yahoo.co.uk,London,MTR0007,Detached,05/01/2024 04:33:36,0.99,0.84,FALSE,0,,FALSE,,
REC002219,CUST007,Mr Hugh Stephenson,julie60@yahoo.co.uk,London,MTR0007,Detached,05/01/2024 05:02:24,0.53,0.74,FALSE,0,,FALSE,,
REC002220,CUST007,Mr Hugh Stephenson,julie60@yahoo.co.uk,London,MTR0007,Detached,05/01/2024 05:31:12,0.81,0.77,FALSE,0,,FALSE,,
REC002221,CUST007,Mr Hugh Stephenson,julie60@yahoo.co.uk,London,MTR0007,Detached,05/01/2024 06:00:00,0.43,0.48,FALSE,0,,FALSE,,
REC002222,CUST007,Mr Hugh Stephenson,julie60@yahoo.co.uk,London,MTR0007,Detached,05/01/2024 06:28:48,0.43,0.38,FALSE,0,,FALSE,,
REC002223,CUST007,Mr Hugh Stephenson,julie60@yahoo.co.uk,London,MTR0007,Detached,05/01/2024 06:57:36,0.61,0.69,FALSE,0,,FALSE,,
REC002224,CUST007,Mr Hugh Stephenson,julie60@yahoo.co.uk,London,MTR0007,Detached,05/01/2024 07:26:24,0.74,0.55,FALSE,0,,FALSE,,
REC002225,CUST007,Mr Hugh Stephenson,julie60@yahoo.co.uk,London,MTR0007,Detached,05/01/2024 07:55:12,0.86,0.8,FALSE,0,,FALSE,,
REC002226,CUST007,Mr Hugh Stephenson,julie60@yahoo.co.uk,London,MTR0007,Detached,05/01/2024 08:24:00,1.11,1.13,FALSE,0,,FALSE,,
REC002227,CUST007,Mr Hugh Stephenson,julie60@yahoo.co.uk,London,MTR0007,Detached,05/01/2024 09:07:12,0.87,0.75,FALSE,0,,FALSE,,
REC002228,CUST007,Mr Hugh Stephenson,julie60@yahoo.co.uk,London,MTR0007,Detached,05/01/2024 09:36:00,0.24,0.33,FALSE,0,,FALSE,,
REC002229,CUST007,Mr Hugh Stephenson,julie60@yahoo.co.uk,London,MTR0007,Detached,05/01/2024 10:04:48,0.79,0.73,FALSE,0,,FALSE,,
REC002230,CUST007,Mr Hugh Stephenson,julie60@yahoo.co.uk,London,MTR0007,Detached,05/01/2024 10:33:36,0.29,0.31,FALSE,0,,FALSE,,
REC002231,CUST007,Mr Hugh Stephenson,julie60@yahoo.co.uk,London,MTR0007,Detached,05/01/2024 11:02:24,0.79,0.8,FALSE,0,,FALSE,,
REC002232,CUST007,Mr Hugh Stephenson,julie60@yahoo.co.uk,London,MTR0007,Detached,05/01/2024 11:31:12,0.55,0.38,TRUE,44.74,Overnight appliance,TRUE,1/5/2024 11:52,TRUE
REC002233,CUST007,Mr Hugh Stephenson,julie60@yahoo.co.uk,London,MTR0007,Detached,05/01/2024 12:00:00,1.42,1.18,FALSE,0,,FALSE,,
REC002234,CUST007,Mr Hugh Stephenson,julie60@yahoo.co.uk,London,MTR0007,Detached,05/01/2024 12:28:48,0.55,0.51,FALSE,0,,FALSE,,
REC002235,CUST007,Mr Hugh Stephenson,julie60@yahoo.co.uk,London,MTR0007,Detached,05/01/2024 12:57:36,0.66,0.74,FALSE,0,,FALSE,,
REC002236,CUST007,Mr Hugh Stephenson,julie60@yahoo.co.uk,London,MTR0007,Detached,05/01/2024 13:26:24,0.39,0.4,FALSE,0,,FALSE,,
REC002237,CUST007,Mr Hugh Stephenson,julie60@yahoo.co.uk,London,MTR0007,Detached,05/01/2024 13:55:12,0.98,1.05,FALSE,0,,FALSE,,
REC002238,CUST007,Mr Hugh Stephenson,julie60@yahoo.co.uk,London,MTR0007,Detached,05/01/2024 14:24:00,0.69,0.75,FALSE,0,,FALSE,,
REC002239,CUST007,Mr Hugh Stephenson,julie60@yahoo.co.uk,London,MTR0007,Detached,05/01/2024 15:07:12,1,0.99,FALSE,0,,FALSE,,
REC002240,CUST007,Mr Hugh Stephenson,julie60@yahoo.co.uk,London,MTR0007,Detached,05/01/2024 15:36:00,0.34,0.41,FALSE,0,,FALSE,,
REC002241,CUST007,Mr Hugh Stephenson,julie60@yahoo.co.uk,London,MTR0007,Detached,05/01/2024 16:04:48,0.45,0.33,FALSE,0,,FALSE,,
REC002242,CUST007,Mr Hugh Stephenson,julie60@yahoo.co.uk,London,MTR0007,Detached,05/01/2024 16:33:36,0.52,0.54,FALSE,0,,FALSE,,
REC002243,CUST007,Mr Hugh Stephenson,julie60@yahoo.co.uk,London,MTR0007,Detached,05/01/2024 17:02:24,0.67,0.68,FALSE,0,,FALSE,,
REC002244,CUST007,Mr Hugh Stephenson,julie60@yahoo.co.uk,London,MTR0007,Detached,05/01/2024 17:31:12,0.76,0.82,FALSE,0,,FALSE,,
REC002245,CUST007,Mr Hugh Stephenson,julie60@yahoo.co.uk,London,MTR0007,Detached,05/01/2024 18:00:00,0.69,0.81,FALSE,0,,FALSE,,
REC002246,CUST007,Mr Hugh Stephenson,julie60@yahoo.co.uk,London,MTR0007,Detached,05/01/2024 18:28:48,0.29,0.4,FALSE,0,,FALSE,,
REC002247,CUST007,Mr Hugh Stephenson,julie60@yahoo.co.uk,London,MTR0007,Detached,05/01/2024 18:57:36,0.65,0.63,FALSE,0,,FALSE,,
REC002248,CUST007,Mr Hugh Stephenson,julie60@yahoo.co.uk,London,MTR0007,Detached,05/01/2024 19:26:24,1.14,1.17,FALSE,0,,FALSE,,
REC002249,CUST007,Mr Hugh Stephenson,julie60@yahoo.co.uk,London,MTR0007,Detached,05/01/2024 19:55:12,1.2,1.17,FALSE,0,,FALSE,,
REC002250,CUST007,Mr Hugh Stephenson,julie60@yahoo.co.uk,London,MTR0007,Detached,05/01/2024 20:24:00,1.03,0.93,FALSE,0,,FALSE,,
REC002251,CUST007,Mr Hugh Stephenson,julie60@yahoo.co.uk,London,MTR0007,Detached,05/01/2024 21:07:12,0.49,0.56,FALSE,0,,FALSE,,
REC002252,CUST007,Mr Hugh Stephenson,julie60@yahoo.co.uk,London,MTR0007,Detached,05/01/2024 21:36:00,0.94,0.73,FALSE,0,,FALSE,,
REC002253,CUST007,Mr Hugh Stephenson,julie60@yahoo.co.uk,London,MTR0007,Detached,05/01/2024 22:04:48,0.88,0.98,FALSE,0,,FALSE,,
REC002254,CUST007,Mr Hugh Stephenson,julie60@yahoo.co.uk,London,MTR0007,Detached,05/01/2024 22:33:36,1.01,1.13,FALSE,0,,FALSE,,
REC002255,CUST007,Mr Hugh Stephenson,julie60@yahoo.co.uk,London,MTR0007,Detached,05/01/2024 23:02:24,0.44,0.35,FALSE,0,,FALSE,,
REC002256,CUST007,Mr Hugh Stephenson,julie60@yahoo.co.uk,London,MTR0007,Detached,05/01/2024 23:31:12,0.85,0.85,FALSE,0,,FALSE,,
REC002257,CUST007,Mr Hugh Stephenson,julie60@yahoo.co.uk,London,MTR0007,Detached,06/01/2024 00:00:00,0.71,0.79,FALSE,0,,FALSE,,
REC002258,CUST007,Mr Hugh Stephenson,julie60@yahoo.co.uk,London,MTR0007,Detached,06/01/2024 00:28:48,0.95,1.07,FALSE,0,,FALSE,,
REC002259,CUST007,Mr Hugh Stephenson,julie60@yahoo.co.uk,London,MTR0007,Detached,06/01/2024 00:57:36,0.71,0.8,FALSE,0,,FALSE,,
REC002260,CUST007,Mr Hugh Stephenson,julie60@yahoo.co.uk,London,MTR0007,Detached,06/01/2024 01:26:24,0.31,0.31,FALSE,0,,FALSE,,
REC002261,CUST007,Mr Hugh Stephenson,julie60@yahoo.co.uk,London,MTR0007,Detached,06/01/2024 01:55:12,1.31,1.17,FALSE,0,,FALSE,,
REC002262,CUST007,Mr Hugh Stephenson,julie60@yahoo.co.uk,London,MTR0007,Detached,06/01/2024 02:24:00,0.21,0.37,FALSE,0,,FALSE,,
REC002263,CUST007,Mr Hugh Stephenson,julie60@yahoo.co.uk,London,MTR0007,Detached,06/01/2024 03:07:12,0.92,0.91,FALSE,0,,FALSE,,
REC002264,CUST007,Mr Hugh Stephenson,julie60@yahoo.co.uk,London,MTR0007,Detached,06/01/2024 03:36:00,0.48,0.41,FALSE,0,,FALSE,,
REC002265,CUST007,Mr Hugh Stephenson,julie60@yahoo.co.uk,London,MTR0007,Detached,06/01/2024 04:04:48,0.77,0.82,FALSE,0,,FALSE,,
REC002266,CUST007,Mr Hugh Stephenson,julie60@yahoo.co.uk,London,MTR0007,Detached,06/01/2024 04:33:36,1.23,1.09,FALSE,0,,FALSE,,
REC002267,CUST007,Mr Hugh Stephenson,julie60@yahoo.co.uk,London,MTR0007,Detached,06/01/2024 05:02:24,0.91,0.88,FALSE,0,,FALSE,,
REC002268,CUST007,Mr Hugh Stephenson,julie60@yahoo.co.uk,London,MTR0007,Detached,06/01/2024 05:31:12,0.5,0.42,FALSE,0,,FALSE,,
REC002269,CUST007,Mr Hugh Stephenson,julie60@yahoo.co.uk,London,MTR0007,Detached,06/01/2024 06:00:00,0.66,0.58,FALSE,0,,FALSE,,
REC002270,CUST007,Mr Hugh Stephenson,julie60@yahoo.co.uk,London,MTR0007,Detached,06/01/2024 06:28:48,0.68,0.57,FALSE,0,,FALSE,,
REC002271,CUST007,Mr Hugh Stephenson,julie60@yahoo.co.uk,London,MTR0007,Detached,06/01/2024 06:57:36,0.45,0.47,FALSE,0,,FALSE,,
REC002272,CUST007,Mr Hugh Stephenson,julie60@yahoo.co.uk,London,MTR0007,Detached,06/01/2024 07:26:24,0.66,0.5,FALSE,0,,FALSE,,
REC002273,CUST007,Mr Hugh Stephenson,julie60@yahoo.co.uk,London,MTR0007,Detached,06/01/2024 07:55:12,0.84,0.85,FALSE,0,,FALSE,,
REC002274,CUST007,Mr Hugh Stephenson,julie60@yahoo.co.uk,London,MTR0007,Detached,06/01/2024 08:24:00,0.7,0.72,FALSE,0,,FALSE,,
REC002275,CUST007,Mr Hugh Stephenson,julie60@yahoo.co.uk,London,MTR0007,Detached,06/01/2024 09:07:12,0.4,0.43,FALSE,0,,FALSE,,
REC002276,CUST007,Mr Hugh Stephenson,julie60@yahoo.co.uk,London,MTR0007,Detached,06/01/2024 09:36:00,0.95,0.99,FALSE,0,,FALSE,,
REC002277,CUST007,Mr Hugh Stephenson,julie60@yahoo.co.uk,London,MTR0007,Detached,06/01/2024 10:04:48,0.64,0.68,FALSE,0,,FALSE,,
REC002278,CUST007,Mr Hugh Stephenson,julie60@yahoo.co.uk,London,MTR0007,Detached,06/01/2024 10:33:36,0.33,0.33,FALSE,0,,FALSE,,
REC002279,CUST007,Mr Hugh Stephenson,julie60@yahoo.co.uk,London,MTR0007,Detached,06/01/2024 11:02:24,0.71,0.7,FALSE,0,,FALSE,,
REC002280,CUST007,Mr Hugh Stephenson,julie60@yahoo.co.uk,London,MTR0007,Detached,06/01/2024 11:31:12,0.39,0.38,FALSE,0,,FALSE,,
REC002281,CUST007,Mr Hugh Stephenson,julie60@yahoo.co.uk,London,MTR0007,Detached,06/01/2024 12:00:00,0.76,0.78,FALSE,0,,FALSE,,
REC002282,CUST007,Mr Hugh Stephenson,julie60@yahoo.co.uk,London,MTR0007,Detached,06/01/2024 12:28:48,1.13,1.05,FALSE,0,,FALSE,,
REC002283,CUST007,Mr Hugh Stephenson,julie60@yahoo.co.uk,London,MTR0007,Detached,06/01/2024 12:57:36,0.44,0.42,FALSE,0,,FALSE,,
REC002284,CUST007,Mr Hugh Stephenson,julie60@yahoo.co.uk,London,MTR0007,Detached,06/01/2024 13:26:24,0.67,0.63,FALSE,0,,FALSE,,
REC002285,CUST007,Mr Hugh Stephenson,julie60@yahoo.co.uk,London,MTR0007,Detached,06/01/2024 13:55:12,1.05,1.14,FALSE,0,,FALSE,,
REC002286,CUST007,Mr Hugh Stephenson,julie60@yahoo.co.uk,London,MTR0007,Detached,06/01/2024 14:24:00,0.81,0.93,FALSE,0,,FALSE,,
REC002287,CUST007,Mr Hugh Stephenson,julie60@yahoo.co.uk,London,MTR0007,Detached,06/01/2024 15:07:12,1.05,0.99,FALSE,0,,FALSE,,
REC002288,CUST007,Mr Hugh Stephenson,julie60@yahoo.co.uk,London,MTR0007,Detached,06/01/2024 15:36:00,0.44,0.36,FALSE,0,,FALSE,,
REC002289,CUST007,Mr Hugh Stephenson,julie60@yahoo.co.uk,London,MTR0007,Detached,06/01/2024 16:04:48,0.55,0.65,FALSE,0,,FALSE,,
REC002290,CUST007,Mr Hugh Stephenson,julie60@yahoo.co.uk,London,MTR0007,Detached,06/01/2024 16:33:36,1.07,1.18,FALSE,0,,FALSE,,
REC002291,CUST007,Mr Hugh Stephenson,julie60@yahoo.co.uk,London,MTR0007,Detached,06/01/2024 17:02:24,1,0.88,FALSE,0,,FALSE,,
REC002292,CUST007,Mr Hugh Stephenson,julie60@yahoo.co.uk,London,MTR0007,Detached,06/01/2024 17:31:12,0.64,0.69,FALSE,0,,FALSE,,
REC002293,CUST007,Mr Hugh Stephenson,julie60@yahoo.co.uk,London,MTR0007,Detached,06/01/2024 18:00:00,1.01,1.08,FALSE,0,,FALSE,,
REC002294,CUST007,Mr Hugh Stephenson,julie60@yahoo.co.uk,London,MTR0007,Detached,06/01/2024 18:28:48,0.87,0.98,FALSE,0,,FALSE,,
REC002295,CUST007,Mr Hugh Stephenson,julie60@yahoo.co.uk,London,MTR0007,Detached,06/01/2024 18:57:36,0.54,0.65,FALSE,0,,FALSE,,
REC002296,CUST007,Mr Hugh Stephenson,julie60@yahoo.co.uk,London,MTR0007,Detached,06/01/2024 19:26:24,1.18,0.97,FALSE,0,,FALSE,,
REC002297,CUST007,Mr Hugh Stephenson,julie60@yahoo.co.uk,London,MTR0007,Detached,06/01/2024 19:55:12,0.5,0.51,FALSE,0,,FALSE,,
REC002298,CUST007,Mr Hugh Stephenson,julie60@yahoo.co.uk,London,MTR0007,Detached,06/01/2024 20:24:00,0.7,0.73,FALSE,0,,FALSE,,
REC002299,CUST007,Mr Hugh Stephenson,julie60@yahoo.co.uk,London,MTR0007,Detached,06/01/2024 21:07:12,0.33,0.45,FALSE,0,,FALSE,,
REC002300,CUST007,Mr Hugh Stephenson,julie60@yahoo.co.uk,London,MTR0007,Detached,06/01/2024 21:36:00,0.18,0.35,FALSE,0,,FALSE,,
REC002301,CUST007,Mr Hugh Stephenson,julie60@yahoo.co.uk,London,MTR0007,Detached,06/01/2024 22:04:48,0.99,0.82,FALSE,0,,FALSE,,
REC002302,CUST007,Mr Hugh Stephenson,julie60@yahoo.co.uk,London,MTR0007,Detached,06/01/2024 22:33:36,0.78,0.68,FALSE,0,,FALSE,,
REC002303,CUST007,Mr Hugh Stephenson,julie60@yahoo.co.uk,London,MTR0007,Detached,06/01/2024 23:02:24,0.94,0.93,FALSE,0,,FALSE,,
REC002304,CUST007,Mr Hugh Stephenson,julie60@yahoo.co.uk,London,MTR0007,Detached,06/01/2024 23:31:12,0.1,0.31,FALSE,0,,FALSE,,
REC002305,CUST007,Mr Hugh Stephenson,julie60@yahoo.co.uk,London,MTR0007,Detached,07/01/2024 00:00:00,0.89,0.92,FALSE,0,,FALSE,,
REC002306,CUST007,Mr Hugh Stephenson,julie60@yahoo.co.uk,London,MTR0007,Detached,07/01/2024 00:28:48,0.64,0.63,FALSE,0,,FALSE,,
REC002307,CUST007,Mr Hugh Stephenson,julie60@yahoo.co.uk,London,MTR0007,Detached,07/01/2024 00:57:36,1.19,1.18,FALSE,0,,FALSE,,
REC002308,CUST007,Mr Hugh Stephenson,julie60@yahoo.co.uk,London,MTR0007,Detached,07/01/2024 01:26:24,0.85,1.12,FALSE,0,,FALSE,,
REC002309,CUST007,Mr Hugh Stephenson,julie60@yahoo.co.uk,London,MTR0007,Detached,07/01/2024 01:55:12,1.08,0.95,FALSE,0,,FALSE,,
REC002310,CUST007,Mr Hugh Stephenson,julie60@yahoo.co.uk,London,MTR0007,Detached,07/01/2024 02:24:00,1.12,1.08,FALSE,0,,FALSE,,
REC002311,CUST007,Mr Hugh Stephenson,julie60@yahoo.co.uk,London,MTR0007,Detached,07/01/2024 03:07:12,0.47,0.71,FALSE,0,,FALSE,,
REC002312,CUST007,Mr Hugh Stephenson,julie60@yahoo.co.uk,London,MTR0007,Detached,07/01/2024 03:36:00,1.12,1.17,FALSE,0,,FALSE,,
REC002313,CUST007,Mr Hugh Stephenson,julie60@yahoo.co.uk,London,MTR0007,Detached,07/01/2024 04:04:48,0.85,0.93,FALSE,0,,FALSE,,
REC002314,CUST007,Mr Hugh Stephenson,julie60@yahoo.co.uk,London,MTR0007,Detached,07/01/2024 04:33:36,0.79,0.79,FALSE,0,,FALSE,,
REC002315,CUST007,Mr Hugh Stephenson,julie60@yahoo.co.uk,London,MTR0007,Detached,07/01/2024 05:02:24,0.66,0.68,FALSE,0,,FALSE,,
REC002316,CUST007,Mr Hugh Stephenson,julie60@yahoo.co.uk,London,MTR0007,Detached,07/01/2024 05:31:12,1.07,1.04,FALSE,0,,FALSE,,
REC002317,CUST007,Mr Hugh Stephenson,julie60@yahoo.co.uk,London,MTR0007,Detached,07/01/2024 06:00:00,0.61,0.8,FALSE,0,,FALSE,,
REC002318,CUST007,Mr Hugh Stephenson,julie60@yahoo.co.uk,London,MTR0007,Detached,07/01/2024 06:28:48,0.73,0.72,FALSE,0,,FALSE,,
REC002319,CUST007,Mr Hugh Stephenson,julie60@yahoo.co.uk,London,MTR0007,Detached,07/01/2024 06:57:36,0.97,1.07,FALSE,0,,FALSE,,
REC002320,CUST007,Mr Hugh Stephenson,julie60@yahoo.co.uk,London,MTR0007,Detached,07/01/2024 07:26:24,0.36,0.42,FALSE,0,,FALSE,,
REC002321,CUST007,Mr Hugh Stephenson,julie60@yahoo.co.uk,London,MTR0007,Detached,07/01/2024 07:55:12,0.55,0.57,FALSE,0,,FALSE,,
REC002322,CUST007,Mr Hugh Stephenson,julie60@yahoo.co.uk,London,MTR0007,Detached,07/01/2024 08:24:00,0.65,0.5,FALSE,0,,FALSE,,
REC002323,CUST007,Mr Hugh Stephenson,julie60@yahoo.co.uk,London,MTR0007,Detached,07/01/2024 09:07:12,0.5,0.45,FALSE,0,,FALSE,,
REC002324,CUST007,Mr Hugh Stephenson,julie60@yahoo.co.uk,London,MTR0007,Detached,07/01/2024 09:36:00,0.59,0.61,FALSE,0,,FALSE,,
REC002325,CUST007,Mr Hugh Stephenson,julie60@yahoo.co.uk,London,MTR0007,Detached,07/01/2024 10:04:48,1.06,1.19,FALSE,0,,FALSE,,
REC002326,CUST007,Mr Hugh Stephenson,julie60@yahoo.co.uk,London,MTR0007,Detached,07/01/2024 10:33:36,1.09,1.1,FALSE,0,,FALSE,,
REC002327,CUST007,Mr Hugh Stephenson,julie60@yahoo.co.uk,London,MTR0007,Detached,07/01/2024 11:02:24,0.61,0.71,FALSE,0,,FALSE,,
REC002328,CUST007,Mr Hugh Stephenson,julie60@yahoo.co.uk,London,MTR0007,Detached,07/01/2024 11:31:12,0.57,0.47,FALSE,0,,FALSE,,
REC002329,CUST007,Mr Hugh Stephenson,julie60@yahoo.co.uk,London,MTR0007,Detached,07/01/2024 12:00:00,0.33,0.34,FALSE,0,,FALSE,,
REC002330,CUST007,Mr Hugh Stephenson,julie60@yahoo.co.uk,London,MTR0007,Detached,07/01/2024 12:28:48,0.74,0.85,FALSE,0,,FALSE,,
REC002331,CUST007,Mr Hugh Stephenson,julie60@yahoo.co.uk,London,MTR0007,Detached,07/01/2024 12:57:36,0.67,0.69,FALSE,0,,FALSE,,
REC002332,CUST007,Mr Hugh Stephenson,julie60@yahoo.co.uk,London,MTR0007,Detached,07/01/2024 13:26:24,0.87,0.78,FALSE,0,,FALSE,,
REC002333,CUST007,Mr Hugh Stephenson,julie60@yahoo.co.uk,London,MTR0007,Detached,07/01/2024 13:55:12,0.82,0.73,FALSE,0,,FALSE,,
REC002334,CUST007,Mr Hugh Stephenson,julie60@yahoo.co.uk,London,MTR0007,Detached,07/01/2024 14:24:00,1.07,1.1,FALSE,0,,FALSE,,
REC002335,CUST007,Mr Hugh Stephenson,julie60@yahoo.co.uk,London,MTR0007,Detached,07/01/2024 15:07:12,0.67,0.6,FALSE,0,,FALSE,,
REC002336,CUST007,Mr Hugh Stephenson,julie60@yahoo.co.uk,London,MTR0007,Detached,07/01/2024 15:36:00,1.19,1.17,FALSE,0,,FALSE,,
REC002337,CUST007,Mr Hugh Stephenson,julie60@yahoo.co.uk,London,MTR0007,Detached,07/01/2024 16:04:48,0.59,0.76,FALSE,0,,FALSE,,
REC002338,CUST007,Mr Hugh Stephenson,julie60@yahoo.co.uk,London,MTR0007,Detached,07/01/2024 16:33:36,1.12,1.16,FALSE,0,,FALSE,,
REC002339,CUST007,Mr Hugh Stephenson,julie60@yahoo.co.uk,London,MTR0007,Detached,07/01/2024 17:02:24,0.27,0.43,FALSE,0,,FALSE,,
REC002340,CUST007,Mr Hugh Stephenson,julie60@yahoo.co.uk,London,MTR0007,Detached,07/01/2024 17:31:12,0.61,0.55,FALSE,0,,FALSE,,
REC002341,CUST007,Mr Hugh Stephenson,julie60@yahoo.co.uk,London,MTR0007,Detached,07/01/2024 18:00:00,0.58,0.66,FALSE,0,,FALSE,,
REC002342,CUST007,Mr Hugh Stephenson,julie60@yahoo.co.uk,London,MTR0007,Detached,07/01/2024 18:28:48,0.45,0.44,FALSE,0,,FALSE,,
REC002343,CUST007,Mr Hugh Stephenson,julie60@yahoo.co.uk,London,MTR0007,Detached,07/01/2024 18:57:36,0.53,0.7,FALSE,0,,FALSE,,
REC002344,CUST007,Mr Hugh Stephenson,julie60@yahoo.co.uk,London,MTR0007,Detached,07/01/2024 19:26:24,0.59,0.58,FALSE,0,,FALSE,,
REC002345,CUST007,Mr Hugh Stephenson,julie60@yahoo.co.uk,London,MTR0007,Detached,07/01/2024 19:55:12,0.36,0.38,FALSE,0,,FALSE,,
REC002346,CUST007,Mr Hugh Stephenson,julie60@yahoo.co.uk,London,MTR0007,Detached,07/01/2024 20:24:00,0.85,0.81,FALSE,0,,FALSE,,
REC002347,CUST007,Mr Hugh Stephenson,julie60@yahoo.co.uk,London,MTR0007,Detached,07/01/2024 21:07:12,1.09,1.12,FALSE,0,,FALSE,,
REC002348,CUST007,Mr Hugh Stephenson,julie60@yahoo.co.uk,London,MTR0007,Detached,07/01/2024 21:36:00,0.53,0.53,FALSE,0,,FALSE,,
REC002349,CUST007,Mr Hugh Stephenson,julie60@yahoo.co.uk,London,MTR0007,Detached,07/01/2024 22:04:48,0.81,0.7,FALSE,0,,FALSE,,
REC002350,CUST007,Mr Hugh Stephenson,julie60@yahoo.co.uk,London,MTR0007,Detached,07/01/2024 22:33:36,1.29,1.2,FALSE,0,,FALSE,,
REC002351,CUST007,Mr Hugh Stephenson,julie60@yahoo.co.uk,London,MTR0007,Detached,07/01/2024 23:02:24,0.76,0.56,FALSE,0,,FALSE,,
REC002352,CUST007,Mr Hugh Stephenson,julie60@yahoo.co.uk,London,MTR0007,Detached,07/01/2024 23:31:12,0.9,0.67,FALSE,0,,FALSE,,
REC002353,CUST008,Miss Tracy Lamb,andrea37@hotmail.co.uk,London,MTR0008,Detached,01/01/2024 00:00:00,0.7,0.45,TRUE,55.56,Guest visit,TRUE,1/1/2024 00:28,FALSE
REC002354,CUST008,Miss Tracy Lamb,andrea37@hotmail.co.uk,London,MTR0008,Detached,01/01/2024 00:28:48,0.5,0.5,FALSE,0,,FALSE,,
REC002355,CUST008,Miss Tracy Lamb,andrea37@hotmail.co.uk,London,MTR0008,Detached,01/01/2024 00:57:36,0.81,0.79,FALSE,0,,FALSE,,
REC002356,CUST008,Miss Tracy Lamb,andrea37@hotmail.co.uk,London,MTR0008,Detached,01/01/2024 01:26:24,1.38,1.19,FALSE,0,,FALSE,,
REC002357,CUST008,Miss Tracy Lamb,andrea37@hotmail.co.uk,London,MTR0008,Detached,01/01/2024 01:55:12,0.98,0.85,FALSE,0,,FALSE,,
REC002358,CUST008,Miss Tracy Lamb,andrea37@hotmail.co.uk,London,MTR0008,Detached,01/01/2024 02:24:00,0.39,0.45,FALSE,0,,FALSE,,
REC002359,CUST008,Miss Tracy Lamb,andrea37@hotmail.co.uk,London,MTR0008,Detached,01/01/2024 03:07:12,0.56,0.65,FALSE,0,,FALSE,,
REC002360,CUST008,Miss Tracy Lamb,andrea37@hotmail.co.uk,London,MTR0008,Detached,01/01/2024 03:36:00,0.81,1,FALSE,0,,FALSE,,
REC002361,CUST008,Miss Tracy Lamb,andrea37@hotmail.co.uk,London,MTR0008,Detached,01/01/2024 04:04:48,0.78,0.74,FALSE,0,,FALSE,,
REC002362,CUST008,Miss Tracy Lamb,andrea37@hotmail.co.uk,London,MTR0008,Detached,01/01/2024 04:33:36,0.75,0.61,FALSE,0,,FALSE,,
REC002363,CUST008,Miss Tracy Lamb,andrea37@hotmail.co.uk,London,MTR0008,Detached,01/01/2024 05:02:24,0.95,1.03,FALSE,0,,FALSE,,
REC002364,CUST008,Miss Tracy Lamb,andrea37@hotmail.co.uk,London,MTR0008,Detached,01/01/2024 05:31:12,0.68,0.75,FALSE,0,,FALSE,,
REC002365,CUST008,Miss Tracy Lamb,andrea37@hotmail.co.uk,London,MTR0008,Detached,01/01/2024 06:00:00,0.24,0.53,FALSE,0,,FALSE,,
REC002366,CUST008,Miss Tracy Lamb,andrea37@hotmail.co.uk,London,MTR0008,Detached,01/01/2024 06:28:48,1.23,1.17,FALSE,0,,FALSE,,
REC002367,CUST008,Miss Tracy Lamb,andrea37@hotmail.co.uk,London,MTR0008,Detached,01/01/2024 06:57:36,0.92,0.81,FALSE,0,,FALSE,,
REC002368,CUST008,Miss Tracy Lamb,andrea37@hotmail.co.uk,London,MTR0008,Detached,01/01/2024 07:26:24,0.84,0.82,FALSE,0,,FALSE,,
REC002369,CUST008,Miss Tracy Lamb,andrea37@hotmail.co.uk,London,MTR0008,Detached,01/01/2024 07:55:12,0.87,0.95,FALSE,0,,FALSE,,
REC002370,CUST008,Miss Tracy Lamb,andrea37@hotmail.co.uk,London,MTR0008,Detached,01/01/2024 08:24:00,0.69,0.71,FALSE,0,,FALSE,,
REC002371,CUST008,Miss Tracy Lamb,andrea37@hotmail.co.uk,London,MTR0008,Detached,01/01/2024 09:07:12,0.62,0.66,FALSE,0,,FALSE,,
REC002372,CUST008,Miss Tracy Lamb,andrea37@hotmail.co.uk,London,MTR0008,Detached,01/01/2024 09:36:00,1.22,1.17,FALSE,0,,FALSE,,
REC002373,CUST008,Miss Tracy Lamb,andrea37@hotmail.co.uk,London,MTR0008,Detached,01/01/2024 10:04:48,1.08,1.16,FALSE,0,,FALSE,,
REC002374,CUST008,Miss Tracy Lamb,andrea37@hotmail.co.uk,London,MTR0008,Detached,01/01/2024 10:33:36,0.99,1.11,FALSE,0,,FALSE,,
REC002375,CUST008,Miss Tracy Lamb,andrea37@hotmail.co.uk,London,MTR0008,Detached,01/01/2024 11:02:24,0.98,1.17,FALSE,0,,FALSE,,
REC002376,CUST008,Miss Tracy Lamb,andrea37@hotmail.co.uk,London,MTR0008,Detached,01/01/2024 11:31:12,0.71,0.77,FALSE,0,,FALSE,,
REC002377,CUST008,Miss Tracy Lamb,andrea37@hotmail.co.uk,London,MTR0008,Detached,01/01/2024 12:00:00,1.01,0.92,FALSE,0,,FALSE,,
REC002378,CUST008,Miss Tracy Lamb,andrea37@hotmail.co.uk,London,MTR0008,Detached,01/01/2024 12:28:48,0.26,0.35,FALSE,0,,FALSE,,
REC002379,CUST008,Miss Tracy Lamb,andrea37@hotmail.co.uk,London,MTR0008,Detached,01/01/2024 12:57:36,0.18,0.34,FALSE,0,,FALSE,,
REC002380,CUST008,Miss Tracy Lamb,andrea37@hotmail.co.uk,London,MTR0008,Detached,01/01/2024 13:26:24,0.46,0.58,FALSE,0,,FALSE,,
REC002381,CUST008,Miss Tracy Lamb,andrea37@hotmail.co.uk,London,MTR0008,Detached,01/01/2024 13:55:12,0.64,0.74,FALSE,0,,FALSE,,
REC002382,CUST008,Miss Tracy Lamb,andrea37@hotmail.co.uk,London,MTR0008,Detached,01/01/2024 14:24:00,0.52,0.58,FALSE,0,,FALSE,,
REC002383,CUST008,Miss Tracy Lamb,andrea37@hotmail.co.uk,London,MTR0008,Detached,01/01/2024 15:07:12,1.05,1.18,FALSE,0,,FALSE,,
REC002384,CUST008,Miss Tracy Lamb,andrea37@hotmail.co.uk,London,MTR0008,Detached,01/01/2024 15:36:00,0.61,0.82,FALSE,0,,FALSE,,
REC002385,CUST008,Miss Tracy Lamb,andrea37@hotmail.co.uk,London,MTR0008,Detached,01/01/2024 16:04:48,1.27,1.19,FALSE,0,,FALSE,,
REC002386,CUST008,Miss Tracy Lamb,andrea37@hotmail.co.uk,London,MTR0008,Detached,01/01/2024 16:33:36,0.83,0.94,FALSE,0,,FALSE,,
REC002387,CUST008,Miss Tracy Lamb,andrea37@hotmail.co.uk,London,MTR0008,Detached,01/01/2024 17:02:24,0.88,0.85,FALSE,0,,FALSE,,
REC002388,CUST008,Miss Tracy Lamb,andrea37@hotmail.co.uk,London,MTR0008,Detached,01/01/2024 17:31:12,0.3,0.36,FALSE,0,,FALSE,,
REC002389,CUST008,Miss Tracy Lamb,andrea37@hotmail.co.uk,London,MTR0008,Detached,01/01/2024 18:00:00,0.76,0.84,FALSE,0,,FALSE,,
REC002390,CUST008,Miss Tracy Lamb,andrea37@hotmail.co.uk,London,MTR0008,Detached,01/01/2024 18:28:48,1.13,1.06,FALSE,0,,FALSE,,
REC002391,CUST008,Miss Tracy Lamb,andrea37@hotmail.co.uk,London,MTR0008,Detached,01/01/2024 18:57:36,0.32,0.33,FALSE,0,,FALSE,,
REC002392,CUST008,Miss Tracy Lamb,andrea37@hotmail.co.uk,London,MTR0008,Detached,01/01/2024 19:26:24,0.62,0.5,FALSE,0,,FALSE,,
REC002393,CUST008,Miss Tracy Lamb,andrea37@hotmail.co.uk,London,MTR0008,Detached,01/01/2024 19:55:12,0.36,0.42,FALSE,0,,FALSE,,
REC002394,CUST008,Miss Tracy Lamb,andrea37@hotmail.co.uk,London,MTR0008,Detached,01/01/2024 20:24:00,0.75,0.86,FALSE,0,,FALSE,,
REC002395,CUST008,Miss Tracy Lamb,andrea37@hotmail.co.uk,London,MTR0008,Detached,01/01/2024 21:07:12,0.75,0.79,FALSE,0,,FALSE,,
REC002396,CUST008,Miss Tracy Lamb,andrea37@hotmail.co.uk,London,MTR0008,Detached,01/01/2024 21:36:00,0.44,0.51,FALSE,0,,FALSE,,
REC002397,CUST008,Miss Tracy Lamb,andrea37@hotmail.co.uk,London,MTR0008,Detached,01/01/2024 22:04:48,0.65,0.49,FALSE,0,,FALSE,,
REC002398,CUST008,Miss Tracy Lamb,andrea37@hotmail.co.uk,London,MTR0008,Detached,01/01/2024 22:33:36,0.43,0.5,FALSE,0,,FALSE,,
REC002399,CUST008,Miss Tracy Lamb,andrea37@hotmail.co.uk,London,MTR0008,Detached,01/01/2024 23:02:24,0.66,0.63,FALSE,0,,FALSE,,
REC002400,CUST008,Miss Tracy Lamb,andrea37@hotmail.co.uk,London,MTR0008,Detached,01/01/2024 23:31:12,1.15,1.16,FALSE,0,,FALSE,,
REC002401,CUST008,Miss Tracy Lamb,andrea37@hotmail.co.uk,London,MTR0008,Detached,02/01/2024 00:00:00,0.91,1.02,FALSE,0,,FALSE,,
REC002402,CUST008,Miss Tracy Lamb,andrea37@hotmail.co.uk,London,MTR0008,Detached,02/01/2024 00:28:48,0.67,0.76,FALSE,0,,FALSE,,
REC002403,CUST008,Miss Tracy Lamb,andrea37@hotmail.co.uk,London,MTR0008,Detached,02/01/2024 00:57:36,1.01,1,FALSE,0,,FALSE,,
REC002404,CUST008,Miss Tracy Lamb,andrea37@hotmail.co.uk,London,MTR0008,Detached,02/01/2024 01:26:24,0.63,0.62,FALSE,0,,FALSE,,
REC002405,CUST008,Miss Tracy Lamb,andrea37@hotmail.co.uk,London,MTR0008,Detached,02/01/2024 01:55:12,0.88,0.92,FALSE,0,,FALSE,,
REC002406,CUST008,Miss Tracy Lamb,andrea37@hotmail.co.uk,London,MTR0008,Detached,02/01/2024 02:24:00,0.91,0.93,FALSE,0,,FALSE,,
REC002407,CUST008,Miss Tracy Lamb,andrea37@hotmail.co.uk,London,MTR0008,Detached,02/01/2024 03:07:12,0.14,0.31,FALSE,0,,FALSE,,
REC002408,CUST008,Miss Tracy Lamb,andrea37@hotmail.co.uk,London,MTR0008,Detached,02/01/2024 03:36:00,0.83,0.92,FALSE,0,,FALSE,,
REC002409,CUST008,Miss Tracy Lamb,andrea37@hotmail.co.uk,London,MTR0008,Detached,02/01/2024 04:04:48,1.08,0.99,FALSE,0,,FALSE,,
REC002410,CUST008,Miss Tracy Lamb,andrea37@hotmail.co.uk,London,MTR0008,Detached,02/01/2024 04:33:36,0.5,0.56,FALSE,0,,FALSE,,
REC002411,CUST008,Miss Tracy Lamb,andrea37@hotmail.co.uk,London,MTR0008,Detached,02/01/2024 05:02:24,0.79,0.7,FALSE,0,,FALSE,,
REC002412,CUST008,Miss Tracy Lamb,andrea37@hotmail.co.uk,London,MTR0008,Detached,02/01/2024 05:31:12,1.3,1.19,FALSE,0,,FALSE,,
REC002413,CUST008,Miss Tracy Lamb,andrea37@hotmail.co.uk,London,MTR0008,Detached,02/01/2024 06:00:00,0.61,0.5,FALSE,0,,FALSE,,
REC002414,CUST008,Miss Tracy Lamb,andrea37@hotmail.co.uk,London,MTR0008,Detached,02/01/2024 06:28:48,1.28,1.12,FALSE,0,,FALSE,,
REC002415,CUST008,Miss Tracy Lamb,andrea37@hotmail.co.uk,London,MTR0008,Detached,02/01/2024 06:57:36,0.48,0.44,FALSE,0,,FALSE,,
REC002416,CUST008,Miss Tracy Lamb,andrea37@hotmail.co.uk,London,MTR0008,Detached,02/01/2024 07:26:24,0.71,0.55,FALSE,0,,FALSE,,
REC002417,CUST008,Miss Tracy Lamb,andrea37@hotmail.co.uk,London,MTR0008,Detached,02/01/2024 07:55:12,0.82,0.73,FALSE,0,,FALSE,,
REC002418,CUST008,Miss Tracy Lamb,andrea37@hotmail.co.uk,London,MTR0008,Detached,02/01/2024 08:24:00,0.92,1.1,FALSE,0,,FALSE,,
REC002419,CUST008,Miss Tracy Lamb,andrea37@hotmail.co.uk,London,MTR0008,Detached,02/01/2024 09:07:12,0.84,0.81,FALSE,0,,FALSE,,
REC002420,CUST008,Miss Tracy Lamb,andrea37@hotmail.co.uk,London,MTR0008,Detached,02/01/2024 09:36:00,0.58,0.35,TRUE,65.71,Heater malfunction,TRUE,1/2/2024 09:54,TRUE
REC002421,CUST008,Miss Tracy Lamb,andrea37@hotmail.co.uk,London,MTR0008,Detached,02/01/2024 10:04:48,0.31,0.51,FALSE,0,,FALSE,,
REC002422,CUST008,Miss Tracy Lamb,andrea37@hotmail.co.uk,London,MTR0008,Detached,02/01/2024 10:33:36,0.45,0.46,FALSE,0,,FALSE,,
REC002423,CUST008,Miss Tracy Lamb,andrea37@hotmail.co.uk,London,MTR0008,Detached,02/01/2024 11:02:24,0.63,0.75,FALSE,0,,FALSE,,
REC002424,CUST008,Miss Tracy Lamb,andrea37@hotmail.co.uk,London,MTR0008,Detached,02/01/2024 11:31:12,0.64,0.72,FALSE,0,,FALSE,,
REC002425,CUST008,Miss Tracy Lamb,andrea37@hotmail.co.uk,London,MTR0008,Detached,02/01/2024 12:00:00,0.36,0.42,FALSE,0,,FALSE,,
REC002426,CUST008,Miss Tracy Lamb,andrea37@hotmail.co.uk,London,MTR0008,Detached,02/01/2024 12:28:48,1.03,1,FALSE,0,,FALSE,,
REC002427,CUST008,Miss Tracy Lamb,andrea37@hotmail.co.uk,London,MTR0008,Detached,02/01/2024 12:57:36,0.99,1.03,FALSE,0,,FALSE,,
REC002428,CUST008,Miss Tracy Lamb,andrea37@hotmail.co.uk,London,MTR0008,Detached,02/01/2024 13:26:24,0.91,0.88,FALSE,0,,FALSE,,
REC002429,CUST008,Miss Tracy Lamb,andrea37@hotmail.co.uk,London,MTR0008,Detached,02/01/2024 13:55:12,1.24,1.05,FALSE,0,,FALSE,,
REC002430,CUST008,Miss Tracy Lamb,andrea37@hotmail.co.uk,London,MTR0008,Detached,02/01/2024 14:24:00,0.81,0.71,FALSE,0,,FALSE,,
REC002431,CUST008,Miss Tracy Lamb,andrea37@hotmail.co.uk,London,MTR0008,Detached,02/01/2024 15:07:12,0.79,0.78,FALSE,0,,FALSE,,
REC002432,CUST008,Miss Tracy Lamb,andrea37@hotmail.co.uk,London,MTR0008,Detached,02/01/2024 15:36:00,0.34,0.37,FALSE,0,,FALSE,,
REC002433,CUST008,Miss Tracy Lamb,andrea37@hotmail.co.uk,London,MTR0008,Detached,02/01/2024 16:04:48,0.73,0.69,FALSE,0,,FALSE,,
REC002434,CUST008,Miss Tracy Lamb,andrea37@hotmail.co.uk,London,MTR0008,Detached,02/01/2024 16:33:36,0.24,0.42,FALSE,0,,FALSE,,
REC002435,CUST008,Miss Tracy Lamb,andrea37@hotmail.co.uk,London,MTR0008,Detached,02/01/2024 17:02:24,0.87,0.92,FALSE,0,,FALSE,,
REC002436,CUST008,Miss Tracy Lamb,andrea37@hotmail.co.uk,London,MTR0008,Detached,02/01/2024 17:31:12,0.43,0.39,FALSE,0,,FALSE,,
REC002437,CUST008,Miss Tracy Lamb,andrea37@hotmail.co.uk,London,MTR0008,Detached,02/01/2024 18:00:00,0.44,0.43,FALSE,0,,FALSE,,
REC002438,CUST008,Miss Tracy Lamb,andrea37@hotmail.co.uk,London,MTR0008,Detached,02/01/2024 18:28:48,0.83,0.72,FALSE,0,,FALSE,,
REC002439,CUST008,Miss Tracy Lamb,andrea37@hotmail.co.uk,London,MTR0008,Detached,02/01/2024 18:57:36,0.49,0.4,FALSE,0,,FALSE,,
REC002440,CUST008,Miss Tracy Lamb,andrea37@hotmail.co.uk,London,MTR0008,Detached,02/01/2024 19:26:24,1.09,1.05,FALSE,0,,FALSE,,
REC002441,CUST008,Miss Tracy Lamb,andrea37@hotmail.co.uk,London,MTR0008,Detached,02/01/2024 19:55:12,0.82,0.86,FALSE,0,,FALSE,,
REC002442,CUST008,Miss Tracy Lamb,andrea37@hotmail.co.uk,London,MTR0008,Detached,02/01/2024 20:24:00,0.59,0.65,FALSE,0,,FALSE,,
REC002443,CUST008,Miss Tracy Lamb,andrea37@hotmail.co.uk,London,MTR0008,Detached,02/01/2024 21:07:12,1.26,1.15,FALSE,0,,FALSE,,
REC002444,CUST008,Miss Tracy Lamb,andrea37@hotmail.co.uk,London,MTR0008,Detached,02/01/2024 21:36:00,0.98,0.94,FALSE,0,,FALSE,,
REC002445,CUST008,Miss Tracy Lamb,andrea37@hotmail.co.uk,London,MTR0008,Detached,02/01/2024 22:04:48,0.31,0.4,FALSE,0,,FALSE,,
REC002446,CUST008,Miss Tracy Lamb,andrea37@hotmail.co.uk,London,MTR0008,Detached,02/01/2024 22:33:36,0.97,0.88,FALSE,0,,FALSE,,
REC002447,CUST008,Miss Tracy Lamb,andrea37@hotmail.co.uk,London,MTR0008,Detached,02/01/2024 23:02:24,0.64,0.61,FALSE,0,,FALSE,,
REC002448,CUST008,Miss Tracy Lamb,andrea37@hotmail.co.uk,London,MTR0008,Detached,02/01/2024 23:31:12,0.3,0.32,FALSE,0,,FALSE,,
REC002449,CUST008,Miss Tracy Lamb,andrea37@hotmail.co.uk,London,MTR0008,Detached,03/01/2024 00:00:00,1.01,0.93,FALSE,0,,FALSE,,
REC002450,CUST008,Miss Tracy Lamb,andrea37@hotmail.co.uk,London,MTR0008,Detached,03/01/2024 00:28:48,1.23,1.18,FALSE,0,,FALSE,,
REC002451,CUST008,Miss Tracy Lamb,andrea37@hotmail.co.uk,London,MTR0008,Detached,03/01/2024 00:57:36,1.31,1.18,FALSE,0,,FALSE,,
REC002452,CUST008,Miss Tracy Lamb,andrea37@hotmail.co.uk,London,MTR0008,Detached,03/01/2024 01:26:24,0.55,0.42,FALSE,0,,FALSE,,
REC002453,CUST008,Miss Tracy Lamb,andrea37@hotmail.co.uk,London,MTR0008,Detached,03/01/2024 01:55:12,0.84,0.89,FALSE,0,,FALSE,,
REC002454,CUST008,Miss Tracy Lamb,andrea37@hotmail.co.uk,London,MTR0008,Detached,03/01/2024 02:24:00,0.62,0.63,FALSE,0,,FALSE,,
REC002455,CUST008,Miss Tracy Lamb,andrea37@hotmail.co.uk,London,MTR0008,Detached,03/01/2024 03:07:12,1,1.04,FALSE,0,,FALSE,,
REC002456,CUST008,Miss Tracy Lamb,andrea37@hotmail.co.uk,London,MTR0008,Detached,03/01/2024 03:36:00,0.53,0.35,TRUE,51.43,Heater malfunction,TRUE,1/3/2024 03:37,TRUE
REC002457,CUST008,Miss Tracy Lamb,andrea37@hotmail.co.uk,London,MTR0008,Detached,03/01/2024 04:04:48,0.76,0.68,FALSE,0,,FALSE,,
REC002458,CUST008,Miss Tracy Lamb,andrea37@hotmail.co.uk,London,MTR0008,Detached,03/01/2024 04:33:36,0.87,0.88,FALSE,0,,FALSE,,
REC002459,CUST008,Miss Tracy Lamb,andrea37@hotmail.co.uk,London,MTR0008,Detached,03/01/2024 05:02:24,0.51,0.58,FALSE,0,,FALSE,,
REC002460,CUST008,Miss Tracy Lamb,andrea37@hotmail.co.uk,London,MTR0008,Detached,03/01/2024 05:31:12,1.18,1.18,FALSE,0,,FALSE,,
REC002461,CUST008,Miss Tracy Lamb,andrea37@hotmail.co.uk,London,MTR0008,Detached,03/01/2024 06:00:00,0.4,0.62,FALSE,0,,FALSE,,
REC002462,CUST008,Miss Tracy Lamb,andrea37@hotmail.co.uk,London,MTR0008,Detached,03/01/2024 06:28:48,0.88,0.91,FALSE,0,,FALSE,,
REC002463,CUST008,Miss Tracy Lamb,andrea37@hotmail.co.uk,London,MTR0008,Detached,03/01/2024 06:57:36,0.8,0.9,FALSE,0,,FALSE,,
REC002464,CUST008,Miss Tracy Lamb,andrea37@hotmail.co.uk,London,MTR0008,Detached,03/01/2024 07:26:24,0.67,0.58,FALSE,0,,FALSE,,
REC002465,CUST008,Miss Tracy Lamb,andrea37@hotmail.co.uk,London,MTR0008,Detached,03/01/2024 07:55:12,0.38,0.41,FALSE,0,,FALSE,,
REC002466,CUST008,Miss Tracy Lamb,andrea37@hotmail.co.uk,London,MTR0008,Detached,03/01/2024 08:24:00,0.85,0.84,FALSE,0,,FALSE,,
REC002467,CUST008,Miss Tracy Lamb,andrea37@hotmail.co.uk,London,MTR0008,Detached,03/01/2024 09:07:12,1.07,1.08,FALSE,0,,FALSE,,
REC002468,CUST008,Miss Tracy Lamb,andrea37@hotmail.co.uk,London,MTR0008,Detached,03/01/2024 09:36:00,0.81,0.71,FALSE,0,,FALSE,,
REC002469,CUST008,Miss Tracy Lamb,andrea37@hotmail.co.uk,London,MTR0008,Detached,03/01/2024 10:04:48,0.47,0.37,FALSE,0,,FALSE,,
REC002470,CUST008,Miss Tracy Lamb,andrea37@hotmail.co.uk,London,MTR0008,Detached,03/01/2024 10:33:36,0.57,0.52,FALSE,0,,FALSE,,
REC002471,CUST008,Miss Tracy Lamb,andrea37@hotmail.co.uk,London,MTR0008,Detached,03/01/2024 11:02:24,0.71,0.68,FALSE,0,,FALSE,,
REC002472,CUST008,Miss Tracy Lamb,andrea37@hotmail.co.uk,London,MTR0008,Detached,03/01/2024 11:31:12,0.31,0.47,FALSE,0,,FALSE,,
REC002473,CUST008,Miss Tracy Lamb,andrea37@hotmail.co.uk,London,MTR0008,Detached,03/01/2024 12:00:00,0.37,0.39,FALSE,0,,FALSE,,
REC002474,CUST008,Miss Tracy Lamb,andrea37@hotmail.co.uk,London,MTR0008,Detached,03/01/2024 12:28:48,0.73,0.61,FALSE,0,,FALSE,,
REC002475,CUST008,Miss Tracy Lamb,andrea37@hotmail.co.uk,London,MTR0008,Detached,03/01/2024 12:57:36,0.81,0.79,FALSE,0,,FALSE,,
REC002476,CUST008,Miss Tracy Lamb,andrea37@hotmail.co.uk,London,MTR0008,Detached,03/01/2024 13:26:24,0.79,0.82,FALSE,0,,FALSE,,
REC002477,CUST008,Miss Tracy Lamb,andrea37@hotmail.co.uk,London,MTR0008,Detached,03/01/2024 13:55:12,0.42,0.47,FALSE,0,,FALSE,,
REC002478,CUST008,Miss Tracy Lamb,andrea37@hotmail.co.uk,London,MTR0008,Detached,03/01/2024 14:24:00,0.3,0.35,FALSE,0,,FALSE,,
REC002479,CUST008,Miss Tracy Lamb,andrea37@hotmail.co.uk,London,MTR0008,Detached,03/01/2024 15:07:12,0.84,0.83,FALSE,0,,FALSE,,
REC002480,CUST008,Miss Tracy Lamb,andrea37@hotmail.co.uk,London,MTR0008,Detached,03/01/2024 15:36:00,0.98,1.04,FALSE,0,,FALSE,,
REC002481,CUST008,Miss Tracy Lamb,andrea37@hotmail.co.uk,London,MTR0008,Detached,03/01/2024 16:04:48,0.7,0.59,FALSE,0,,FALSE,,
REC002482,CUST008,Miss Tracy Lamb,andrea37@hotmail.co.uk,London,MTR0008,Detached,03/01/2024 16:33:36,0.38,0.55,FALSE,0,,FALSE,,
REC002483,CUST008,Miss Tracy Lamb,andrea37@hotmail.co.uk,London,MTR0008,Detached,03/01/2024 17:02:24,0.39,0.32,FALSE,0,,FALSE,,
REC002484,CUST008,Miss Tracy Lamb,andrea37@hotmail.co.uk,London,MTR0008,Detached,03/01/2024 17:31:12,0.96,0.82,FALSE,0,,FALSE,,
REC002485,CUST008,Miss Tracy Lamb,andrea37@hotmail.co.uk,London,MTR0008,Detached,03/01/2024 18:00:00,0.86,0.97,FALSE,0,,FALSE,,
REC002486,CUST008,Miss Tracy Lamb,andrea37@hotmail.co.uk,London,MTR0008,Detached,03/01/2024 18:28:48,0.68,0.62,FALSE,0,,FALSE,,
REC002487,CUST008,Miss Tracy Lamb,andrea37@hotmail.co.uk,London,MTR0008,Detached,03/01/2024 18:57:36,0.45,0.41,FALSE,0,,FALSE,,
REC002488,CUST008,Miss Tracy Lamb,andrea37@hotmail.co.uk,London,MTR0008,Detached,03/01/2024 19:26:24,0.99,1.07,FALSE,0,,FALSE,,
REC002489,CUST008,Miss Tracy Lamb,andrea37@hotmail.co.uk,London,MTR0008,Detached,03/01/2024 19:55:12,1.06,1.17,FALSE,0,,FALSE,,
REC002490,CUST008,Miss Tracy Lamb,andrea37@hotmail.co.uk,London,MTR0008,Detached,03/01/2024 20:24:00,0.45,0.4,FALSE,0,,FALSE,,
REC002491,CUST008,Miss Tracy Lamb,andrea37@hotmail.co.uk,London,MTR0008,Detached,03/01/2024 21:07:12,1.22,1.03,FALSE,0,,FALSE,,
REC002492,CUST008,Miss Tracy Lamb,andrea37@hotmail.co.uk,London,MTR0008,Detached,03/01/2024 21:36:00,1.12,1,FALSE,0,,FALSE,,
REC002493,CUST008,Miss Tracy Lamb,andrea37@hotmail.co.uk,London,MTR0008,Detached,03/01/2024 22:04:48,0.99,0.93,FALSE,0,,FALSE,,
REC002494,CUST008,Miss Tracy Lamb,andrea37@hotmail.co.uk,London,MTR0008,Detached,03/01/2024 22:33:36,0.6,0.56,FALSE,0,,FALSE,,
REC002495,CUST008,Miss Tracy Lamb,andrea37@hotmail.co.uk,London,MTR0008,Detached,03/01/2024 23:02:24,0.9,0.88,FALSE,0,,FALSE,,
REC002496,CUST008,Miss Tracy Lamb,andrea37@hotmail.co.uk,London,MTR0008,Detached,03/01/2024 23:31:12,0.32,0.33,FALSE,0,,FALSE,,
REC002497,CUST008,Miss Tracy Lamb,andrea37@hotmail.co.uk,London,MTR0008,Detached,04/01/2024 00:00:00,0.87,0.82,FALSE,0,,FALSE,,
REC002498,CUST008,Miss Tracy Lamb,andrea37@hotmail.co.uk,London,MTR0008,Detached,04/01/2024 00:28:48,0.38,0.46,FALSE,0,,FALSE,,
REC002499,CUST008,Miss Tracy Lamb,andrea37@hotmail.co.uk,London,MTR0008,Detached,04/01/2024 00:57:36,0.6,0.51,FALSE,0,,FALSE,,
REC002500,CUST008,Miss Tracy Lamb,andrea37@hotmail.co.uk,London,MTR0008,Detached,04/01/2024 01:26:24,0.49,0.49,FALSE,0,,FALSE,,
REC002501,CUST008,Miss Tracy Lamb,andrea37@hotmail.co.uk,London,MTR0008,Detached,04/01/2024 01:55:12,0.43,0.43,FALSE,0,,FALSE,,
REC002502,CUST008,Miss Tracy Lamb,andrea37@hotmail.co.uk,London,MTR0008,Detached,04/01/2024 02:24:00,1.28,1.12,FALSE,0,,FALSE,,
REC002503,CUST008,Miss Tracy Lamb,andrea37@hotmail.co.uk,London,MTR0008,Detached,04/01/2024 03:07:12,0.31,0.43,FALSE,0,,FALSE,,
REC002504,CUST008,Miss Tracy Lamb,andrea37@hotmail.co.uk,London,MTR0008,Detached,04/01/2024 03:36:00,0.51,0.44,FALSE,0,,FALSE,,
REC002505,CUST008,Miss Tracy Lamb,andrea37@hotmail.co.uk,London,MTR0008,Detached,04/01/2024 04:04:48,1.07,0.92,FALSE,0,,FALSE,,
REC002506,CUST008,Miss Tracy Lamb,andrea37@hotmail.co.uk,London,MTR0008,Detached,04/01/2024 04:33:36,0.63,0.58,FALSE,0,,FALSE,,
REC002507,CUST008,Miss Tracy Lamb,andrea37@hotmail.co.uk,London,MTR0008,Detached,04/01/2024 05:02:24,0.72,0.7,FALSE,0,,FALSE,,
REC002508,CUST008,Miss Tracy Lamb,andrea37@hotmail.co.uk,London,MTR0008,Detached,04/01/2024 05:31:12,0.56,0.56,FALSE,0,,FALSE,,
REC002509,CUST008,Miss Tracy Lamb,andrea37@hotmail.co.uk,London,MTR0008,Detached,04/01/2024 06:00:00,0.66,0.57,FALSE,0,,FALSE,,
REC002510,CUST008,Miss Tracy Lamb,andrea37@hotmail.co.uk,London,MTR0008,Detached,04/01/2024 06:28:48,0.33,0.53,FALSE,0,,FALSE,,
REC002511,CUST008,Miss Tracy Lamb,andrea37@hotmail.co.uk,London,MTR0008,Detached,04/01/2024 06:57:36,1.17,1.12,FALSE,0,,FALSE,,
REC002512,CUST008,Miss Tracy Lamb,andrea37@hotmail.co.uk,London,MTR0008,Detached,04/01/2024 07:26:24,0.36,0.39,FALSE,0,,FALSE,,
REC002513,CUST008,Miss Tracy Lamb,andrea37@hotmail.co.uk,London,MTR0008,Detached,04/01/2024 07:55:12,0.89,0.89,FALSE,0,,FALSE,,
REC002514,CUST008,Miss Tracy Lamb,andrea37@hotmail.co.uk,London,MTR0008,Detached,04/01/2024 08:24:00,1.2,1.15,FALSE,0,,FALSE,,
REC002515,CUST008,Miss Tracy Lamb,andrea37@hotmail.co.uk,London,MTR0008,Detached,04/01/2024 09:07:12,0.82,0.91,FALSE,0,,FALSE,,
REC002516,CUST008,Miss Tracy Lamb,andrea37@hotmail.co.uk,London,MTR0008,Detached,04/01/2024 09:36:00,0.51,0.57,FALSE,0,,FALSE,,
REC002517,CUST008,Miss Tracy Lamb,andrea37@hotmail.co.uk,London,MTR0008,Detached,04/01/2024 10:04:48,0.52,0.38,FALSE,0,,FALSE,,
REC002518,CUST008,Miss Tracy Lamb,andrea37@hotmail.co.uk,London,MTR0008,Detached,04/01/2024 10:33:36,0.39,0.43,FALSE,0,,FALSE,,
REC002519,CUST008,Miss Tracy Lamb,andrea37@hotmail.co.uk,London,MTR0008,Detached,04/01/2024 11:02:24,0.31,0.42,FALSE,0,,FALSE,,
REC002520,CUST008,Miss Tracy Lamb,andrea37@hotmail.co.uk,London,MTR0008,Detached,04/01/2024 11:31:12,0.44,0.39,FALSE,0,,FALSE,,
REC002521,CUST008,Miss Tracy Lamb,andrea37@hotmail.co.uk,London,MTR0008,Detached,04/01/2024 12:00:00,0.58,0.45,FALSE,0,,FALSE,,
REC002522,CUST008,Miss Tracy Lamb,andrea37@hotmail.co.uk,London,MTR0008,Detached,04/01/2024 12:28:48,0.65,0.78,FALSE,0,,FALSE,,
REC002523,CUST008,Miss Tracy Lamb,andrea37@hotmail.co.uk,London,MTR0008,Detached,04/01/2024 12:57:36,1.01,0.91,FALSE,0,,FALSE,,
REC002524,CUST008,Miss Tracy Lamb,andrea37@hotmail.co.uk,London,MTR0008,Detached,04/01/2024 13:26:24,0.69,0.54,FALSE,0,,FALSE,,
REC002525,CUST008,Miss Tracy Lamb,andrea37@hotmail.co.uk,London,MTR0008,Detached,04/01/2024 13:55:12,0.44,0.34,FALSE,0,,FALSE,,
REC002526,CUST008,Miss Tracy Lamb,andrea37@hotmail.co.uk,London,MTR0008,Detached,04/01/2024 14:24:00,0.8,0.81,FALSE,0,,FALSE,,
REC002527,CUST008,Miss Tracy Lamb,andrea37@hotmail.co.uk,London,MTR0008,Detached,04/01/2024 15:07:12,1.16,1.05,FALSE,0,,FALSE,,
REC002528,CUST008,Miss Tracy Lamb,andrea37@hotmail.co.uk,London,MTR0008,Detached,04/01/2024 15:36:00,1.3,1.18,FALSE,0,,FALSE,,
REC002529,CUST008,Miss Tracy Lamb,andrea37@hotmail.co.uk,London,MTR0008,Detached,04/01/2024 16:04:48,1.08,1.19,FALSE,0,,FALSE,,
REC002530,CUST008,Miss Tracy Lamb,andrea37@hotmail.co.uk,London,MTR0008,Detached,04/01/2024 16:33:36,1.1,1.02,FALSE,0,,FALSE,,
REC002531,CUST008,Miss Tracy Lamb,andrea37@hotmail.co.uk,London,MTR0008,Detached,04/01/2024 17:02:24,0.41,0.4,FALSE,0,,FALSE,,
REC002532,CUST008,Miss Tracy Lamb,andrea37@hotmail.co.uk,London,MTR0008,Detached,04/01/2024 17:31:12,0.65,0.64,FALSE,0,,FALSE,,
REC002533,CUST008,Miss Tracy Lamb,andrea37@hotmail.co.uk,London,MTR0008,Detached,04/01/2024 18:00:00,0.7,0.87,FALSE,0,,FALSE,,
REC002534,CUST008,Miss Tracy Lamb,andrea37@hotmail.co.uk,London,MTR0008,Detached,04/01/2024 18:28:48,0.39,0.58,FALSE,0,,FALSE,,
REC002535,CUST008,Miss Tracy Lamb,andrea37@hotmail.co.uk,London,MTR0008,Detached,04/01/2024 18:57:36,1,0.99,FALSE,0,,FALSE,,
REC002536,CUST008,Miss Tracy Lamb,andrea37@hotmail.co.uk,London,MTR0008,Detached,04/01/2024 19:26:24,0.95,0.96,FALSE,0,,FALSE,,
REC002537,CUST008,Miss Tracy Lamb,andrea37@hotmail.co.uk,London,MTR0008,Detached,04/01/2024 19:55:12,0.52,0.53,FALSE,0,,FALSE,,
REC002538,CUST008,Miss Tracy Lamb,andrea37@hotmail.co.uk,London,MTR0008,Detached,04/01/2024 20:24:00,1.1,1.12,FALSE,0,,FALSE,,
REC002539,CUST008,Miss Tracy Lamb,andrea37@hotmail.co.uk,London,MTR0008,Detached,04/01/2024 21:07:12,0.77,0.87,FALSE,0,,FALSE,,
REC002540,CUST008,Miss Tracy Lamb,andrea37@hotmail.co.uk,London,MTR0008,Detached,04/01/2024 21:36:00,1.04,0.95,FALSE,0,,FALSE,,
REC002541,CUST008,Miss Tracy Lamb,andrea37@hotmail.co.uk,London,MTR0008,Detached,04/01/2024 22:04:48,0.47,0.33,TRUE,42.42,Overnight appliance,TRUE,1/4/2024 22:09,TRUE
REC002542,CUST008,Miss Tracy Lamb,andrea37@hotmail.co.uk,London,MTR0008,Detached,04/01/2024 22:33:36,0.29,0.43,FALSE,0,,FALSE,,
REC002543,CUST008,Miss Tracy Lamb,andrea37@hotmail.co.uk,London,MTR0008,Detached,04/01/2024 23:02:24,1.11,1.04,FALSE,0,,FALSE,,
REC002544,CUST008,Miss Tracy Lamb,andrea37@hotmail.co.uk,London,MTR0008,Detached,04/01/2024 23:31:12,0.54,0.66,FALSE,0,,FALSE,,
REC002545,CUST008,Miss Tracy Lamb,andrea37@hotmail.co.uk,London,MTR0008,Detached,05/01/2024 00:00:00,0.82,0.84,FALSE,0,,FALSE,,
REC002546,CUST008,Miss Tracy Lamb,andrea37@hotmail.co.uk,London,MTR0008,Detached,05/01/2024 00:28:48,1.08,1.04,FALSE,0,,FALSE,,
REC002547,CUST008,Miss Tracy Lamb,andrea37@hotmail.co.uk,London,MTR0008,Detached,05/01/2024 00:57:36,1.13,1.2,FALSE,0,,FALSE,,
REC002548,CUST008,Miss Tracy Lamb,andrea37@hotmail.co.uk,London,MTR0008,Detached,05/01/2024 01:26:24,0.82,0.9,FALSE,0,,FALSE,,
REC002549,CUST008,Miss Tracy Lamb,andrea37@hotmail.co.uk,London,MTR0008,Detached,05/01/2024 01:55:12,1.17,1.17,FALSE,0,,FALSE,,
REC002550,CUST008,Miss Tracy Lamb,andrea37@hotmail.co.uk,London,MTR0008,Detached,05/01/2024 02:24:00,1.11,1.02,FALSE,0,,FALSE,,
REC002551,CUST008,Miss Tracy Lamb,andrea37@hotmail.co.uk,London,MTR0008,Detached,05/01/2024 03:07:12,0.37,0.42,FALSE,0,,FALSE,,
REC002552,CUST008,Miss Tracy Lamb,andrea37@hotmail.co.uk,London,MTR0008,Detached,05/01/2024 03:36:00,0.31,0.39,FALSE,0,,FALSE,,
REC002553,CUST008,Miss Tracy Lamb,andrea37@hotmail.co.uk,London,MTR0008,Detached,05/01/2024 04:04:48,0.5,0.54,FALSE,0,,FALSE,,
REC002554,CUST008,Miss Tracy Lamb,andrea37@hotmail.co.uk,London,MTR0008,Detached,05/01/2024 04:33:36,0.5,0.38,FALSE,0,,FALSE,,
REC002555,CUST008,Miss Tracy Lamb,andrea37@hotmail.co.uk,London,MTR0008,Detached,05/01/2024 05:02:24,0.61,0.61,FALSE,0,,FALSE,,
REC002556,CUST008,Miss Tracy Lamb,andrea37@hotmail.co.uk,London,MTR0008,Detached,05/01/2024 05:31:12,0.68,0.67,FALSE,0,,FALSE,,
REC002557,CUST008,Miss Tracy Lamb,andrea37@hotmail.co.uk,London,MTR0008,Detached,05/01/2024 06:00:00,0.42,0.45,FALSE,0,,FALSE,,
REC002558,CUST008,Miss Tracy Lamb,andrea37@hotmail.co.uk,London,MTR0008,Detached,05/01/2024 06:28:48,0.33,0.35,FALSE,0,,FALSE,,
REC002559,CUST008,Miss Tracy Lamb,andrea37@hotmail.co.uk,London,MTR0008,Detached,05/01/2024 06:57:36,0.48,0.41,FALSE,0,,FALSE,,
REC002560,CUST008,Miss Tracy Lamb,andrea37@hotmail.co.uk,London,MTR0008,Detached,05/01/2024 07:26:24,0.76,0.75,FALSE,0,,FALSE,,
REC002561,CUST008,Miss Tracy Lamb,andrea37@hotmail.co.uk,London,MTR0008,Detached,05/01/2024 07:55:12,1.24,1.06,FALSE,0,,FALSE,,
REC002562,CUST008,Miss Tracy Lamb,andrea37@hotmail.co.uk,London,MTR0008,Detached,05/01/2024 08:24:00,0.91,0.96,FALSE,0,,FALSE,,
REC002563,CUST008,Miss Tracy Lamb,andrea37@hotmail.co.uk,London,MTR0008,Detached,05/01/2024 09:07:12,0.6,0.46,FALSE,0,,FALSE,,
REC002564,CUST008,Miss Tracy Lamb,andrea37@hotmail.co.uk,London,MTR0008,Detached,05/01/2024 09:36:00,0.22,0.36,FALSE,0,,FALSE,,
REC002565,CUST008,Miss Tracy Lamb,andrea37@hotmail.co.uk,London,MTR0008,Detached,05/01/2024 10:04:48,0.64,0.63,FALSE,0,,FALSE,,
REC002566,CUST008,Miss Tracy Lamb,andrea37@hotmail.co.uk,London,MTR0008,Detached,05/01/2024 10:33:36,0.73,0.73,FALSE,0,,FALSE,,
REC002567,CUST008,Miss Tracy Lamb,andrea37@hotmail.co.uk,London,MTR0008,Detached,05/01/2024 11:02:24,1.17,1.03,FALSE,0,,FALSE,,
REC002568,CUST008,Miss Tracy Lamb,andrea37@hotmail.co.uk,London,MTR0008,Detached,05/01/2024 11:31:12,0.81,0.84,FALSE,0,,FALSE,,
REC002569,CUST008,Miss Tracy Lamb,andrea37@hotmail.co.uk,London,MTR0008,Detached,05/01/2024 12:00:00,1.27,1.1,FALSE,0,,FALSE,,
REC002570,CUST008,Miss Tracy Lamb,andrea37@hotmail.co.uk,London,MTR0008,Detached,05/01/2024 12:28:48,0.72,0.87,FALSE,0,,FALSE,,
REC002571,CUST008,Miss Tracy Lamb,andrea37@hotmail.co.uk,London,MTR0008,Detached,05/01/2024 12:57:36,0.61,0.68,FALSE,0,,FALSE,,
REC002572,CUST008,Miss Tracy Lamb,andrea37@hotmail.co.uk,London,MTR0008,Detached,05/01/2024 13:26:24,0.89,0.96,FALSE,0,,FALSE,,
REC002573,CUST008,Miss Tracy Lamb,andrea37@hotmail.co.uk,London,MTR0008,Detached,05/01/2024 13:55:12,0.46,0.59,FALSE,0,,FALSE,,
REC002574,CUST008,Miss Tracy Lamb,andrea37@hotmail.co.uk,London,MTR0008,Detached,05/01/2024 14:24:00,1.16,1.16,FALSE,0,,FALSE,,
REC002575,CUST008,Miss Tracy Lamb,andrea37@hotmail.co.uk,London,MTR0008,Detached,05/01/2024 15:07:12,1.04,1.07,FALSE,0,,FALSE,,
REC002576,CUST008,Miss Tracy Lamb,andrea37@hotmail.co.uk,London,MTR0008,Detached,05/01/2024 15:36:00,1.09,0.99,FALSE,0,,FALSE,,
REC002577,CUST008,Miss Tracy Lamb,andrea37@hotmail.co.uk,London,MTR0008,Detached,05/01/2024 16:04:48,0.31,0.43,FALSE,0,,FALSE,,
REC002578,CUST008,Miss Tracy Lamb,andrea37@hotmail.co.uk,London,MTR0008,Detached,05/01/2024 16:33:36,1,0.77,FALSE,0,,FALSE,,
REC002579,CUST008,Miss Tracy Lamb,andrea37@hotmail.co.uk,London,MTR0008,Detached,05/01/2024 17:02:24,0.48,0.31,TRUE,54.84,Heater malfunction,TRUE,1/5/2024 17:28,FALSE
REC002580,CUST008,Miss Tracy Lamb,andrea37@hotmail.co.uk,London,MTR0008,Detached,05/01/2024 17:31:12,0.64,0.7,FALSE,0,,FALSE,,
REC002581,CUST008,Miss Tracy Lamb,andrea37@hotmail.co.uk,London,MTR0008,Detached,05/01/2024 18:00:00,1.03,0.96,FALSE,0,,FALSE,,
REC002582,CUST008,Miss Tracy Lamb,andrea37@hotmail.co.uk,London,MTR0008,Detached,05/01/2024 18:28:48,0.77,0.83,FALSE,0,,FALSE,,
REC002583,CUST008,Miss Tracy Lamb,andrea37@hotmail.co.uk,London,MTR0008,Detached,05/01/2024 18:57:36,0.55,0.49,FALSE,0,,FALSE,,
REC002584,CUST008,Miss Tracy Lamb,andrea37@hotmail.co.uk,London,MTR0008,Detached,05/01/2024 19:26:24,0.92,1.05,FALSE,0,,FALSE,,
REC002585,CUST008,Miss Tracy Lamb,andrea37@hotmail.co.uk,London,MTR0008,Detached,05/01/2024 19:55:12,0.73,0.67,FALSE,0,,FALSE,,
REC002586,CUST008,Miss Tracy Lamb,andrea37@hotmail.co.uk,London,MTR0008,Detached,05/01/2024 20:24:00,0.86,0.9,FALSE,0,,FALSE,,
REC002587,CUST008,Miss Tracy Lamb,andrea37@hotmail.co.uk,London,MTR0008,Detached,05/01/2024 21:07:12,0.56,0.7,FALSE,0,,FALSE,,
REC002588,CUST008,Miss Tracy Lamb,andrea37@hotmail.co.uk,London,MTR0008,Detached,05/01/2024 21:36:00,0.85,0.86,FALSE,0,,FALSE,,
REC002589,CUST008,Miss Tracy Lamb,andrea37@hotmail.co.uk,London,MTR0008,Detached,05/01/2024 22:04:48,0.62,0.62,FALSE,0,,FALSE,,
REC002590,CUST008,Miss Tracy Lamb,andrea37@hotmail.co.uk,London,MTR0008,Detached,05/01/2024 22:33:36,0.76,0.74,FALSE,0,,FALSE,,
REC002591,CUST008,Miss Tracy Lamb,andrea37@hotmail.co.uk,London,MTR0008,Detached,05/01/2024 23:02:24,0.98,0.81,FALSE,0,,FALSE,,
REC002592,CUST008,Miss Tracy Lamb,andrea37@hotmail.co.uk,London,MTR0008,Detached,05/01/2024 23:31:12,0.79,0.83,FALSE,0,,FALSE,,
REC002593,CUST008,Miss Tracy Lamb,andrea37@hotmail.co.uk,London,MTR0008,Detached,06/01/2024 00:00:00,0.72,0.74,FALSE,0,,FALSE,,
REC002594,CUST008,Miss Tracy Lamb,andrea37@hotmail.co.uk,London,MTR0008,Detached,06/01/2024 00:28:48,0.38,0.52,FALSE,0,,FALSE,,
REC002595,CUST008,Miss Tracy Lamb,andrea37@hotmail.co.uk,London,MTR0008,Detached,06/01/2024 00:57:36,1.16,1.12,FALSE,0,,FALSE,,
REC002596,CUST008,Miss Tracy Lamb,andrea37@hotmail.co.uk,London,MTR0008,Detached,06/01/2024 01:26:24,0.77,0.78,FALSE,0,,FALSE,,
REC002597,CUST008,Miss Tracy Lamb,andrea37@hotmail.co.uk,London,MTR0008,Detached,06/01/2024 01:55:12,0.76,0.87,FALSE,0,,FALSE,,
REC002598,CUST008,Miss Tracy Lamb,andrea37@hotmail.co.uk,London,MTR0008,Detached,06/01/2024 02:24:00,0.65,0.64,FALSE,0,,FALSE,,
REC002599,CUST008,Miss Tracy Lamb,andrea37@hotmail.co.uk,London,MTR0008,Detached,06/01/2024 03:07:12,0.3,0.39,FALSE,0,,FALSE,,
REC002600,CUST008,Miss Tracy Lamb,andrea37@hotmail.co.uk,London,MTR0008,Detached,06/01/2024 03:36:00,1.21,1,FALSE,0,,FALSE,,
REC002601,CUST008,Miss Tracy Lamb,andrea37@hotmail.co.uk,London,MTR0008,Detached,06/01/2024 04:04:48,0.47,0.5,FALSE,0,,FALSE,,
REC002602,CUST008,Miss Tracy Lamb,andrea37@hotmail.co.uk,London,MTR0008,Detached,06/01/2024 04:33:36,1.01,1.13,FALSE,0,,FALSE,,
REC002603,CUST008,Miss Tracy Lamb,andrea37@hotmail.co.uk,London,MTR0008,Detached,06/01/2024 05:02:24,1,0.94,FALSE,0,,FALSE,,
REC002604,CUST008,Miss Tracy Lamb,andrea37@hotmail.co.uk,London,MTR0008,Detached,06/01/2024 05:31:12,0.12,0.38,FALSE,0,,FALSE,,
REC002605,CUST008,Miss Tracy Lamb,andrea37@hotmail.co.uk,London,MTR0008,Detached,06/01/2024 06:00:00,1.07,1.19,FALSE,0,,FALSE,,
REC002606,CUST008,Miss Tracy Lamb,andrea37@hotmail.co.uk,London,MTR0008,Detached,06/01/2024 06:28:48,0.93,0.83,FALSE,0,,FALSE,,
REC002607,CUST008,Miss Tracy Lamb,andrea37@hotmail.co.uk,London,MTR0008,Detached,06/01/2024 06:57:36,0.27,0.4,FALSE,0,,FALSE,,
REC002608,CUST008,Miss Tracy Lamb,andrea37@hotmail.co.uk,London,MTR0008,Detached,06/01/2024 07:26:24,1.02,0.95,FALSE,0,,FALSE,,
REC002609,CUST008,Miss Tracy Lamb,andrea37@hotmail.co.uk,London,MTR0008,Detached,06/01/2024 07:55:12,1.1,1,FALSE,0,,FALSE,,
REC002610,CUST008,Miss Tracy Lamb,andrea37@hotmail.co.uk,London,MTR0008,Detached,06/01/2024 08:24:00,1.26,1.1,FALSE,0,,FALSE,,
REC002611,CUST008,Miss Tracy Lamb,andrea37@hotmail.co.uk,London,MTR0008,Detached,06/01/2024 09:07:12,0.25,0.37,FALSE,0,,FALSE,,
REC002612,CUST008,Miss Tracy Lamb,andrea37@hotmail.co.uk,London,MTR0008,Detached,06/01/2024 09:36:00,1.11,1.19,FALSE,0,,FALSE,,
REC002613,CUST008,Miss Tracy Lamb,andrea37@hotmail.co.uk,London,MTR0008,Detached,06/01/2024 10:04:48,0.74,0.65,FALSE,0,,FALSE,,
REC002614,CUST008,Miss Tracy Lamb,andrea37@hotmail.co.uk,London,MTR0008,Detached,06/01/2024 10:33:36,0.6,0.49,FALSE,0,,FALSE,,
REC002615,CUST008,Miss Tracy Lamb,andrea37@hotmail.co.uk,London,MTR0008,Detached,06/01/2024 11:02:24,0.45,0.52,FALSE,0,,FALSE,,
REC002616,CUST008,Miss Tracy Lamb,andrea37@hotmail.co.uk,London,MTR0008,Detached,06/01/2024 11:31:12,0.35,0.51,FALSE,0,,FALSE,,
REC002617,CUST008,Miss Tracy Lamb,andrea37@hotmail.co.uk,London,MTR0008,Detached,06/01/2024 12:00:00,0.19,0.32,FALSE,0,,FALSE,,
REC002618,CUST008,Miss Tracy Lamb,andrea37@hotmail.co.uk,London,MTR0008,Detached,06/01/2024 12:28:48,0.19,0.31,FALSE,0,,FALSE,,
REC002619,CUST008,Miss Tracy Lamb,andrea37@hotmail.co.uk,London,MTR0008,Detached,06/01/2024 12:57:36,0.88,0.91,FALSE,0,,FALSE,,
REC002620,CUST008,Miss Tracy Lamb,andrea37@hotmail.co.uk,London,MTR0008,Detached,06/01/2024 13:26:24,0.47,0.44,FALSE,0,,FALSE,,
REC002621,CUST008,Miss Tracy Lamb,andrea37@hotmail.co.uk,London,MTR0008,Detached,06/01/2024 13:55:12,0.96,1.01,FALSE,0,,FALSE,,
REC002622,CUST008,Miss Tracy Lamb,andrea37@hotmail.co.uk,London,MTR0008,Detached,06/01/2024 14:24:00,0.87,0.86,FALSE,0,,FALSE,,
REC002623,CUST008,Miss Tracy Lamb,andrea37@hotmail.co.uk,London,MTR0008,Detached,06/01/2024 15:07:12,0.71,0.58,FALSE,0,,FALSE,,
REC002624,CUST008,Miss Tracy Lamb,andrea37@hotmail.co.uk,London,MTR0008,Detached,06/01/2024 15:36:00,0.97,1.03,FALSE,0,,FALSE,,
REC002625,CUST008,Miss Tracy Lamb,andrea37@hotmail.co.uk,London,MTR0008,Detached,06/01/2024 16:04:48,0.65,0.66,FALSE,0,,FALSE,,
REC002626,CUST008,Miss Tracy Lamb,andrea37@hotmail.co.uk,London,MTR0008,Detached,06/01/2024 16:33:36,1.05,0.99,FALSE,0,,FALSE,,
REC002627,CUST008,Miss Tracy Lamb,andrea37@hotmail.co.uk,London,MTR0008,Detached,06/01/2024 17:02:24,0.79,0.74,FALSE,0,,FALSE,,
REC002628,CUST008,Miss Tracy Lamb,andrea37@hotmail.co.uk,London,MTR0008,Detached,06/01/2024 17:31:12,0.53,0.48,FALSE,0,,FALSE,,
REC002629,CUST008,Miss Tracy Lamb,andrea37@hotmail.co.uk,London,MTR0008,Detached,06/01/2024 18:00:00,0.97,1.02,FALSE,0,,FALSE,,
REC002630,CUST008,Miss Tracy Lamb,andrea37@hotmail.co.uk,London,MTR0008,Detached,06/01/2024 18:28:48,1.24,1.16,FALSE,0,,FALSE,,
REC002631,CUST008,Miss Tracy Lamb,andrea37@hotmail.co.uk,London,MTR0008,Detached,06/01/2024 18:57:36,0.35,0.34,FALSE,0,,FALSE,,
REC002632,CUST008,Miss Tracy Lamb,andrea37@hotmail.co.uk,London,MTR0008,Detached,06/01/2024 19:26:24,0.7,0.82,FALSE,0,,FALSE,,
REC002633,CUST008,Miss Tracy Lamb,andrea37@hotmail.co.uk,London,MTR0008,Detached,06/01/2024 19:55:12,0.88,0.88,FALSE,0,,FALSE,,
REC002634,CUST008,Miss Tracy Lamb,andrea37@hotmail.co.uk,London,MTR0008,Detached,06/01/2024 20:24:00,1.11,1.14,FALSE,0,,FALSE,,
REC002635,CUST008,Miss Tracy Lamb,andrea37@hotmail.co.uk,London,MTR0008,Detached,06/01/2024 21:07:12,0.7,0.9,FALSE,0,,FALSE,,
REC002636,CUST008,Miss Tracy Lamb,andrea37@hotmail.co.uk,London,MTR0008,Detached,06/01/2024 21:36:00,0.96,0.75,FALSE,0,,FALSE,,
REC002637,CUST008,Miss Tracy Lamb,andrea37@hotmail.co.uk,London,MTR0008,Detached,06/01/2024 22:04:48,0.36,0.36,FALSE,0,,FALSE,,
REC002638,CUST008,Miss Tracy Lamb,andrea37@hotmail.co.uk,London,MTR0008,Detached,06/01/2024 22:33:36,1.19,0.99,FALSE,0,,FALSE,,
REC002639,CUST008,Miss Tracy Lamb,andrea37@hotmail.co.uk,London,MTR0008,Detached,06/01/2024 23:02:24,0.78,0.74,FALSE,0,,FALSE,,
REC002640,CUST008,Miss Tracy Lamb,andrea37@hotmail.co.uk,London,MTR0008,Detached,06/01/2024 23:31:12,0.36,0.46,FALSE,0,,FALSE,,
REC002641,CUST008,Miss Tracy Lamb,andrea37@hotmail.co.uk,London,MTR0008,Detached,07/01/2024 00:00:00,0.98,1.09,FALSE,0,,FALSE,,
REC002642,CUST008,Miss Tracy Lamb,andrea37@hotmail.co.uk,London,MTR0008,Detached,07/01/2024 00:28:48,1.21,1.17,FALSE,0,,FALSE,,
REC002643,CUST008,Miss Tracy Lamb,andrea37@hotmail.co.uk,London,MTR0008,Detached,07/01/2024 00:57:36,0.79,0.77,FALSE,0,,FALSE,,
REC002644,CUST008,Miss Tracy Lamb,andrea37@hotmail.co.uk,London,MTR0008,Detached,07/01/2024 01:26:24,0.46,0.53,FALSE,0,,FALSE,,
REC002645,CUST008,Miss Tracy Lamb,andrea37@hotmail.co.uk,London,MTR0008,Detached,07/01/2024 01:55:12,0.71,1.02,FALSE,0,,FALSE,,
REC002646,CUST008,Miss Tracy Lamb,andrea37@hotmail.co.uk,London,MTR0008,Detached,07/01/2024 02:24:00,0.99,0.98,FALSE,0,,FALSE,,
REC002647,CUST008,Miss Tracy Lamb,andrea37@hotmail.co.uk,London,MTR0008,Detached,07/01/2024 03:07:12,0.62,0.42,TRUE,47.62,Heater malfunction,TRUE,1/7/2024 03:18,FALSE
REC002648,CUST008,Miss Tracy Lamb,andrea37@hotmail.co.uk,London,MTR0008,Detached,07/01/2024 03:36:00,0.58,0.38,TRUE,52.63,Heater malfunction,TRUE,1/7/2024 03:58,TRUE
REC002649,CUST008,Miss Tracy Lamb,andrea37@hotmail.co.uk,London,MTR0008,Detached,07/01/2024 04:04:48,0.74,0.68,FALSE,0,,FALSE,,
REC002650,CUST008,Miss Tracy Lamb,andrea37@hotmail.co.uk,London,MTR0008,Detached,07/01/2024 04:33:36,0.38,0.42,FALSE,0,,FALSE,,
REC002651,CUST008,Miss Tracy Lamb,andrea37@hotmail.co.uk,London,MTR0008,Detached,07/01/2024 05:02:24,0.98,0.95,FALSE,0,,FALSE,,
REC002652,CUST008,Miss Tracy Lamb,andrea37@hotmail.co.uk,London,MTR0008,Detached,07/01/2024 05:31:12,0.54,0.62,FALSE,0,,FALSE,,
REC002653,CUST008,Miss Tracy Lamb,andrea37@hotmail.co.uk,London,MTR0008,Detached,07/01/2024 06:00:00,1.08,1.01,FALSE,0,,FALSE,,
REC002654,CUST008,Miss Tracy Lamb,andrea37@hotmail.co.uk,London,MTR0008,Detached,07/01/2024 06:28:48,0.38,0.51,FALSE,0,,FALSE,,
REC002655,CUST008,Miss Tracy Lamb,andrea37@hotmail.co.uk,London,MTR0008,Detached,07/01/2024 06:57:36,0.97,0.94,FALSE,0,,FALSE,,
REC002656,CUST008,Miss Tracy Lamb,andrea37@hotmail.co.uk,London,MTR0008,Detached,07/01/2024 07:26:24,0.51,0.41,FALSE,0,,FALSE,,
REC002657,CUST008,Miss Tracy Lamb,andrea37@hotmail.co.uk,London,MTR0008,Detached,07/01/2024 07:55:12,0.73,0.68,FALSE,0,,FALSE,,
REC002658,CUST008,Miss Tracy Lamb,andrea37@hotmail.co.uk,London,MTR0008,Detached,07/01/2024 08:24:00,0.9,0.98,FALSE,0,,FALSE,,
REC002659,CUST008,Miss Tracy Lamb,andrea37@hotmail.co.uk,London,MTR0008,Detached,07/01/2024 09:07:12,0.54,0.4,FALSE,0,,FALSE,,
REC002660,CUST008,Miss Tracy Lamb,andrea37@hotmail.co.uk,London,MTR0008,Detached,07/01/2024 09:36:00,1.14,1.14,FALSE,0,,FALSE,,
REC002661,CUST008,Miss Tracy Lamb,andrea37@hotmail.co.uk,London,MTR0008,Detached,07/01/2024 10:04:48,0.77,0.76,FALSE,0,,FALSE,,
REC002662,CUST008,Miss Tracy Lamb,andrea37@hotmail.co.uk,London,MTR0008,Detached,07/01/2024 10:33:36,0.71,0.65,FALSE,0,,FALSE,,
REC002663,CUST008,Miss Tracy Lamb,andrea37@hotmail.co.uk,London,MTR0008,Detached,07/01/2024 11:02:24,0.73,1.06,FALSE,0,,FALSE,,
REC002664,CUST008,Miss Tracy Lamb,andrea37@hotmail.co.uk,London,MTR0008,Detached,07/01/2024 11:31:12,0.66,0.74,FALSE,0,,FALSE,,
REC002665,CUST008,Miss Tracy Lamb,andrea37@hotmail.co.uk,London,MTR0008,Detached,07/01/2024 12:00:00,1.03,1.06,FALSE,0,,FALSE,,
REC002666,CUST008,Miss Tracy Lamb,andrea37@hotmail.co.uk,London,MTR0008,Detached,07/01/2024 12:28:48,0.72,0.6,FALSE,0,,FALSE,,
REC002667,CUST008,Miss Tracy Lamb,andrea37@hotmail.co.uk,London,MTR0008,Detached,07/01/2024 12:57:36,0.59,0.74,FALSE,0,,FALSE,,
REC002668,CUST008,Miss Tracy Lamb,andrea37@hotmail.co.uk,London,MTR0008,Detached,07/01/2024 13:26:24,1.05,1.01,FALSE,0,,FALSE,,
REC002669,CUST008,Miss Tracy Lamb,andrea37@hotmail.co.uk,London,MTR0008,Detached,07/01/2024 13:55:12,0.67,0.74,FALSE,0,,FALSE,,
REC002670,CUST008,Miss Tracy Lamb,andrea37@hotmail.co.uk,London,MTR0008,Detached,07/01/2024 14:24:00,0.48,0.51,FALSE,0,,FALSE,,
REC002671,CUST008,Miss Tracy Lamb,andrea37@hotmail.co.uk,London,MTR0008,Detached,07/01/2024 15:07:12,1.06,1.15,FALSE,0,,FALSE,,
REC002672,CUST008,Miss Tracy Lamb,andrea37@hotmail.co.uk,London,MTR0008,Detached,07/01/2024 15:36:00,0.66,0.71,FALSE,0,,FALSE,,
REC002673,CUST008,Miss Tracy Lamb,andrea37@hotmail.co.uk,London,MTR0008,Detached,07/01/2024 16:04:48,0.57,0.58,FALSE,0,,FALSE,,
REC002674,CUST008,Miss Tracy Lamb,andrea37@hotmail.co.uk,London,MTR0008,Detached,07/01/2024 16:33:36,0.78,0.79,FALSE,0,,FALSE,,
REC002675,CUST008,Miss Tracy Lamb,andrea37@hotmail.co.uk,London,MTR0008,Detached,07/01/2024 17:02:24,0.72,0.8,FALSE,0,,FALSE,,
REC002676,CUST008,Miss Tracy Lamb,andrea37@hotmail.co.uk,London,MTR0008,Detached,07/01/2024 17:31:12,0.97,1.17,FALSE,0,,FALSE,,
REC002677,CUST008,Miss Tracy Lamb,andrea37@hotmail.co.uk,London,MTR0008,Detached,07/01/2024 18:00:00,0.55,0.64,FALSE,0,,FALSE,,
REC002678,CUST008,Miss Tracy Lamb,andrea37@hotmail.co.uk,London,MTR0008,Detached,07/01/2024 18:28:48,0.63,0.71,FALSE,0,,FALSE,,
REC002679,CUST008,Miss Tracy Lamb,andrea37@hotmail.co.uk,London,MTR0008,Detached,07/01/2024 18:57:36,1.05,0.98,FALSE,0,,FALSE,,
REC002680,CUST008,Miss Tracy Lamb,andrea37@hotmail.co.uk,London,MTR0008,Detached,07/01/2024 19:26:24,0.23,0.32,FALSE,0,,FALSE,,
REC002681,CUST008,Miss Tracy Lamb,andrea37@hotmail.co.uk,London,MTR0008,Detached,07/01/2024 19:55:12,0.61,0.68,FALSE,0,,FALSE,,
REC002682,CUST008,Miss Tracy Lamb,andrea37@hotmail.co.uk,London,MTR0008,Detached,07/01/2024 20:24:00,0.93,0.81,FALSE,0,,FALSE,,
REC002683,CUST008,Miss Tracy Lamb,andrea37@hotmail.co.uk,London,MTR0008,Detached,07/01/2024 21:07:12,0.44,0.48,FALSE,0,,FALSE,,
REC002684,CUST008,Miss Tracy Lamb,andrea37@hotmail.co.uk,London,MTR0008,Detached,07/01/2024 21:36:00,1.13,1.09,FALSE,0,,FALSE,,
REC002685,CUST008,Miss Tracy Lamb,andrea37@hotmail.co.uk,London,MTR0008,Detached,07/01/2024 22:04:48,0.53,0.62,FALSE,0,,FALSE,,
REC002686,CUST008,Miss Tracy Lamb,andrea37@hotmail.co.uk,London,MTR0008,Detached,07/01/2024 22:33:36,1.24,1.12,FALSE,0,,FALSE,,
REC002687,CUST008,Miss Tracy Lamb,andrea37@hotmail.co.uk,London,MTR0008,Detached,07/01/2024 23:02:24,0.41,0.41,FALSE,0,,FALSE,,
REC002688,CUST008,Miss Tracy Lamb,andrea37@hotmail.co.uk,London,MTR0008,Detached,07/01/2024 23:31:12,0.24,0.37,FALSE,0,,FALSE,,
REC002689,CUST009,Harry Bell,elliot31@yahoo.co.uk,Manchester,MTR0009,Semi-Detached,01/01/2024 00:00:00,0.55,0.48,FALSE,0,,FALSE,,
REC002690,CUST009,Harry Bell,elliot31@yahoo.co.uk,Manchester,MTR0009,Semi-Detached,01/01/2024 00:28:48,0.77,0.79,FALSE,0,,FALSE,,
REC002691,CUST009,Harry Bell,elliot31@yahoo.co.uk,Manchester,MTR0009,Semi-Detached,01/01/2024 00:57:36,0.64,0.54,FALSE,0,,FALSE,,
REC002692,CUST009,Harry Bell,elliot31@yahoo.co.uk,Manchester,MTR0009,Semi-Detached,01/01/2024 01:26:24,1.32,1.19,FALSE,0,,FALSE,,
REC002693,CUST009,Harry Bell,elliot31@yahoo.co.uk,Manchester,MTR0009,Semi-Detached,01/01/2024 01:55:12,0.5,0.54,FALSE,0,,FALSE,,
REC002694,CUST009,Harry Bell,elliot31@yahoo.co.uk,Manchester,MTR0009,Semi-Detached,01/01/2024 02:24:00,0.41,0.4,FALSE,0,,FALSE,,
REC002695,CUST009,Harry Bell,elliot31@yahoo.co.uk,Manchester,MTR0009,Semi-Detached,01/01/2024 03:07:12,0.31,0.3,FALSE,0,,FALSE,,
REC002696,CUST009,Harry Bell,elliot31@yahoo.co.uk,Manchester,MTR0009,Semi-Detached,01/01/2024 03:36:00,0.72,0.57,FALSE,0,,FALSE,,
REC002697,CUST009,Harry Bell,elliot31@yahoo.co.uk,Manchester,MTR0009,Semi-Detached,01/01/2024 04:04:48,0.36,0.44,FALSE,0,,FALSE,,
REC002698,CUST009,Harry Bell,elliot31@yahoo.co.uk,Manchester,MTR0009,Semi-Detached,01/01/2024 04:33:36,0.84,0.98,FALSE,0,,FALSE,,
REC002699,CUST009,Harry Bell,elliot31@yahoo.co.uk,Manchester,MTR0009,Semi-Detached,01/01/2024 05:02:24,0.77,0.79,FALSE,0,,FALSE,,
REC002700,CUST009,Harry Bell,elliot31@yahoo.co.uk,Manchester,MTR0009,Semi-Detached,01/01/2024 05:31:12,1.05,1.14,FALSE,0,,FALSE,,
REC002701,CUST009,Harry Bell,elliot31@yahoo.co.uk,Manchester,MTR0009,Semi-Detached,01/01/2024 06:00:00,0.85,0.87,FALSE,0,,FALSE,,
REC002702,CUST009,Harry Bell,elliot31@yahoo.co.uk,Manchester,MTR0009,Semi-Detached,01/01/2024 06:28:48,0.77,0.63,FALSE,0,,FALSE,,
REC002703,CUST009,Harry Bell,elliot31@yahoo.co.uk,Manchester,MTR0009,Semi-Detached,01/01/2024 06:57:36,0.43,0.4,FALSE,0,,FALSE,,
REC002704,CUST009,Harry Bell,elliot31@yahoo.co.uk,Manchester,MTR0009,Semi-Detached,01/01/2024 07:26:24,0.49,0.45,FALSE,0,,FALSE,,
REC002705,CUST009,Harry Bell,elliot31@yahoo.co.uk,Manchester,MTR0009,Semi-Detached,01/01/2024 07:55:12,0.99,0.76,FALSE,0,,FALSE,,
REC002706,CUST009,Harry Bell,elliot31@yahoo.co.uk,Manchester,MTR0009,Semi-Detached,01/01/2024 08:24:00,1.13,1.15,FALSE,0,,FALSE,,
REC002707,CUST009,Harry Bell,elliot31@yahoo.co.uk,Manchester,MTR0009,Semi-Detached,01/01/2024 09:07:12,0.76,0.82,FALSE,0,,FALSE,,
REC002708,CUST009,Harry Bell,elliot31@yahoo.co.uk,Manchester,MTR0009,Semi-Detached,01/01/2024 09:36:00,0.37,0.36,FALSE,0,,FALSE,,
REC002709,CUST009,Harry Bell,elliot31@yahoo.co.uk,Manchester,MTR0009,Semi-Detached,01/01/2024 10:04:48,0.4,0.47,FALSE,0,,FALSE,,
REC002710,CUST009,Harry Bell,elliot31@yahoo.co.uk,Manchester,MTR0009,Semi-Detached,01/01/2024 10:33:36,1.09,1.05,FALSE,0,,FALSE,,
REC002711,CUST009,Harry Bell,elliot31@yahoo.co.uk,Manchester,MTR0009,Semi-Detached,01/01/2024 11:02:24,0.34,0.44,FALSE,0,,FALSE,,
REC002712,CUST009,Harry Bell,elliot31@yahoo.co.uk,Manchester,MTR0009,Semi-Detached,01/01/2024 11:31:12,0.56,0.64,FALSE,0,,FALSE,,
REC002713,CUST009,Harry Bell,elliot31@yahoo.co.uk,Manchester,MTR0009,Semi-Detached,01/01/2024 12:00:00,0.27,0.53,FALSE,0,,FALSE,,
REC002714,CUST009,Harry Bell,elliot31@yahoo.co.uk,Manchester,MTR0009,Semi-Detached,01/01/2024 12:28:48,1.16,1.19,FALSE,0,,FALSE,,
REC002715,CUST009,Harry Bell,elliot31@yahoo.co.uk,Manchester,MTR0009,Semi-Detached,01/01/2024 12:57:36,0.3,0.35,FALSE,0,,FALSE,,
REC002716,CUST009,Harry Bell,elliot31@yahoo.co.uk,Manchester,MTR0009,Semi-Detached,01/01/2024 13:26:24,1.07,1.05,FALSE,0,,FALSE,,
REC002717,CUST009,Harry Bell,elliot31@yahoo.co.uk,Manchester,MTR0009,Semi-Detached,01/01/2024 13:55:12,1.02,0.76,FALSE,0,,FALSE,,
REC002718,CUST009,Harry Bell,elliot31@yahoo.co.uk,Manchester,MTR0009,Semi-Detached,01/01/2024 14:24:00,0.56,0.45,FALSE,0,,FALSE,,
REC002719,CUST009,Harry Bell,elliot31@yahoo.co.uk,Manchester,MTR0009,Semi-Detached,01/01/2024 15:07:12,0.57,0.48,FALSE,0,,FALSE,,
REC002720,CUST009,Harry Bell,elliot31@yahoo.co.uk,Manchester,MTR0009,Semi-Detached,01/01/2024 15:36:00,0.32,0.49,FALSE,0,,FALSE,,
REC002721,CUST009,Harry Bell,elliot31@yahoo.co.uk,Manchester,MTR0009,Semi-Detached,01/01/2024 16:04:48,0.46,0.4,FALSE,0,,FALSE,,
REC002722,CUST009,Harry Bell,elliot31@yahoo.co.uk,Manchester,MTR0009,Semi-Detached,01/01/2024 16:33:36,0.63,0.57,FALSE,0,,FALSE,,
REC002723,CUST009,Harry Bell,elliot31@yahoo.co.uk,Manchester,MTR0009,Semi-Detached,01/01/2024 17:02:24,0.46,0.42,FALSE,0,,FALSE,,
REC002724,CUST009,Harry Bell,elliot31@yahoo.co.uk,Manchester,MTR0009,Semi-Detached,01/01/2024 17:31:12,0.8,0.88,FALSE,0,,FALSE,,
REC002725,CUST009,Harry Bell,elliot31@yahoo.co.uk,Manchester,MTR0009,Semi-Detached,01/01/2024 18:00:00,1.02,1,FALSE,0,,FALSE,,
REC002726,CUST009,Harry Bell,elliot31@yahoo.co.uk,Manchester,MTR0009,Semi-Detached,01/01/2024 18:28:48,0.48,0.44,FALSE,0,,FALSE,,
REC002727,CUST009,Harry Bell,elliot31@yahoo.co.uk,Manchester,MTR0009,Semi-Detached,01/01/2024 18:57:36,0.48,0.52,FALSE,0,,FALSE,,
REC002728,CUST009,Harry Bell,elliot31@yahoo.co.uk,Manchester,MTR0009,Semi-Detached,01/01/2024 19:26:24,0.42,0.37,FALSE,0,,FALSE,,
REC002729,CUST009,Harry Bell,elliot31@yahoo.co.uk,Manchester,MTR0009,Semi-Detached,01/01/2024 19:55:12,1,0.93,FALSE,0,,FALSE,,
REC002730,CUST009,Harry Bell,elliot31@yahoo.co.uk,Manchester,MTR0009,Semi-Detached,01/01/2024 20:24:00,0.87,0.89,FALSE,0,,FALSE,,
REC002731,CUST009,Harry Bell,elliot31@yahoo.co.uk,Manchester,MTR0009,Semi-Detached,01/01/2024 21:07:12,0.28,0.38,FALSE,0,,FALSE,,
REC002732,CUST009,Harry Bell,elliot31@yahoo.co.uk,Manchester,MTR0009,Semi-Detached,01/01/2024 21:36:00,0.18,0.35,FALSE,0,,FALSE,,
REC002733,CUST009,Harry Bell,elliot31@yahoo.co.uk,Manchester,MTR0009,Semi-Detached,01/01/2024 22:04:48,0.72,0.75,FALSE,0,,FALSE,,
REC002734,CUST009,Harry Bell,elliot31@yahoo.co.uk,Manchester,MTR0009,Semi-Detached,01/01/2024 22:33:36,0.52,0.62,FALSE,0,,FALSE,,
REC002735,CUST009,Harry Bell,elliot31@yahoo.co.uk,Manchester,MTR0009,Semi-Detached,01/01/2024 23:02:24,0.96,1,FALSE,0,,FALSE,,
REC002736,CUST009,Harry Bell,elliot31@yahoo.co.uk,Manchester,MTR0009,Semi-Detached,01/01/2024 23:31:12,0.67,0.63,FALSE,0,,FALSE,,
REC002737,CUST009,Harry Bell,elliot31@yahoo.co.uk,Manchester,MTR0009,Semi-Detached,02/01/2024 00:00:00,0.68,0.64,FALSE,0,,FALSE,,
REC002738,CUST009,Harry Bell,elliot31@yahoo.co.uk,Manchester,MTR0009,Semi-Detached,02/01/2024 00:28:48,0.9,0.94,FALSE,0,,FALSE,,
REC002739,CUST009,Harry Bell,elliot31@yahoo.co.uk,Manchester,MTR0009,Semi-Detached,02/01/2024 00:57:36,0.39,0.47,FALSE,0,,FALSE,,
REC002740,CUST009,Harry Bell,elliot31@yahoo.co.uk,Manchester,MTR0009,Semi-Detached,02/01/2024 01:26:24,0.84,0.87,FALSE,0,,FALSE,,
REC002741,CUST009,Harry Bell,elliot31@yahoo.co.uk,Manchester,MTR0009,Semi-Detached,02/01/2024 01:55:12,0.54,0.41,FALSE,0,,FALSE,,
REC002742,CUST009,Harry Bell,elliot31@yahoo.co.uk,Manchester,MTR0009,Semi-Detached,02/01/2024 02:24:00,0.93,1.12,FALSE,0,,FALSE,,
REC002743,CUST009,Harry Bell,elliot31@yahoo.co.uk,Manchester,MTR0009,Semi-Detached,02/01/2024 03:07:12,0.76,0.8,FALSE,0,,FALSE,,
REC002744,CUST009,Harry Bell,elliot31@yahoo.co.uk,Manchester,MTR0009,Semi-Detached,02/01/2024 03:36:00,0.95,1.06,FALSE,0,,FALSE,,
REC002745,CUST009,Harry Bell,elliot31@yahoo.co.uk,Manchester,MTR0009,Semi-Detached,02/01/2024 04:04:48,0.97,0.88,FALSE,0,,FALSE,,
REC002746,CUST009,Harry Bell,elliot31@yahoo.co.uk,Manchester,MTR0009,Semi-Detached,02/01/2024 04:33:36,1.14,1.1,FALSE,0,,FALSE,,
REC002747,CUST009,Harry Bell,elliot31@yahoo.co.uk,Manchester,MTR0009,Semi-Detached,02/01/2024 05:02:24,1.14,1.13,FALSE,0,,FALSE,,
REC002748,CUST009,Harry Bell,elliot31@yahoo.co.uk,Manchester,MTR0009,Semi-Detached,02/01/2024 05:31:12,0.88,0.97,FALSE,0,,FALSE,,
REC002749,CUST009,Harry Bell,elliot31@yahoo.co.uk,Manchester,MTR0009,Semi-Detached,02/01/2024 06:00:00,0.87,0.98,FALSE,0,,FALSE,,
REC002750,CUST009,Harry Bell,elliot31@yahoo.co.uk,Manchester,MTR0009,Semi-Detached,02/01/2024 06:28:48,1.06,1.02,FALSE,0,,FALSE,,
REC002751,CUST009,Harry Bell,elliot31@yahoo.co.uk,Manchester,MTR0009,Semi-Detached,02/01/2024 06:57:36,0.94,0.95,FALSE,0,,FALSE,,
REC002752,CUST009,Harry Bell,elliot31@yahoo.co.uk,Manchester,MTR0009,Semi-Detached,02/01/2024 07:26:24,0.37,0.46,FALSE,0,,FALSE,,
REC002753,CUST009,Harry Bell,elliot31@yahoo.co.uk,Manchester,MTR0009,Semi-Detached,02/01/2024 07:55:12,0.59,0.6,FALSE,0,,FALSE,,
REC002754,CUST009,Harry Bell,elliot31@yahoo.co.uk,Manchester,MTR0009,Semi-Detached,02/01/2024 08:24:00,0.77,0.79,FALSE,0,,FALSE,,
REC002755,CUST009,Harry Bell,elliot31@yahoo.co.uk,Manchester,MTR0009,Semi-Detached,02/01/2024 09:07:12,0.96,0.86,FALSE,0,,FALSE,,
REC002756,CUST009,Harry Bell,elliot31@yahoo.co.uk,Manchester,MTR0009,Semi-Detached,02/01/2024 09:36:00,0.54,0.49,FALSE,0,,FALSE,,
REC002757,CUST009,Harry Bell,elliot31@yahoo.co.uk,Manchester,MTR0009,Semi-Detached,02/01/2024 10:04:48,0.39,0.41,FALSE,0,,FALSE,,
REC002758,CUST009,Harry Bell,elliot31@yahoo.co.uk,Manchester,MTR0009,Semi-Detached,02/01/2024 10:33:36,1.2,1.18,FALSE,0,,FALSE,,
REC002759,CUST009,Harry Bell,elliot31@yahoo.co.uk,Manchester,MTR0009,Semi-Detached,02/01/2024 11:02:24,1.1,1.06,FALSE,0,,FALSE,,
REC002760,CUST009,Harry Bell,elliot31@yahoo.co.uk,Manchester,MTR0009,Semi-Detached,02/01/2024 11:31:12,0.39,0.39,FALSE,0,,FALSE,,
REC002761,CUST009,Harry Bell,elliot31@yahoo.co.uk,Manchester,MTR0009,Semi-Detached,02/01/2024 12:00:00,0.43,0.57,FALSE,0,,FALSE,,
REC002762,CUST009,Harry Bell,elliot31@yahoo.co.uk,Manchester,MTR0009,Semi-Detached,02/01/2024 12:28:48,1.27,1.14,FALSE,0,,FALSE,,
REC002763,CUST009,Harry Bell,elliot31@yahoo.co.uk,Manchester,MTR0009,Semi-Detached,02/01/2024 12:57:36,0.58,0.36,TRUE,61.11,Guest visit,TRUE,1/2/2024 13:07,FALSE
REC002764,CUST009,Harry Bell,elliot31@yahoo.co.uk,Manchester,MTR0009,Semi-Detached,02/01/2024 13:26:24,1.01,0.89,FALSE,0,,FALSE,,
REC002765,CUST009,Harry Bell,elliot31@yahoo.co.uk,Manchester,MTR0009,Semi-Detached,02/01/2024 13:55:12,0.63,0.53,FALSE,0,,FALSE,,
REC002766,CUST009,Harry Bell,elliot31@yahoo.co.uk,Manchester,MTR0009,Semi-Detached,02/01/2024 14:24:00,0.44,0.48,FALSE,0,,FALSE,,
REC002767,CUST009,Harry Bell,elliot31@yahoo.co.uk,Manchester,MTR0009,Semi-Detached,02/01/2024 15:07:12,1.19,1.04,FALSE,0,,FALSE,,
REC002768,CUST009,Harry Bell,elliot31@yahoo.co.uk,Manchester,MTR0009,Semi-Detached,02/01/2024 15:36:00,0.98,0.94,FALSE,0,,FALSE,,
REC002769,CUST009,Harry Bell,elliot31@yahoo.co.uk,Manchester,MTR0009,Semi-Detached,02/01/2024 16:04:48,0.6,0.49,FALSE,0,,FALSE,,
REC002770,CUST009,Harry Bell,elliot31@yahoo.co.uk,Manchester,MTR0009,Semi-Detached,02/01/2024 16:33:36,0.71,0.69,FALSE,0,,FALSE,,
REC002771,CUST009,Harry Bell,elliot31@yahoo.co.uk,Manchester,MTR0009,Semi-Detached,02/01/2024 17:02:24,1.06,1.17,FALSE,0,,FALSE,,
REC002772,CUST009,Harry Bell,elliot31@yahoo.co.uk,Manchester,MTR0009,Semi-Detached,02/01/2024 17:31:12,0.63,0.65,FALSE,0,,FALSE,,
REC002773,CUST009,Harry Bell,elliot31@yahoo.co.uk,Manchester,MTR0009,Semi-Detached,02/01/2024 18:00:00,1.24,1.16,FALSE,0,,FALSE,,
REC002774,CUST009,Harry Bell,elliot31@yahoo.co.uk,Manchester,MTR0009,Semi-Detached,02/01/2024 18:28:48,1.05,1.09,FALSE,0,,FALSE,,
REC002775,CUST009,Harry Bell,elliot31@yahoo.co.uk,Manchester,MTR0009,Semi-Detached,02/01/2024 18:57:36,0.64,0.62,FALSE,0,,FALSE,,
REC002776,CUST009,Harry Bell,elliot31@yahoo.co.uk,Manchester,MTR0009,Semi-Detached,02/01/2024 19:26:24,0.54,0.58,FALSE,0,,FALSE,,
REC002777,CUST009,Harry Bell,elliot31@yahoo.co.uk,Manchester,MTR0009,Semi-Detached,02/01/2024 19:55:12,0.93,1,FALSE,0,,FALSE,,
REC002778,CUST009,Harry Bell,elliot31@yahoo.co.uk,Manchester,MTR0009,Semi-Detached,02/01/2024 20:24:00,0.72,1,FALSE,0,,FALSE,,
REC002779,CUST009,Harry Bell,elliot31@yahoo.co.uk,Manchester,MTR0009,Semi-Detached,02/01/2024 21:07:12,0.43,0.64,FALSE,0,,FALSE,,
REC002780,CUST009,Harry Bell,elliot31@yahoo.co.uk,Manchester,MTR0009,Semi-Detached,02/01/2024 21:36:00,0.53,0.63,FALSE,0,,FALSE,,
REC002781,CUST009,Harry Bell,elliot31@yahoo.co.uk,Manchester,MTR0009,Semi-Detached,02/01/2024 22:04:48,0.72,0.77,FALSE,0,,FALSE,,
REC002782,CUST009,Harry Bell,elliot31@yahoo.co.uk,Manchester,MTR0009,Semi-Detached,02/01/2024 22:33:36,0.88,0.77,FALSE,0,,FALSE,,
REC002783,CUST009,Harry Bell,elliot31@yahoo.co.uk,Manchester,MTR0009,Semi-Detached,02/01/2024 23:02:24,0.81,0.9,FALSE,0,,FALSE,,
REC002784,CUST009,Harry Bell,elliot31@yahoo.co.uk,Manchester,MTR0009,Semi-Detached,02/01/2024 23:31:12,1.04,1.14,FALSE,0,,FALSE,,
REC002785,CUST009,Harry Bell,elliot31@yahoo.co.uk,Manchester,MTR0009,Semi-Detached,03/01/2024 00:00:00,1.14,0.95,FALSE,0,,FALSE,,
REC002786,CUST009,Harry Bell,elliot31@yahoo.co.uk,Manchester,MTR0009,Semi-Detached,03/01/2024 00:28:48,0.43,0.33,FALSE,0,,FALSE,,
REC002787,CUST009,Harry Bell,elliot31@yahoo.co.uk,Manchester,MTR0009,Semi-Detached,03/01/2024 00:57:36,1.16,0.86,FALSE,0,,FALSE,,
REC002788,CUST009,Harry Bell,elliot31@yahoo.co.uk,Manchester,MTR0009,Semi-Detached,03/01/2024 01:26:24,0.68,0.62,FALSE,0,,FALSE,,
REC002789,CUST009,Harry Bell,elliot31@yahoo.co.uk,Manchester,MTR0009,Semi-Detached,03/01/2024 01:55:12,0.28,0.37,FALSE,0,,FALSE,,
REC002790,CUST009,Harry Bell,elliot31@yahoo.co.uk,Manchester,MTR0009,Semi-Detached,03/01/2024 02:24:00,0.11,0.35,FALSE,0,,FALSE,,
REC002791,CUST009,Harry Bell,elliot31@yahoo.co.uk,Manchester,MTR0009,Semi-Detached,03/01/2024 03:07:12,0.36,0.33,FALSE,0,,FALSE,,
REC002792,CUST009,Harry Bell,elliot31@yahoo.co.uk,Manchester,MTR0009,Semi-Detached,03/01/2024 03:36:00,0.94,0.76,FALSE,0,,FALSE,,
REC002793,CUST009,Harry Bell,elliot31@yahoo.co.uk,Manchester,MTR0009,Semi-Detached,03/01/2024 04:04:48,0.45,0.52,FALSE,0,,FALSE,,
REC002794,CUST009,Harry Bell,elliot31@yahoo.co.uk,Manchester,MTR0009,Semi-Detached,03/01/2024 04:33:36,0.52,0.47,FALSE,0,,FALSE,,
REC002795,CUST009,Harry Bell,elliot31@yahoo.co.uk,Manchester,MTR0009,Semi-Detached,03/01/2024 05:02:24,0.61,0.71,FALSE,0,,FALSE,,
REC002796,CUST009,Harry Bell,elliot31@yahoo.co.uk,Manchester,MTR0009,Semi-Detached,03/01/2024 05:31:12,0.8,0.88,FALSE,0,,FALSE,,
REC002797,CUST009,Harry Bell,elliot31@yahoo.co.uk,Manchester,MTR0009,Semi-Detached,03/01/2024 06:00:00,0.86,0.89,FALSE,0,,FALSE,,
REC002798,CUST009,Harry Bell,elliot31@yahoo.co.uk,Manchester,MTR0009,Semi-Detached,03/01/2024 06:28:48,0.49,0.37,FALSE,0,,FALSE,,
REC002799,CUST009,Harry Bell,elliot31@yahoo.co.uk,Manchester,MTR0009,Semi-Detached,03/01/2024 06:57:36,0.56,0.55,FALSE,0,,FALSE,,
REC002800,CUST009,Harry Bell,elliot31@yahoo.co.uk,Manchester,MTR0009,Semi-Detached,03/01/2024 07:26:24,0.97,0.94,FALSE,0,,FALSE,,
REC002801,CUST009,Harry Bell,elliot31@yahoo.co.uk,Manchester,MTR0009,Semi-Detached,03/01/2024 07:55:12,0.25,0.31,FALSE,0,,FALSE,,
REC002802,CUST009,Harry Bell,elliot31@yahoo.co.uk,Manchester,MTR0009,Semi-Detached,03/01/2024 08:24:00,0.81,0.81,FALSE,0,,FALSE,,
REC002803,CUST009,Harry Bell,elliot31@yahoo.co.uk,Manchester,MTR0009,Semi-Detached,03/01/2024 09:07:12,1.13,1.13,FALSE,0,,FALSE,,
REC002804,CUST009,Harry Bell,elliot31@yahoo.co.uk,Manchester,MTR0009,Semi-Detached,03/01/2024 09:36:00,0.76,0.71,FALSE,0,,FALSE,,
REC002805,CUST009,Harry Bell,elliot31@yahoo.co.uk,Manchester,MTR0009,Semi-Detached,03/01/2024 10:04:48,1.1,1.15,FALSE,0,,FALSE,,
REC002806,CUST009,Harry Bell,elliot31@yahoo.co.uk,Manchester,MTR0009,Semi-Detached,03/01/2024 10:33:36,0.74,0.72,FALSE,0,,FALSE,,
REC002807,CUST009,Harry Bell,elliot31@yahoo.co.uk,Manchester,MTR0009,Semi-Detached,03/01/2024 11:02:24,0.27,0.52,FALSE,0,,FALSE,,
REC002808,CUST009,Harry Bell,elliot31@yahoo.co.uk,Manchester,MTR0009,Semi-Detached,03/01/2024 11:31:12,0.65,0.82,FALSE,0,,FALSE,,
REC002809,CUST009,Harry Bell,elliot31@yahoo.co.uk,Manchester,MTR0009,Semi-Detached,03/01/2024 12:00:00,0.62,0.62,FALSE,0,,FALSE,,
REC002810,CUST009,Harry Bell,elliot31@yahoo.co.uk,Manchester,MTR0009,Semi-Detached,03/01/2024 12:28:48,0.92,1.05,FALSE,0,,FALSE,,
REC002811,CUST009,Harry Bell,elliot31@yahoo.co.uk,Manchester,MTR0009,Semi-Detached,03/01/2024 12:57:36,0.95,0.9,FALSE,0,,FALSE,,
REC002812,CUST009,Harry Bell,elliot31@yahoo.co.uk,Manchester,MTR0009,Semi-Detached,03/01/2024 13:26:24,1.1,1.12,FALSE,0,,FALSE,,
REC002813,CUST009,Harry Bell,elliot31@yahoo.co.uk,Manchester,MTR0009,Semi-Detached,03/01/2024 13:55:12,0.51,0.49,FALSE,0,,FALSE,,
REC002814,CUST009,Harry Bell,elliot31@yahoo.co.uk,Manchester,MTR0009,Semi-Detached,03/01/2024 14:24:00,0.87,0.78,FALSE,0,,FALSE,,
REC002815,CUST009,Harry Bell,elliot31@yahoo.co.uk,Manchester,MTR0009,Semi-Detached,03/01/2024 15:07:12,0.3,0.33,FALSE,0,,FALSE,,
REC002816,CUST009,Harry Bell,elliot31@yahoo.co.uk,Manchester,MTR0009,Semi-Detached,03/01/2024 15:36:00,0.71,0.87,FALSE,0,,FALSE,,
REC002817,CUST009,Harry Bell,elliot31@yahoo.co.uk,Manchester,MTR0009,Semi-Detached,03/01/2024 16:04:48,0.71,0.8,FALSE,0,,FALSE,,
REC002818,CUST009,Harry Bell,elliot31@yahoo.co.uk,Manchester,MTR0009,Semi-Detached,03/01/2024 16:33:36,0.91,0.81,FALSE,0,,FALSE,,
REC002819,CUST009,Harry Bell,elliot31@yahoo.co.uk,Manchester,MTR0009,Semi-Detached,03/01/2024 17:02:24,0.53,0.38,FALSE,0,,FALSE,,
REC002820,CUST009,Harry Bell,elliot31@yahoo.co.uk,Manchester,MTR0009,Semi-Detached,03/01/2024 17:31:12,0.87,0.92,FALSE,0,,FALSE,,
REC002821,CUST009,Harry Bell,elliot31@yahoo.co.uk,Manchester,MTR0009,Semi-Detached,03/01/2024 18:00:00,1.19,1.19,FALSE,0,,FALSE,,
REC002822,CUST009,Harry Bell,elliot31@yahoo.co.uk,Manchester,MTR0009,Semi-Detached,03/01/2024 18:28:48,0.42,0.6,FALSE,0,,FALSE,,
REC002823,CUST009,Harry Bell,elliot31@yahoo.co.uk,Manchester,MTR0009,Semi-Detached,03/01/2024 18:57:36,0.74,0.7,FALSE,0,,FALSE,,
REC002824,CUST009,Harry Bell,elliot31@yahoo.co.uk,Manchester,MTR0009,Semi-Detached,03/01/2024 19:26:24,1.17,1.09,FALSE,0,,FALSE,,
REC002825,CUST009,Harry Bell,elliot31@yahoo.co.uk,Manchester,MTR0009,Semi-Detached,03/01/2024 19:55:12,0.45,0.48,FALSE,0,,FALSE,,
REC002826,CUST009,Harry Bell,elliot31@yahoo.co.uk,Manchester,MTR0009,Semi-Detached,03/01/2024 20:24:00,0.65,0.58,FALSE,0,,FALSE,,
REC002827,CUST009,Harry Bell,elliot31@yahoo.co.uk,Manchester,MTR0009,Semi-Detached,03/01/2024 21:07:12,0.85,0.76,FALSE,0,,FALSE,,
REC002828,CUST009,Harry Bell,elliot31@yahoo.co.uk,Manchester,MTR0009,Semi-Detached,03/01/2024 21:36:00,0.62,0.66,FALSE,0,,FALSE,,
REC002829,CUST009,Harry Bell,elliot31@yahoo.co.uk,Manchester,MTR0009,Semi-Detached,03/01/2024 22:04:48,0.29,0.48,FALSE,0,,FALSE,,
REC002830,CUST009,Harry Bell,elliot31@yahoo.co.uk,Manchester,MTR0009,Semi-Detached,03/01/2024 22:33:36,1,1.12,FALSE,0,,FALSE,,
REC002831,CUST009,Harry Bell,elliot31@yahoo.co.uk,Manchester,MTR0009,Semi-Detached,03/01/2024 23:02:24,1.02,0.99,FALSE,0,,FALSE,,
REC002832,CUST009,Harry Bell,elliot31@yahoo.co.uk,Manchester,MTR0009,Semi-Detached,03/01/2024 23:31:12,0.72,0.72,FALSE,0,,FALSE,,
REC002833,CUST009,Harry Bell,elliot31@yahoo.co.uk,Manchester,MTR0009,Semi-Detached,04/01/2024 00:00:00,0.31,0.35,FALSE,0,,FALSE,,
REC002834,CUST009,Harry Bell,elliot31@yahoo.co.uk,Manchester,MTR0009,Semi-Detached,04/01/2024 00:28:48,0.28,0.44,FALSE,0,,FALSE,,
REC002835,CUST009,Harry Bell,elliot31@yahoo.co.uk,Manchester,MTR0009,Semi-Detached,04/01/2024 00:57:36,1.07,1.15,FALSE,0,,FALSE,,
REC002836,CUST009,Harry Bell,elliot31@yahoo.co.uk,Manchester,MTR0009,Semi-Detached,04/01/2024 01:26:24,0.92,0.83,FALSE,0,,FALSE,,
REC002837,CUST009,Harry Bell,elliot31@yahoo.co.uk,Manchester,MTR0009,Semi-Detached,04/01/2024 01:55:12,1.1,0.95,FALSE,0,,FALSE,,
REC002838,CUST009,Harry Bell,elliot31@yahoo.co.uk,Manchester,MTR0009,Semi-Detached,04/01/2024 02:24:00,0.82,0.81,FALSE,0,,FALSE,,
REC002839,CUST009,Harry Bell,elliot31@yahoo.co.uk,Manchester,MTR0009,Semi-Detached,04/01/2024 03:07:12,0.63,0.8,FALSE,0,,FALSE,,
REC002840,CUST009,Harry Bell,elliot31@yahoo.co.uk,Manchester,MTR0009,Semi-Detached,04/01/2024 03:36:00,0.34,0.32,FALSE,0,,FALSE,,
REC002841,CUST009,Harry Bell,elliot31@yahoo.co.uk,Manchester,MTR0009,Semi-Detached,04/01/2024 04:04:48,0.96,0.95,FALSE,0,,FALSE,,
REC002842,CUST009,Harry Bell,elliot31@yahoo.co.uk,Manchester,MTR0009,Semi-Detached,04/01/2024 04:33:36,0.75,0.79,FALSE,0,,FALSE,,
REC002843,CUST009,Harry Bell,elliot31@yahoo.co.uk,Manchester,MTR0009,Semi-Detached,04/01/2024 05:02:24,1.1,1.17,FALSE,0,,FALSE,,
REC002844,CUST009,Harry Bell,elliot31@yahoo.co.uk,Manchester,MTR0009,Semi-Detached,04/01/2024 05:31:12,0.8,0.8,FALSE,0,,FALSE,,
REC002845,CUST009,Harry Bell,elliot31@yahoo.co.uk,Manchester,MTR0009,Semi-Detached,04/01/2024 06:00:00,1.12,1.06,FALSE,0,,FALSE,,
REC002846,CUST009,Harry Bell,elliot31@yahoo.co.uk,Manchester,MTR0009,Semi-Detached,04/01/2024 06:28:48,0.44,0.47,FALSE,0,,FALSE,,
REC002847,CUST009,Harry Bell,elliot31@yahoo.co.uk,Manchester,MTR0009,Semi-Detached,04/01/2024 06:57:36,0.8,0.85,FALSE,0,,FALSE,,
REC002848,CUST009,Harry Bell,elliot31@yahoo.co.uk,Manchester,MTR0009,Semi-Detached,04/01/2024 07:26:24,0.6,0.61,FALSE,0,,FALSE,,
REC002849,CUST009,Harry Bell,elliot31@yahoo.co.uk,Manchester,MTR0009,Semi-Detached,04/01/2024 07:55:12,0.57,0.54,FALSE,0,,FALSE,,
REC002850,CUST009,Harry Bell,elliot31@yahoo.co.uk,Manchester,MTR0009,Semi-Detached,04/01/2024 08:24:00,0.55,0.54,FALSE,0,,FALSE,,
REC002851,CUST009,Harry Bell,elliot31@yahoo.co.uk,Manchester,MTR0009,Semi-Detached,04/01/2024 09:07:12,1.04,1.03,FALSE,0,,FALSE,,
REC002852,CUST009,Harry Bell,elliot31@yahoo.co.uk,Manchester,MTR0009,Semi-Detached,04/01/2024 09:36:00,0.29,0.36,FALSE,0,,FALSE,,
REC002853,CUST009,Harry Bell,elliot31@yahoo.co.uk,Manchester,MTR0009,Semi-Detached,04/01/2024 10:04:48,1.21,1.14,FALSE,0,,FALSE,,
REC002854,CUST009,Harry Bell,elliot31@yahoo.co.uk,Manchester,MTR0009,Semi-Detached,04/01/2024 10:33:36,1.16,1.04,FALSE,0,,FALSE,,
REC002855,CUST009,Harry Bell,elliot31@yahoo.co.uk,Manchester,MTR0009,Semi-Detached,04/01/2024 11:02:24,0.88,0.88,FALSE,0,,FALSE,,
REC002856,CUST009,Harry Bell,elliot31@yahoo.co.uk,Manchester,MTR0009,Semi-Detached,04/01/2024 11:31:12,0.49,0.41,FALSE,0,,FALSE,,
REC002857,CUST009,Harry Bell,elliot31@yahoo.co.uk,Manchester,MTR0009,Semi-Detached,04/01/2024 12:00:00,0.8,0.78,FALSE,0,,FALSE,,
REC002858,CUST009,Harry Bell,elliot31@yahoo.co.uk,Manchester,MTR0009,Semi-Detached,04/01/2024 12:28:48,0.63,0.73,FALSE,0,,FALSE,,
REC002859,CUST009,Harry Bell,elliot31@yahoo.co.uk,Manchester,MTR0009,Semi-Detached,04/01/2024 12:57:36,0.92,0.86,FALSE,0,,FALSE,,
REC002860,CUST009,Harry Bell,elliot31@yahoo.co.uk,Manchester,MTR0009,Semi-Detached,04/01/2024 13:26:24,0.65,0.65,FALSE,0,,FALSE,,
REC002861,CUST009,Harry Bell,elliot31@yahoo.co.uk,Manchester,MTR0009,Semi-Detached,04/01/2024 13:55:12,0.75,0.68,FALSE,0,,FALSE,,
REC002862,CUST009,Harry Bell,elliot31@yahoo.co.uk,Manchester,MTR0009,Semi-Detached,04/01/2024 14:24:00,0.72,0.57,FALSE,0,,FALSE,,
REC002863,CUST009,Harry Bell,elliot31@yahoo.co.uk,Manchester,MTR0009,Semi-Detached,04/01/2024 15:07:12,0.64,0.67,FALSE,0,,FALSE,,
REC002864,CUST009,Harry Bell,elliot31@yahoo.co.uk,Manchester,MTR0009,Semi-Detached,04/01/2024 15:36:00,0.23,0.32,FALSE,0,,FALSE,,
REC002865,CUST009,Harry Bell,elliot31@yahoo.co.uk,Manchester,MTR0009,Semi-Detached,04/01/2024 16:04:48,0.43,0.5,FALSE,0,,FALSE,,
REC002866,CUST009,Harry Bell,elliot31@yahoo.co.uk,Manchester,MTR0009,Semi-Detached,04/01/2024 16:33:36,0.43,0.37,FALSE,0,,FALSE,,
REC002867,CUST009,Harry Bell,elliot31@yahoo.co.uk,Manchester,MTR0009,Semi-Detached,04/01/2024 17:02:24,0.79,0.73,FALSE,0,,FALSE,,
REC002868,CUST009,Harry Bell,elliot31@yahoo.co.uk,Manchester,MTR0009,Semi-Detached,04/01/2024 17:31:12,1.19,1.12,FALSE,0,,FALSE,,
REC002869,CUST009,Harry Bell,elliot31@yahoo.co.uk,Manchester,MTR0009,Semi-Detached,04/01/2024 18:00:00,1.04,1.07,FALSE,0,,FALSE,,
REC002870,CUST009,Harry Bell,elliot31@yahoo.co.uk,Manchester,MTR0009,Semi-Detached,04/01/2024 18:28:48,1.01,1,FALSE,0,,FALSE,,
REC002871,CUST009,Harry Bell,elliot31@yahoo.co.uk,Manchester,MTR0009,Semi-Detached,04/01/2024 18:57:36,1.06,1.06,FALSE,0,,FALSE,,
REC002872,CUST009,Harry Bell,elliot31@yahoo.co.uk,Manchester,MTR0009,Semi-Detached,04/01/2024 19:26:24,0.65,0.51,FALSE,0,,FALSE,,
REC002873,CUST009,Harry Bell,elliot31@yahoo.co.uk,Manchester,MTR0009,Semi-Detached,04/01/2024 19:55:12,1.02,1.06,FALSE,0,,FALSE,,
REC002874,CUST009,Harry Bell,elliot31@yahoo.co.uk,Manchester,MTR0009,Semi-Detached,04/01/2024 20:24:00,0.43,0.49,FALSE,0,,FALSE,,
REC002875,CUST009,Harry Bell,elliot31@yahoo.co.uk,Manchester,MTR0009,Semi-Detached,04/01/2024 21:07:12,0.97,1.01,FALSE,0,,FALSE,,
REC002876,CUST009,Harry Bell,elliot31@yahoo.co.uk,Manchester,MTR0009,Semi-Detached,04/01/2024 21:36:00,1.17,1.06,FALSE,0,,FALSE,,
REC002877,CUST009,Harry Bell,elliot31@yahoo.co.uk,Manchester,MTR0009,Semi-Detached,04/01/2024 22:04:48,0.88,0.8,FALSE,0,,FALSE,,
REC002878,CUST009,Harry Bell,elliot31@yahoo.co.uk,Manchester,MTR0009,Semi-Detached,04/01/2024 22:33:36,0.98,1.1,FALSE,0,,FALSE,,
REC002879,CUST009,Harry Bell,elliot31@yahoo.co.uk,Manchester,MTR0009,Semi-Detached,04/01/2024 23:02:24,0.59,0.71,FALSE,0,,FALSE,,
REC002880,CUST009,Harry Bell,elliot31@yahoo.co.uk,Manchester,MTR0009,Semi-Detached,04/01/2024 23:31:12,1.06,1.02,FALSE,0,,FALSE,,
REC002881,CUST009,Harry Bell,elliot31@yahoo.co.uk,Manchester,MTR0009,Semi-Detached,05/01/2024 00:00:00,1.17,1.17,FALSE,0,,FALSE,,
REC002882,CUST009,Harry Bell,elliot31@yahoo.co.uk,Manchester,MTR0009,Semi-Detached,05/01/2024 00:28:48,0.2,0.38,FALSE,0,,FALSE,,
REC002883,CUST009,Harry Bell,elliot31@yahoo.co.uk,Manchester,MTR0009,Semi-Detached,05/01/2024 00:57:36,0.68,0.8,FALSE,0,,FALSE,,
REC002884,CUST009,Harry Bell,elliot31@yahoo.co.uk,Manchester,MTR0009,Semi-Detached,05/01/2024 01:26:24,0.7,0.7,FALSE,0,,FALSE,,
REC002885,CUST009,Harry Bell,elliot31@yahoo.co.uk,Manchester,MTR0009,Semi-Detached,05/01/2024 01:55:12,0.86,0.6,TRUE,43.33,Heater malfunction,TRUE,1/5/2024 02:01,FALSE
REC002886,CUST009,Harry Bell,elliot31@yahoo.co.uk,Manchester,MTR0009,Semi-Detached,05/01/2024 02:24:00,0.38,0.31,FALSE,0,,FALSE,,
REC002887,CUST009,Harry Bell,elliot31@yahoo.co.uk,Manchester,MTR0009,Semi-Detached,05/01/2024 03:07:12,0.89,0.98,FALSE,0,,FALSE,,
REC002888,CUST009,Harry Bell,elliot31@yahoo.co.uk,Manchester,MTR0009,Semi-Detached,05/01/2024 03:36:00,0.49,0.35,TRUE,40,Schedule change,TRUE,1/5/2024 03:56,TRUE
REC002889,CUST009,Harry Bell,elliot31@yahoo.co.uk,Manchester,MTR0009,Semi-Detached,05/01/2024 04:04:48,0.88,0.98,FALSE,0,,FALSE,,
REC002890,CUST009,Harry Bell,elliot31@yahoo.co.uk,Manchester,MTR0009,Semi-Detached,05/01/2024 04:33:36,0.76,0.82,FALSE,0,,FALSE,,
REC002891,CUST009,Harry Bell,elliot31@yahoo.co.uk,Manchester,MTR0009,Semi-Detached,05/01/2024 05:02:24,0.58,0.44,FALSE,0,,FALSE,,
REC002892,CUST009,Harry Bell,elliot31@yahoo.co.uk,Manchester,MTR0009,Semi-Detached,05/01/2024 05:31:12,0.7,0.8,FALSE,0,,FALSE,,
REC002893,CUST009,Harry Bell,elliot31@yahoo.co.uk,Manchester,MTR0009,Semi-Detached,05/01/2024 06:00:00,0.81,0.65,FALSE,0,,FALSE,,
REC002894,CUST009,Harry Bell,elliot31@yahoo.co.uk,Manchester,MTR0009,Semi-Detached,05/01/2024 06:28:48,0.11,0.31,FALSE,0,,FALSE,,
REC002895,CUST009,Harry Bell,elliot31@yahoo.co.uk,Manchester,MTR0009,Semi-Detached,05/01/2024 06:57:36,0.42,0.37,FALSE,0,,FALSE,,
REC002896,CUST009,Harry Bell,elliot31@yahoo.co.uk,Manchester,MTR0009,Semi-Detached,05/01/2024 07:26:24,0.56,0.54,FALSE,0,,FALSE,,
REC002897,CUST009,Harry Bell,elliot31@yahoo.co.uk,Manchester,MTR0009,Semi-Detached,05/01/2024 07:55:12,0.73,0.63,FALSE,0,,FALSE,,
REC002898,CUST009,Harry Bell,elliot31@yahoo.co.uk,Manchester,MTR0009,Semi-Detached,05/01/2024 08:24:00,1.17,1.15,FALSE,0,,FALSE,,
REC002899,CUST009,Harry Bell,elliot31@yahoo.co.uk,Manchester,MTR0009,Semi-Detached,05/01/2024 09:07:12,1,0.97,FALSE,0,,FALSE,,
REC002900,CUST009,Harry Bell,elliot31@yahoo.co.uk,Manchester,MTR0009,Semi-Detached,05/01/2024 09:36:00,0.61,0.67,FALSE,0,,FALSE,,
REC002901,CUST009,Harry Bell,elliot31@yahoo.co.uk,Manchester,MTR0009,Semi-Detached,05/01/2024 10:04:48,0.7,0.72,FALSE,0,,FALSE,,
REC002902,CUST009,Harry Bell,elliot31@yahoo.co.uk,Manchester,MTR0009,Semi-Detached,05/01/2024 10:33:36,0.71,0.57,FALSE,0,,FALSE,,
REC002903,CUST009,Harry Bell,elliot31@yahoo.co.uk,Manchester,MTR0009,Semi-Detached,05/01/2024 11:02:24,0.69,0.65,FALSE,0,,FALSE,,
REC002904,CUST009,Harry Bell,elliot31@yahoo.co.uk,Manchester,MTR0009,Semi-Detached,05/01/2024 11:31:12,0.61,0.55,FALSE,0,,FALSE,,
REC002905,CUST009,Harry Bell,elliot31@yahoo.co.uk,Manchester,MTR0009,Semi-Detached,05/01/2024 12:00:00,0.44,0.41,FALSE,0,,FALSE,,
REC002906,CUST009,Harry Bell,elliot31@yahoo.co.uk,Manchester,MTR0009,Semi-Detached,05/01/2024 12:28:48,0.8,0.82,FALSE,0,,FALSE,,
REC002907,CUST009,Harry Bell,elliot31@yahoo.co.uk,Manchester,MTR0009,Semi-Detached,05/01/2024 12:57:36,0.61,0.78,FALSE,0,,FALSE,,
REC002908,CUST009,Harry Bell,elliot31@yahoo.co.uk,Manchester,MTR0009,Semi-Detached,05/01/2024 13:26:24,1.15,1.03,FALSE,0,,FALSE,,
REC002909,CUST009,Harry Bell,elliot31@yahoo.co.uk,Manchester,MTR0009,Semi-Detached,05/01/2024 13:55:12,0.84,0.77,FALSE,0,,FALSE,,
REC002910,CUST009,Harry Bell,elliot31@yahoo.co.uk,Manchester,MTR0009,Semi-Detached,05/01/2024 14:24:00,0.59,0.58,FALSE,0,,FALSE,,
REC002911,CUST009,Harry Bell,elliot31@yahoo.co.uk,Manchester,MTR0009,Semi-Detached,05/01/2024 15:07:12,1,1.08,FALSE,0,,FALSE,,
REC002912,CUST009,Harry Bell,elliot31@yahoo.co.uk,Manchester,MTR0009,Semi-Detached,05/01/2024 15:36:00,0.41,0.33,FALSE,0,,FALSE,,
REC002913,CUST009,Harry Bell,elliot31@yahoo.co.uk,Manchester,MTR0009,Semi-Detached,05/01/2024 16:04:48,0.31,0.39,FALSE,0,,FALSE,,
REC002914,CUST009,Harry Bell,elliot31@yahoo.co.uk,Manchester,MTR0009,Semi-Detached,05/01/2024 16:33:36,0.69,0.63,FALSE,0,,FALSE,,
REC002915,CUST009,Harry Bell,elliot31@yahoo.co.uk,Manchester,MTR0009,Semi-Detached,05/01/2024 17:02:24,0.69,0.75,FALSE,0,,FALSE,,
REC002916,CUST009,Harry Bell,elliot31@yahoo.co.uk,Manchester,MTR0009,Semi-Detached,05/01/2024 17:31:12,0.7,0.67,FALSE,0,,FALSE,,
REC002917,CUST009,Harry Bell,elliot31@yahoo.co.uk,Manchester,MTR0009,Semi-Detached,05/01/2024 18:00:00,0.87,0.74,FALSE,0,,FALSE,,
REC002918,CUST009,Harry Bell,elliot31@yahoo.co.uk,Manchester,MTR0009,Semi-Detached,05/01/2024 18:28:48,0.47,0.45,FALSE,0,,FALSE,,
REC002919,CUST009,Harry Bell,elliot31@yahoo.co.uk,Manchester,MTR0009,Semi-Detached,05/01/2024 18:57:36,1.08,1.03,FALSE,0,,FALSE,,
REC002920,CUST009,Harry Bell,elliot31@yahoo.co.uk,Manchester,MTR0009,Semi-Detached,05/01/2024 19:26:24,1.11,0.93,FALSE,0,,FALSE,,
REC002921,CUST009,Harry Bell,elliot31@yahoo.co.uk,Manchester,MTR0009,Semi-Detached,05/01/2024 19:55:12,0.71,0.67,FALSE,0,,FALSE,,
REC002922,CUST009,Harry Bell,elliot31@yahoo.co.uk,Manchester,MTR0009,Semi-Detached,05/01/2024 20:24:00,0.68,0.77,FALSE,0,,FALSE,,
REC002923,CUST009,Harry Bell,elliot31@yahoo.co.uk,Manchester,MTR0009,Semi-Detached,05/01/2024 21:07:12,0.95,0.88,FALSE,0,,FALSE,,
REC002924,CUST009,Harry Bell,elliot31@yahoo.co.uk,Manchester,MTR0009,Semi-Detached,05/01/2024 21:36:00,0.8,0.83,FALSE,0,,FALSE,,
REC002925,CUST009,Harry Bell,elliot31@yahoo.co.uk,Manchester,MTR0009,Semi-Detached,05/01/2024 22:04:48,0.54,0.38,TRUE,42.11,Guest visit,TRUE,1/5/2024 22:24,FALSE
REC002926,CUST009,Harry Bell,elliot31@yahoo.co.uk,Manchester,MTR0009,Semi-Detached,05/01/2024 22:33:36,0.98,1.01,FALSE,0,,FALSE,,
REC002927,CUST009,Harry Bell,elliot31@yahoo.co.uk,Manchester,MTR0009,Semi-Detached,05/01/2024 23:02:24,0.72,0.75,FALSE,0,,FALSE,,
REC002928,CUST009,Harry Bell,elliot31@yahoo.co.uk,Manchester,MTR0009,Semi-Detached,05/01/2024 23:31:12,0.72,0.67,FALSE,0,,FALSE,,
REC002929,CUST009,Harry Bell,elliot31@yahoo.co.uk,Manchester,MTR0009,Semi-Detached,06/01/2024 00:00:00,1.14,1.11,FALSE,0,,FALSE,,
REC002930,CUST009,Harry Bell,elliot31@yahoo.co.uk,Manchester,MTR0009,Semi-Detached,06/01/2024 00:28:48,1.14,1.07,FALSE,0,,FALSE,,
REC002931,CUST009,Harry Bell,elliot31@yahoo.co.uk,Manchester,MTR0009,Semi-Detached,06/01/2024 00:57:36,0.34,0.38,FALSE,0,,FALSE,,
REC002932,CUST009,Harry Bell,elliot31@yahoo.co.uk,Manchester,MTR0009,Semi-Detached,06/01/2024 01:26:24,0.54,0.46,FALSE,0,,FALSE,,
REC002933,CUST009,Harry Bell,elliot31@yahoo.co.uk,Manchester,MTR0009,Semi-Detached,06/01/2024 01:55:12,0.37,0.52,FALSE,0,,FALSE,,
REC002934,CUST009,Harry Bell,elliot31@yahoo.co.uk,Manchester,MTR0009,Semi-Detached,06/01/2024 02:24:00,0.54,0.59,FALSE,0,,FALSE,,
REC002935,CUST009,Harry Bell,elliot31@yahoo.co.uk,Manchester,MTR0009,Semi-Detached,06/01/2024 03:07:12,0.48,0.42,FALSE,0,,FALSE,,
REC002936,CUST009,Harry Bell,elliot31@yahoo.co.uk,Manchester,MTR0009,Semi-Detached,06/01/2024 03:36:00,0.53,0.7,FALSE,0,,FALSE,,
REC002937,CUST009,Harry Bell,elliot31@yahoo.co.uk,Manchester,MTR0009,Semi-Detached,06/01/2024 04:04:48,0.66,0.61,FALSE,0,,FALSE,,
REC002938,CUST009,Harry Bell,elliot31@yahoo.co.uk,Manchester,MTR0009,Semi-Detached,06/01/2024 04:33:36,1.01,0.98,FALSE,0,,FALSE,,
REC002939,CUST009,Harry Bell,elliot31@yahoo.co.uk,Manchester,MTR0009,Semi-Detached,06/01/2024 05:02:24,0.53,0.6,FALSE,0,,FALSE,,
REC002940,CUST009,Harry Bell,elliot31@yahoo.co.uk,Manchester,MTR0009,Semi-Detached,06/01/2024 05:31:12,0.47,0.42,FALSE,0,,FALSE,,
REC002941,CUST009,Harry Bell,elliot31@yahoo.co.uk,Manchester,MTR0009,Semi-Detached,06/01/2024 06:00:00,0.55,0.61,FALSE,0,,FALSE,,
REC002942,CUST009,Harry Bell,elliot31@yahoo.co.uk,Manchester,MTR0009,Semi-Detached,06/01/2024 06:28:48,0.43,0.36,FALSE,0,,FALSE,,
REC002943,CUST009,Harry Bell,elliot31@yahoo.co.uk,Manchester,MTR0009,Semi-Detached,06/01/2024 06:57:36,0.46,0.42,FALSE,0,,FALSE,,
REC002944,CUST009,Harry Bell,elliot31@yahoo.co.uk,Manchester,MTR0009,Semi-Detached,06/01/2024 07:26:24,0.63,0.53,FALSE,0,,FALSE,,
REC002945,CUST009,Harry Bell,elliot31@yahoo.co.uk,Manchester,MTR0009,Semi-Detached,06/01/2024 07:55:12,1.01,0.8,FALSE,0,,FALSE,,
REC002946,CUST009,Harry Bell,elliot31@yahoo.co.uk,Manchester,MTR0009,Semi-Detached,06/01/2024 08:24:00,0.55,0.51,FALSE,0,,FALSE,,
REC002947,CUST009,Harry Bell,elliot31@yahoo.co.uk,Manchester,MTR0009,Semi-Detached,06/01/2024 09:07:12,1.19,1.08,FALSE,0,,FALSE,,
REC002948,CUST009,Harry Bell,elliot31@yahoo.co.uk,Manchester,MTR0009,Semi-Detached,06/01/2024 09:36:00,0.2,0.31,FALSE,0,,FALSE,,
REC002949,CUST009,Harry Bell,elliot31@yahoo.co.uk,Manchester,MTR0009,Semi-Detached,06/01/2024 10:04:48,0.7,0.64,FALSE,0,,FALSE,,
REC002950,CUST009,Harry Bell,elliot31@yahoo.co.uk,Manchester,MTR0009,Semi-Detached,06/01/2024 10:33:36,0.16,0.37,FALSE,0,,FALSE,,
REC002951,CUST009,Harry Bell,elliot31@yahoo.co.uk,Manchester,MTR0009,Semi-Detached,06/01/2024 11:02:24,1.08,1.01,FALSE,0,,FALSE,,
REC002952,CUST009,Harry Bell,elliot31@yahoo.co.uk,Manchester,MTR0009,Semi-Detached,06/01/2024 11:31:12,0.91,1.02,FALSE,0,,FALSE,,
REC002953,CUST009,Harry Bell,elliot31@yahoo.co.uk,Manchester,MTR0009,Semi-Detached,06/01/2024 12:00:00,0.89,0.81,FALSE,0,,FALSE,,
REC002954,CUST009,Harry Bell,elliot31@yahoo.co.uk,Manchester,MTR0009,Semi-Detached,06/01/2024 12:28:48,0.74,0.62,FALSE,0,,FALSE,,
REC002955,CUST009,Harry Bell,elliot31@yahoo.co.uk,Manchester,MTR0009,Semi-Detached,06/01/2024 12:57:36,1.09,1.03,FALSE,0,,FALSE,,
REC002956,CUST009,Harry Bell,elliot31@yahoo.co.uk,Manchester,MTR0009,Semi-Detached,06/01/2024 13:26:24,0.8,0.97,FALSE,0,,FALSE,,
REC002957,CUST009,Harry Bell,elliot31@yahoo.co.uk,Manchester,MTR0009,Semi-Detached,06/01/2024 13:55:12,0.6,0.64,FALSE,0,,FALSE,,
REC002958,CUST009,Harry Bell,elliot31@yahoo.co.uk,Manchester,MTR0009,Semi-Detached,06/01/2024 14:24:00,0.85,1.04,FALSE,0,,FALSE,,
REC002959,CUST009,Harry Bell,elliot31@yahoo.co.uk,Manchester,MTR0009,Semi-Detached,06/01/2024 15:07:12,1.34,1.14,FALSE,0,,FALSE,,
REC002960,CUST009,Harry Bell,elliot31@yahoo.co.uk,Manchester,MTR0009,Semi-Detached,06/01/2024 15:36:00,1.17,1.11,FALSE,0,,FALSE,,
REC002961,CUST009,Harry Bell,elliot31@yahoo.co.uk,Manchester,MTR0009,Semi-Detached,06/01/2024 16:04:48,0.47,0.39,FALSE,0,,FALSE,,
REC002962,CUST009,Harry Bell,elliot31@yahoo.co.uk,Manchester,MTR0009,Semi-Detached,06/01/2024 16:33:36,0.94,1.04,FALSE,0,,FALSE,,
REC002963,CUST009,Harry Bell,elliot31@yahoo.co.uk,Manchester,MTR0009,Semi-Detached,06/01/2024 17:02:24,0.99,1.07,FALSE,0,,FALSE,,
REC002964,CUST009,Harry Bell,elliot31@yahoo.co.uk,Manchester,MTR0009,Semi-Detached,06/01/2024 17:31:12,0.67,0.69,FALSE,0,,FALSE,,
REC002965,CUST009,Harry Bell,elliot31@yahoo.co.uk,Manchester,MTR0009,Semi-Detached,06/01/2024 18:00:00,0.61,0.51,FALSE,0,,FALSE,,
REC002966,CUST009,Harry Bell,elliot31@yahoo.co.uk,Manchester,MTR0009,Semi-Detached,06/01/2024 18:28:48,0.3,0.37,FALSE,0,,FALSE,,
REC002967,CUST009,Harry Bell,elliot31@yahoo.co.uk,Manchester,MTR0009,Semi-Detached,06/01/2024 18:57:36,1.23,1.04,FALSE,0,,FALSE,,
REC002968,CUST009,Harry Bell,elliot31@yahoo.co.uk,Manchester,MTR0009,Semi-Detached,06/01/2024 19:26:24,0.24,0.38,FALSE,0,,FALSE,,
REC002969,CUST009,Harry Bell,elliot31@yahoo.co.uk,Manchester,MTR0009,Semi-Detached,06/01/2024 19:55:12,0.58,0.6,FALSE,0,,FALSE,,
REC002970,CUST009,Harry Bell,elliot31@yahoo.co.uk,Manchester,MTR0009,Semi-Detached,06/01/2024 20:24:00,0.64,0.5,FALSE,0,,FALSE,,
REC002971,CUST009,Harry Bell,elliot31@yahoo.co.uk,Manchester,MTR0009,Semi-Detached,06/01/2024 21:07:12,1.04,1.14,FALSE,0,,FALSE,,
REC002972,CUST009,Harry Bell,elliot31@yahoo.co.uk,Manchester,MTR0009,Semi-Detached,06/01/2024 21:36:00,0.76,0.81,FALSE,0,,FALSE,,
REC002973,CUST009,Harry Bell,elliot31@yahoo.co.uk,Manchester,MTR0009,Semi-Detached,06/01/2024 22:04:48,1.17,1.15,FALSE,0,,FALSE,,
REC002974,CUST009,Harry Bell,elliot31@yahoo.co.uk,Manchester,MTR0009,Semi-Detached,06/01/2024 22:33:36,0.98,1.08,FALSE,0,,FALSE,,
REC002975,CUST009,Harry Bell,elliot31@yahoo.co.uk,Manchester,MTR0009,Semi-Detached,06/01/2024 23:02:24,0.57,0.73,FALSE,0,,FALSE,,
REC002976,CUST009,Harry Bell,elliot31@yahoo.co.uk,Manchester,MTR0009,Semi-Detached,06/01/2024 23:31:12,0.73,0.8,FALSE,0,,FALSE,,
REC002977,CUST009,Harry Bell,elliot31@yahoo.co.uk,Manchester,MTR0009,Semi-Detached,07/01/2024 00:00:00,0.69,0.57,FALSE,0,,FALSE,,
REC002978,CUST009,Harry Bell,elliot31@yahoo.co.uk,Manchester,MTR0009,Semi-Detached,07/01/2024 00:28:48,0.8,0.82,FALSE,0,,FALSE,,
REC002979,CUST009,Harry Bell,elliot31@yahoo.co.uk,Manchester,MTR0009,Semi-Detached,07/01/2024 00:57:36,1.1,1.2,FALSE,0,,FALSE,,
REC002980,CUST009,Harry Bell,elliot31@yahoo.co.uk,Manchester,MTR0009,Semi-Detached,07/01/2024 01:26:24,0.34,0.44,FALSE,0,,FALSE,,
REC002981,CUST009,Harry Bell,elliot31@yahoo.co.uk,Manchester,MTR0009,Semi-Detached,07/01/2024 01:55:12,0.54,0.45,FALSE,0,,FALSE,,
REC002982,CUST009,Harry Bell,elliot31@yahoo.co.uk,Manchester,MTR0009,Semi-Detached,07/01/2024 02:24:00,1.05,1.12,FALSE,0,,FALSE,,
REC002983,CUST009,Harry Bell,elliot31@yahoo.co.uk,Manchester,MTR0009,Semi-Detached,07/01/2024 03:07:12,1.22,1.18,FALSE,0,,FALSE,,
REC002984,CUST009,Harry Bell,elliot31@yahoo.co.uk,Manchester,MTR0009,Semi-Detached,07/01/2024 03:36:00,0.57,0.6,FALSE,0,,FALSE,,
REC002985,CUST009,Harry Bell,elliot31@yahoo.co.uk,Manchester,MTR0009,Semi-Detached,07/01/2024 04:04:48,0.43,0.4,FALSE,0,,FALSE,,
REC002986,CUST009,Harry Bell,elliot31@yahoo.co.uk,Manchester,MTR0009,Semi-Detached,07/01/2024 04:33:36,0.54,0.45,FALSE,0,,FALSE,,
REC002987,CUST009,Harry Bell,elliot31@yahoo.co.uk,Manchester,MTR0009,Semi-Detached,07/01/2024 05:02:24,0.79,0.69,FALSE,0,,FALSE,,
REC002988,CUST009,Harry Bell,elliot31@yahoo.co.uk,Manchester,MTR0009,Semi-Detached,07/01/2024 05:31:12,0.62,0.71,FALSE,0,,FALSE,,
REC002989,CUST009,Harry Bell,elliot31@yahoo.co.uk,Manchester,MTR0009,Semi-Detached,07/01/2024 06:00:00,1.17,1.19,FALSE,0,,FALSE,,
REC002990,CUST009,Harry Bell,elliot31@yahoo.co.uk,Manchester,MTR0009,Semi-Detached,07/01/2024 06:28:48,0.68,0.73,FALSE,0,,FALSE,,
REC002991,CUST009,Harry Bell,elliot31@yahoo.co.uk,Manchester,MTR0009,Semi-Detached,07/01/2024 06:57:36,0.86,0.75,FALSE,0,,FALSE,,
REC002992,CUST009,Harry Bell,elliot31@yahoo.co.uk,Manchester,MTR0009,Semi-Detached,07/01/2024 07:26:24,1,1.09,FALSE,0,,FALSE,,
REC002993,CUST009,Harry Bell,elliot31@yahoo.co.uk,Manchester,MTR0009,Semi-Detached,07/01/2024 07:55:12,1.18,1.14,FALSE,0,,FALSE,,
REC002994,CUST009,Harry Bell,elliot31@yahoo.co.uk,Manchester,MTR0009,Semi-Detached,07/01/2024 08:24:00,0.84,0.8,FALSE,0,,FALSE,,
REC002995,CUST009,Harry Bell,elliot31@yahoo.co.uk,Manchester,MTR0009,Semi-Detached,07/01/2024 09:07:12,0.96,1.04,FALSE,0,,FALSE,,
REC002996,CUST009,Harry Bell,elliot31@yahoo.co.uk,Manchester,MTR0009,Semi-Detached,07/01/2024 09:36:00,0.43,0.59,FALSE,0,,FALSE,,
REC002997,CUST009,Harry Bell,elliot31@yahoo.co.uk,Manchester,MTR0009,Semi-Detached,07/01/2024 10:04:48,0.66,0.72,FALSE,0,,FALSE,,
REC002998,CUST009,Harry Bell,elliot31@yahoo.co.uk,Manchester,MTR0009,Semi-Detached,07/01/2024 10:33:36,0.74,0.77,FALSE,0,,FALSE,,
REC002999,CUST009,Harry Bell,elliot31@yahoo.co.uk,Manchester,MTR0009,Semi-Detached,07/01/2024 11:02:24,0.33,0.35,FALSE,0,,FALSE,,
REC003000,CUST009,Harry Bell,elliot31@yahoo.co.uk,Manchester,MTR0009,Semi-Detached,07/01/2024 11:31:12,0.69,0.72,FALSE,0,,FALSE,,
REC003001,CUST009,Harry Bell,elliot31@yahoo.co.uk,Manchester,MTR0009,Semi-Detached,07/01/2024 12:00:00,0.75,0.69,FALSE,0,,FALSE,,
REC003002,CUST009,Harry Bell,elliot31@yahoo.co.uk,Manchester,MTR0009,Semi-Detached,07/01/2024 12:28:48,0.76,0.68,FALSE,0,,FALSE,,
REC003003,CUST009,Harry Bell,elliot31@yahoo.co.uk,Manchester,MTR0009,Semi-Detached,07/01/2024 12:57:36,0.71,0.6,FALSE,0,,FALSE,,
REC003004,CUST009,Harry Bell,elliot31@yahoo.co.uk,Manchester,MTR0009,Semi-Detached,07/01/2024 13:26:24,0.28,0.35,FALSE,0,,FALSE,,
REC003005,CUST009,Harry Bell,elliot31@yahoo.co.uk,Manchester,MTR0009,Semi-Detached,07/01/2024 13:55:12,0.3,0.31,FALSE,0,,FALSE,,
REC003006,CUST009,Harry Bell,elliot31@yahoo.co.uk,Manchester,MTR0009,Semi-Detached,07/01/2024 14:24:00,0.56,0.42,FALSE,0,,FALSE,,
REC003007,CUST009,Harry Bell,elliot31@yahoo.co.uk,Manchester,MTR0009,Semi-Detached,07/01/2024 15:07:12,0.49,0.51,FALSE,0,,FALSE,,
REC003008,CUST009,Harry Bell,elliot31@yahoo.co.uk,Manchester,MTR0009,Semi-Detached,07/01/2024 15:36:00,0.96,0.77,FALSE,0,,FALSE,,
REC003009,CUST009,Harry Bell,elliot31@yahoo.co.uk,Manchester,MTR0009,Semi-Detached,07/01/2024 16:04:48,1.13,1.18,FALSE,0,,FALSE,,
REC003010,CUST009,Harry Bell,elliot31@yahoo.co.uk,Manchester,MTR0009,Semi-Detached,07/01/2024 16:33:36,0.54,0.49,FALSE,0,,FALSE,,
REC003011,CUST009,Harry Bell,elliot31@yahoo.co.uk,Manchester,MTR0009,Semi-Detached,07/01/2024 17:02:24,0.98,0.91,FALSE,0,,FALSE,,
REC003012,CUST009,Harry Bell,elliot31@yahoo.co.uk,Manchester,MTR0009,Semi-Detached,07/01/2024 17:31:12,0.36,0.38,FALSE,0,,FALSE,,
REC003013,CUST009,Harry Bell,elliot31@yahoo.co.uk,Manchester,MTR0009,Semi-Detached,07/01/2024 18:00:00,0.72,0.76,FALSE,0,,FALSE,,
REC003014,CUST009,Harry Bell,elliot31@yahoo.co.uk,Manchester,MTR0009,Semi-Detached,07/01/2024 18:28:48,0.76,0.86,FALSE,0,,FALSE,,
REC003015,CUST009,Harry Bell,elliot31@yahoo.co.uk,Manchester,MTR0009,Semi-Detached,07/01/2024 18:57:36,0.4,0.44,FALSE,0,,FALSE,,
REC003016,CUST009,Harry Bell,elliot31@yahoo.co.uk,Manchester,MTR0009,Semi-Detached,07/01/2024 19:26:24,0.57,0.7,FALSE,0,,FALSE,,
REC003017,CUST009,Harry Bell,elliot31@yahoo.co.uk,Manchester,MTR0009,Semi-Detached,07/01/2024 19:55:12,0.95,0.84,FALSE,0,,FALSE,,
REC003018,CUST009,Harry Bell,elliot31@yahoo.co.uk,Manchester,MTR0009,Semi-Detached,07/01/2024 20:24:00,0.4,0.55,FALSE,0,,FALSE,,
REC003019,CUST009,Harry Bell,elliot31@yahoo.co.uk,Manchester,MTR0009,Semi-Detached,07/01/2024 21:07:12,1.06,1.12,FALSE,0,,FALSE,,
REC003020,CUST009,Harry Bell,elliot31@yahoo.co.uk,Manchester,MTR0009,Semi-Detached,07/01/2024 21:36:00,1.14,1.12,FALSE,0,,FALSE,,
REC003021,CUST009,Harry Bell,elliot31@yahoo.co.uk,Manchester,MTR0009,Semi-Detached,07/01/2024 22:04:48,1.17,1.16,FALSE,0,,FALSE,,
REC003022,CUST009,Harry Bell,elliot31@yahoo.co.uk,Manchester,MTR0009,Semi-Detached,07/01/2024 22:33:36,0.49,0.57,FALSE,0,,FALSE,,
REC003023,CUST009,Harry Bell,elliot31@yahoo.co.uk,Manchester,MTR0009,Semi-Detached,07/01/2024 23:02:24,0.68,0.65,FALSE,0,,FALSE,,
REC003024,CUST009,Harry Bell,elliot31@yahoo.co.uk,Manchester,MTR0009,Semi-Detached,07/01/2024 23:31:12,1.03,1.16,FALSE,0,,FALSE,,
REC003025,CUST010,Laura Richardson,parsonsbrett@brown.com,Leeds,MTR0010,Detached,01/01/2024 00:00:00,0.77,0.75,FALSE,0,,FALSE,,
REC003026,CUST010,Laura Richardson,parsonsbrett@brown.com,Leeds,MTR0010,Detached,01/01/2024 00:28:48,0.54,0.61,FALSE,0,,FALSE,,
REC003027,CUST010,Laura Richardson,parsonsbrett@brown.com,Leeds,MTR0010,Detached,01/01/2024 00:57:36,0.94,1.07,FALSE,0,,FALSE,,
REC003028,CUST010,Laura Richardson,parsonsbrett@brown.com,Leeds,MTR0010,Detached,01/01/2024 01:26:24,0.44,0.47,FALSE,0,,FALSE,,
REC003029,CUST010,Laura Richardson,parsonsbrett@brown.com,Leeds,MTR0010,Detached,01/01/2024 01:55:12,1.08,0.99,FALSE,0,,FALSE,,
REC003030,CUST010,Laura Richardson,parsonsbrett@brown.com,Leeds,MTR0010,Detached,01/01/2024 02:24:00,0.41,0.49,FALSE,0,,FALSE,,
REC003031,CUST010,Laura Richardson,parsonsbrett@brown.com,Leeds,MTR0010,Detached,01/01/2024 03:07:12,0.66,0.59,FALSE,0,,FALSE,,
REC003032,CUST010,Laura Richardson,parsonsbrett@brown.com,Leeds,MTR0010,Detached,01/01/2024 03:36:00,1.13,1.14,FALSE,0,,FALSE,,
REC003033,CUST010,Laura Richardson,parsonsbrett@brown.com,Leeds,MTR0010,Detached,01/01/2024 04:04:48,0.39,0.49,FALSE,0,,FALSE,,
REC003034,CUST010,Laura Richardson,parsonsbrett@brown.com,Leeds,MTR0010,Detached,01/01/2024 04:33:36,0.72,0.76,FALSE,0,,FALSE,,
REC003035,CUST010,Laura Richardson,parsonsbrett@brown.com,Leeds,MTR0010,Detached,01/01/2024 05:02:24,0.69,0.71,FALSE,0,,FALSE,,
REC003036,CUST010,Laura Richardson,parsonsbrett@brown.com,Leeds,MTR0010,Detached,01/01/2024 05:31:12,0.87,1.11,FALSE,0,,FALSE,,
REC003037,CUST010,Laura Richardson,parsonsbrett@brown.com,Leeds,MTR0010,Detached,01/01/2024 06:00:00,0.88,1.03,FALSE,0,,FALSE,,
REC003038,CUST010,Laura Richardson,parsonsbrett@brown.com,Leeds,MTR0010,Detached,01/01/2024 06:28:48,0.44,0.48,FALSE,0,,FALSE,,
REC003039,CUST010,Laura Richardson,parsonsbrett@brown.com,Leeds,MTR0010,Detached,01/01/2024 06:57:36,0.2,0.33,FALSE,0,,FALSE,,
REC003040,CUST010,Laura Richardson,parsonsbrett@brown.com,Leeds,MTR0010,Detached,01/01/2024 07:26:24,0.43,0.35,FALSE,0,,FALSE,,
REC003041,CUST010,Laura Richardson,parsonsbrett@brown.com,Leeds,MTR0010,Detached,01/01/2024 07:55:12,0.55,0.51,FALSE,0,,FALSE,,
REC003042,CUST010,Laura Richardson,parsonsbrett@brown.com,Leeds,MTR0010,Detached,01/01/2024 08:24:00,0.77,0.73,FALSE,0,,FALSE,,
REC003043,CUST010,Laura Richardson,parsonsbrett@brown.com,Leeds,MTR0010,Detached,01/01/2024 09:07:12,0.6,0.67,FALSE,0,,FALSE,,
REC003044,CUST010,Laura Richardson,parsonsbrett@brown.com,Leeds,MTR0010,Detached,01/01/2024 09:36:00,0.36,0.46,FALSE,0,,FALSE,,
REC003045,CUST010,Laura Richardson,parsonsbrett@brown.com,Leeds,MTR0010,Detached,01/01/2024 10:04:48,0.66,0.64,FALSE,0,,FALSE,,
REC003046,CUST010,Laura Richardson,parsonsbrett@brown.com,Leeds,MTR0010,Detached,01/01/2024 10:33:36,0.75,0.67,FALSE,0,,FALSE,,
REC003047,CUST010,Laura Richardson,parsonsbrett@brown.com,Leeds,MTR0010,Detached,01/01/2024 11:02:24,1.34,1.14,FALSE,0,,FALSE,,
REC003048,CUST010,Laura Richardson,parsonsbrett@brown.com,Leeds,MTR0010,Detached,01/01/2024 11:31:12,0.45,0.34,FALSE,0,,FALSE,,
REC003049,CUST010,Laura Richardson,parsonsbrett@brown.com,Leeds,MTR0010,Detached,01/01/2024 12:00:00,0.79,0.66,FALSE,0,,FALSE,,
REC003050,CUST010,Laura Richardson,parsonsbrett@brown.com,Leeds,MTR0010,Detached,01/01/2024 12:28:48,0.97,0.87,FALSE,0,,FALSE,,
REC003051,CUST010,Laura Richardson,parsonsbrett@brown.com,Leeds,MTR0010,Detached,01/01/2024 12:57:36,0.57,0.59,FALSE,0,,FALSE,,
REC003052,CUST010,Laura Richardson,parsonsbrett@brown.com,Leeds,MTR0010,Detached,01/01/2024 13:26:24,0.33,0.42,FALSE,0,,FALSE,,
REC003053,CUST010,Laura Richardson,parsonsbrett@brown.com,Leeds,MTR0010,Detached,01/01/2024 13:55:12,0.95,1.15,FALSE,0,,FALSE,,
REC003054,CUST010,Laura Richardson,parsonsbrett@brown.com,Leeds,MTR0010,Detached,01/01/2024 14:24:00,0.96,0.99,FALSE,0,,FALSE,,
REC003055,CUST010,Laura Richardson,parsonsbrett@brown.com,Leeds,MTR0010,Detached,01/01/2024 15:07:12,0.85,0.75,FALSE,0,,FALSE,,
REC003056,CUST010,Laura Richardson,parsonsbrett@brown.com,Leeds,MTR0010,Detached,01/01/2024 15:36:00,1.02,1.08,FALSE,0,,FALSE,,
REC003057,CUST010,Laura Richardson,parsonsbrett@brown.com,Leeds,MTR0010,Detached,01/01/2024 16:04:48,0.92,0.91,FALSE,0,,FALSE,,
REC003058,CUST010,Laura Richardson,parsonsbrett@brown.com,Leeds,MTR0010,Detached,01/01/2024 16:33:36,0.93,0.99,FALSE,0,,FALSE,,
REC003059,CUST010,Laura Richardson,parsonsbrett@brown.com,Leeds,MTR0010,Detached,01/01/2024 17:02:24,0.46,0.42,FALSE,0,,FALSE,,
REC003060,CUST010,Laura Richardson,parsonsbrett@brown.com,Leeds,MTR0010,Detached,01/01/2024 17:31:12,0.29,0.32,FALSE,0,,FALSE,,
REC003061,CUST010,Laura Richardson,parsonsbrett@brown.com,Leeds,MTR0010,Detached,01/01/2024 18:00:00,0.72,0.98,FALSE,0,,FALSE,,
REC003062,CUST010,Laura Richardson,parsonsbrett@brown.com,Leeds,MTR0010,Detached,01/01/2024 18:28:48,0.18,0.31,FALSE,0,,FALSE,,
REC003063,CUST010,Laura Richardson,parsonsbrett@brown.com,Leeds,MTR0010,Detached,01/01/2024 18:57:36,1.1,1.04,FALSE,0,,FALSE,,
REC003064,CUST010,Laura Richardson,parsonsbrett@brown.com,Leeds,MTR0010,Detached,01/01/2024 19:26:24,0.7,0.91,FALSE,0,,FALSE,,
REC003065,CUST010,Laura Richardson,parsonsbrett@brown.com,Leeds,MTR0010,Detached,01/01/2024 19:55:12,0.93,0.93,FALSE,0,,FALSE,,
REC003066,CUST010,Laura Richardson,parsonsbrett@brown.com,Leeds,MTR0010,Detached,01/01/2024 20:24:00,0.72,0.66,FALSE,0,,FALSE,,
REC003067,CUST010,Laura Richardson,parsonsbrett@brown.com,Leeds,MTR0010,Detached,01/01/2024 21:07:12,1.02,1.16,FALSE,0,,FALSE,,
REC003068,CUST010,Laura Richardson,parsonsbrett@brown.com,Leeds,MTR0010,Detached,01/01/2024 21:36:00,0.51,0.41,FALSE,0,,FALSE,,
REC003069,CUST010,Laura Richardson,parsonsbrett@brown.com,Leeds,MTR0010,Detached,01/01/2024 22:04:48,1.2,1.06,FALSE,0,,FALSE,,
REC003070,CUST010,Laura Richardson,parsonsbrett@brown.com,Leeds,MTR0010,Detached,01/01/2024 22:33:36,0.6,0.72,FALSE,0,,FALSE,,
REC003071,CUST010,Laura Richardson,parsonsbrett@brown.com,Leeds,MTR0010,Detached,01/01/2024 23:02:24,0.42,0.48,FALSE,0,,FALSE,,
REC003072,CUST010,Laura Richardson,parsonsbrett@brown.com,Leeds,MTR0010,Detached,01/01/2024 23:31:12,0.68,0.67,FALSE,0,,FALSE,,
REC003073,CUST010,Laura Richardson,parsonsbrett@brown.com,Leeds,MTR0010,Detached,02/01/2024 00:00:00,0.95,0.79,FALSE,0,,FALSE,,
REC003074,CUST010,Laura Richardson,parsonsbrett@brown.com,Leeds,MTR0010,Detached,02/01/2024 00:28:48,1.01,1.05,FALSE,0,,FALSE,,
REC003075,CUST010,Laura Richardson,parsonsbrett@brown.com,Leeds,MTR0010,Detached,02/01/2024 00:57:36,1.06,0.99,FALSE,0,,FALSE,,
REC003076,CUST010,Laura Richardson,parsonsbrett@brown.com,Leeds,MTR0010,Detached,02/01/2024 01:26:24,1.06,1.05,FALSE,0,,FALSE,,
REC003077,CUST010,Laura Richardson,parsonsbrett@brown.com,Leeds,MTR0010,Detached,02/01/2024 01:55:12,1,1.06,FALSE,0,,FALSE,,
REC003078,CUST010,Laura Richardson,parsonsbrett@brown.com,Leeds,MTR0010,Detached,02/01/2024 02:24:00,0.54,0.72,FALSE,0,,FALSE,,
REC003079,CUST010,Laura Richardson,parsonsbrett@brown.com,Leeds,MTR0010,Detached,02/01/2024 03:07:12,0.36,0.44,FALSE,0,,FALSE,,
REC003080,CUST010,Laura Richardson,parsonsbrett@brown.com,Leeds,MTR0010,Detached,02/01/2024 03:36:00,0.3,0.38,FALSE,0,,FALSE,,
REC003081,CUST010,Laura Richardson,parsonsbrett@brown.com,Leeds,MTR0010,Detached,02/01/2024 04:04:48,1.32,1.14,FALSE,0,,FALSE,,
REC003082,CUST010,Laura Richardson,parsonsbrett@brown.com,Leeds,MTR0010,Detached,02/01/2024 04:33:36,1.21,1.12,FALSE,0,,FALSE,,
REC003083,CUST010,Laura Richardson,parsonsbrett@brown.com,Leeds,MTR0010,Detached,02/01/2024 05:02:24,0.57,0.61,FALSE,0,,FALSE,,
REC003084,CUST010,Laura Richardson,parsonsbrett@brown.com,Leeds,MTR0010,Detached,02/01/2024 05:31:12,0.48,0.47,FALSE,0,,FALSE,,
REC003085,CUST010,Laura Richardson,parsonsbrett@brown.com,Leeds,MTR0010,Detached,02/01/2024 06:00:00,0.98,1.05,FALSE,0,,FALSE,,
REC003086,CUST010,Laura Richardson,parsonsbrett@brown.com,Leeds,MTR0010,Detached,02/01/2024 06:28:48,0.76,0.64,FALSE,0,,FALSE,,
REC003087,CUST010,Laura Richardson,parsonsbrett@brown.com,Leeds,MTR0010,Detached,02/01/2024 06:57:36,0.71,0.78,FALSE,0,,FALSE,,
REC003088,CUST010,Laura Richardson,parsonsbrett@brown.com,Leeds,MTR0010,Detached,02/01/2024 07:26:24,0.95,1.03,FALSE,0,,FALSE,,
REC003089,CUST010,Laura Richardson,parsonsbrett@brown.com,Leeds,MTR0010,Detached,02/01/2024 07:55:12,0.55,0.55,FALSE,0,,FALSE,,
REC003090,CUST010,Laura Richardson,parsonsbrett@brown.com,Leeds,MTR0010,Detached,02/01/2024 08:24:00,0.94,1.08,FALSE,0,,FALSE,,
REC003091,CUST010,Laura Richardson,parsonsbrett@brown.com,Leeds,MTR0010,Detached,02/01/2024 09:07:12,0.5,0.52,FALSE,0,,FALSE,,
REC003092,CUST010,Laura Richardson,parsonsbrett@brown.com,Leeds,MTR0010,Detached,02/01/2024 09:36:00,0.91,0.97,FALSE,0,,FALSE,,
REC003093,CUST010,Laura Richardson,parsonsbrett@brown.com,Leeds,MTR0010,Detached,02/01/2024 10:04:48,0.85,0.8,FALSE,0,,FALSE,,
REC003094,CUST010,Laura Richardson,parsonsbrett@brown.com,Leeds,MTR0010,Detached,02/01/2024 10:33:36,0.87,0.74,FALSE,0,,FALSE,,
REC003095,CUST010,Laura Richardson,parsonsbrett@brown.com,Leeds,MTR0010,Detached,02/01/2024 11:02:24,0.34,0.34,FALSE,0,,FALSE,,
REC003096,CUST010,Laura Richardson,parsonsbrett@brown.com,Leeds,MTR0010,Detached,02/01/2024 11:31:12,0.45,0.44,FALSE,0,,FALSE,,
REC003097,CUST010,Laura Richardson,parsonsbrett@brown.com,Leeds,MTR0010,Detached,02/01/2024 12:00:00,0.96,0.9,FALSE,0,,FALSE,,
REC003098,CUST010,Laura Richardson,parsonsbrett@brown.com,Leeds,MTR0010,Detached,02/01/2024 12:28:48,0.67,0.83,FALSE,0,,FALSE,,
REC003099,CUST010,Laura Richardson,parsonsbrett@brown.com,Leeds,MTR0010,Detached,02/01/2024 12:57:36,0.65,0.7,FALSE,0,,FALSE,,
REC003100,CUST010,Laura Richardson,parsonsbrett@brown.com,Leeds,MTR0010,Detached,02/01/2024 13:26:24,0.77,0.7,FALSE,0,,FALSE,,
REC003101,CUST010,Laura Richardson,parsonsbrett@brown.com,Leeds,MTR0010,Detached,02/01/2024 13:55:12,0.89,0.78,FALSE,0,,FALSE,,
REC003102,CUST010,Laura Richardson,parsonsbrett@brown.com,Leeds,MTR0010,Detached,02/01/2024 14:24:00,0.72,0.66,FALSE,0,,FALSE,,
REC003103,CUST010,Laura Richardson,parsonsbrett@brown.com,Leeds,MTR0010,Detached,02/01/2024 15:07:12,1.03,0.88,FALSE,0,,FALSE,,
REC003104,CUST010,Laura Richardson,parsonsbrett@brown.com,Leeds,MTR0010,Detached,02/01/2024 15:36:00,0.25,0.32,FALSE,0,,FALSE,,
REC003105,CUST010,Laura Richardson,parsonsbrett@brown.com,Leeds,MTR0010,Detached,02/01/2024 16:04:48,0.59,0.48,FALSE,0,,FALSE,,
REC003106,CUST010,Laura Richardson,parsonsbrett@brown.com,Leeds,MTR0010,Detached,02/01/2024 16:33:36,0.77,0.77,FALSE,0,,FALSE,,
REC003107,CUST010,Laura Richardson,parsonsbrett@brown.com,Leeds,MTR0010,Detached,02/01/2024 17:02:24,0.96,1.14,FALSE,0,,FALSE,,
REC003108,CUST010,Laura Richardson,parsonsbrett@brown.com,Leeds,MTR0010,Detached,02/01/2024 17:31:12,0.1,0.41,FALSE,0,,FALSE,,
REC003109,CUST010,Laura Richardson,parsonsbrett@brown.com,Leeds,MTR0010,Detached,02/01/2024 18:00:00,1.06,1.02,FALSE,0,,FALSE,,
REC003110,CUST010,Laura Richardson,parsonsbrett@brown.com,Leeds,MTR0010,Detached,02/01/2024 18:28:48,1.09,1.12,FALSE,0,,FALSE,,
REC003111,CUST010,Laura Richardson,parsonsbrett@brown.com,Leeds,MTR0010,Detached,02/01/2024 18:57:36,1.35,1.15,FALSE,0,,FALSE,,
REC003112,CUST010,Laura Richardson,parsonsbrett@brown.com,Leeds,MTR0010,Detached,02/01/2024 19:26:24,1.02,1,FALSE,0,,FALSE,,
REC003113,CUST010,Laura Richardson,parsonsbrett@brown.com,Leeds,MTR0010,Detached,02/01/2024 19:55:12,0.38,0.42,FALSE,0,,FALSE,,
REC003114,CUST010,Laura Richardson,parsonsbrett@brown.com,Leeds,MTR0010,Detached,02/01/2024 20:24:00,0.76,0.75,FALSE,0,,FALSE,,
REC003115,CUST010,Laura Richardson,parsonsbrett@brown.com,Leeds,MTR0010,Detached,02/01/2024 21:07:12,0.39,0.44,FALSE,0,,FALSE,,
REC003116,CUST010,Laura Richardson,parsonsbrett@brown.com,Leeds,MTR0010,Detached,02/01/2024 21:36:00,0.58,0.69,FALSE,0,,FALSE,,
REC003117,CUST010,Laura Richardson,parsonsbrett@brown.com,Leeds,MTR0010,Detached,02/01/2024 22:04:48,0.86,0.86,FALSE,0,,FALSE,,
REC003118,CUST010,Laura Richardson,parsonsbrett@brown.com,Leeds,MTR0010,Detached,02/01/2024 22:33:36,0.38,0.46,FALSE,0,,FALSE,,
REC003119,CUST010,Laura Richardson,parsonsbrett@brown.com,Leeds,MTR0010,Detached,02/01/2024 23:02:24,0.9,0.82,FALSE,0,,FALSE,,
REC003120,CUST010,Laura Richardson,parsonsbrett@brown.com,Leeds,MTR0010,Detached,02/01/2024 23:31:12,1.16,0.96,FALSE,0,,FALSE,,
REC003121,CUST010,Laura Richardson,parsonsbrett@brown.com,Leeds,MTR0010,Detached,03/01/2024 00:00:00,0.56,0.6,FALSE,0,,FALSE,,
REC003122,CUST010,Laura Richardson,parsonsbrett@brown.com,Leeds,MTR0010,Detached,03/01/2024 00:28:48,0.89,0.74,FALSE,0,,FALSE,,
REC003123,CUST010,Laura Richardson,parsonsbrett@brown.com,Leeds,MTR0010,Detached,03/01/2024 00:57:36,0.73,0.88,FALSE,0,,FALSE,,
REC003124,CUST010,Laura Richardson,parsonsbrett@brown.com,Leeds,MTR0010,Detached,03/01/2024 01:26:24,0.47,0.38,FALSE,0,,FALSE,,
REC003125,CUST010,Laura Richardson,parsonsbrett@brown.com,Leeds,MTR0010,Detached,03/01/2024 01:55:12,0.4,0.38,FALSE,0,,FALSE,,
REC003126,CUST010,Laura Richardson,parsonsbrett@brown.com,Leeds,MTR0010,Detached,03/01/2024 02:24:00,0.46,0.41,FALSE,0,,FALSE,,
REC003127,CUST010,Laura Richardson,parsonsbrett@brown.com,Leeds,MTR0010,Detached,03/01/2024 03:07:12,0.74,0.62,FALSE,0,,FALSE,,
REC003128,CUST010,Laura Richardson,parsonsbrett@brown.com,Leeds,MTR0010,Detached,03/01/2024 03:36:00,0.37,0.34,FALSE,0,,FALSE,,
REC003129,CUST010,Laura Richardson,parsonsbrett@brown.com,Leeds,MTR0010,Detached,03/01/2024 04:04:48,0.37,0.51,FALSE,0,,FALSE,,
REC003130,CUST010,Laura Richardson,parsonsbrett@brown.com,Leeds,MTR0010,Detached,03/01/2024 04:33:36,0.43,0.36,FALSE,0,,FALSE,,
REC003131,CUST010,Laura Richardson,parsonsbrett@brown.com,Leeds,MTR0010,Detached,03/01/2024 05:02:24,0.38,0.33,FALSE,0,,FALSE,,
REC003132,CUST010,Laura Richardson,parsonsbrett@brown.com,Leeds,MTR0010,Detached,03/01/2024 05:31:12,0.64,0.67,FALSE,0,,FALSE,,
REC003133,CUST010,Laura Richardson,parsonsbrett@brown.com,Leeds,MTR0010,Detached,03/01/2024 06:00:00,0.93,0.95,FALSE,0,,FALSE,,
REC003134,CUST010,Laura Richardson,parsonsbrett@brown.com,Leeds,MTR0010,Detached,03/01/2024 06:28:48,0.55,0.47,FALSE,0,,FALSE,,
REC003135,CUST010,Laura Richardson,parsonsbrett@brown.com,Leeds,MTR0010,Detached,03/01/2024 06:57:36,0.79,0.77,FALSE,0,,FALSE,,
REC003136,CUST010,Laura Richardson,parsonsbrett@brown.com,Leeds,MTR0010,Detached,03/01/2024 07:26:24,0.77,0.81,FALSE,0,,FALSE,,
REC003137,CUST010,Laura Richardson,parsonsbrett@brown.com,Leeds,MTR0010,Detached,03/01/2024 07:55:12,1.13,1.12,FALSE,0,,FALSE,,
REC003138,CUST010,Laura Richardson,parsonsbrett@brown.com,Leeds,MTR0010,Detached,03/01/2024 08:24:00,0.99,1.09,FALSE,0,,FALSE,,
REC003139,CUST010,Laura Richardson,parsonsbrett@brown.com,Leeds,MTR0010,Detached,03/01/2024 09:07:12,0.59,0.67,FALSE,0,,FALSE,,
REC003140,CUST010,Laura Richardson,parsonsbrett@brown.com,Leeds,MTR0010,Detached,03/01/2024 09:36:00,0.55,0.55,FALSE,0,,FALSE,,
REC003141,CUST010,Laura Richardson,parsonsbrett@brown.com,Leeds,MTR0010,Detached,03/01/2024 10:04:48,0.58,0.59,FALSE,0,,FALSE,,
REC003142,CUST010,Laura Richardson,parsonsbrett@brown.com,Leeds,MTR0010,Detached,03/01/2024 10:33:36,0.73,0.71,FALSE,0,,FALSE,,
REC003143,CUST010,Laura Richardson,parsonsbrett@brown.com,Leeds,MTR0010,Detached,03/01/2024 11:02:24,0.89,0.9,FALSE,0,,FALSE,,
REC003144,CUST010,Laura Richardson,parsonsbrett@brown.com,Leeds,MTR0010,Detached,03/01/2024 11:31:12,0.83,0.96,FALSE,0,,FALSE,,
REC003145,CUST010,Laura Richardson,parsonsbrett@brown.com,Leeds,MTR0010,Detached,03/01/2024 12:00:00,1.23,1.08,FALSE,0,,FALSE,,
REC003146,CUST010,Laura Richardson,parsonsbrett@brown.com,Leeds,MTR0010,Detached,03/01/2024 12:28:48,0.52,0.41,FALSE,0,,FALSE,,
REC003147,CUST010,Laura Richardson,parsonsbrett@brown.com,Leeds,MTR0010,Detached,03/01/2024 12:57:36,1.19,1.15,FALSE,0,,FALSE,,
REC003148,CUST010,Laura Richardson,parsonsbrett@brown.com,Leeds,MTR0010,Detached,03/01/2024 13:26:24,0.49,0.54,FALSE,0,,FALSE,,
REC003149,CUST010,Laura Richardson,parsonsbrett@brown.com,Leeds,MTR0010,Detached,03/01/2024 13:55:12,1.24,1.14,FALSE,0,,FALSE,,
REC003150,CUST010,Laura Richardson,parsonsbrett@brown.com,Leeds,MTR0010,Detached,03/01/2024 14:24:00,0.58,0.5,FALSE,0,,FALSE,,
REC003151,CUST010,Laura Richardson,parsonsbrett@brown.com,Leeds,MTR0010,Detached,03/01/2024 15:07:12,0.83,0.7,FALSE,0,,FALSE,,
REC003152,CUST010,Laura Richardson,parsonsbrett@brown.com,Leeds,MTR0010,Detached,03/01/2024 15:36:00,0.45,0.39,FALSE,0,,FALSE,,
REC003153,CUST010,Laura Richardson,parsonsbrett@brown.com,Leeds,MTR0010,Detached,03/01/2024 16:04:48,1.14,1.17,FALSE,0,,FALSE,,
REC003154,CUST010,Laura Richardson,parsonsbrett@brown.com,Leeds,MTR0010,Detached,03/01/2024 16:33:36,1.09,1.04,FALSE,0,,FALSE,,
REC003155,CUST010,Laura Richardson,parsonsbrett@brown.com,Leeds,MTR0010,Detached,03/01/2024 17:02:24,0.58,0.77,FALSE,0,,FALSE,,
REC003156,CUST010,Laura Richardson,parsonsbrett@brown.com,Leeds,MTR0010,Detached,03/01/2024 17:31:12,0.78,0.82,FALSE,0,,FALSE,,
REC003157,CUST010,Laura Richardson,parsonsbrett@brown.com,Leeds,MTR0010,Detached,03/01/2024 18:00:00,1.14,0.96,FALSE,0,,FALSE,,
REC003158,CUST010,Laura Richardson,parsonsbrett@brown.com,Leeds,MTR0010,Detached,03/01/2024 18:28:48,0.81,0.93,FALSE,0,,FALSE,,
REC003159,CUST010,Laura Richardson,parsonsbrett@brown.com,Leeds,MTR0010,Detached,03/01/2024 18:57:36,0.77,0.94,FALSE,0,,FALSE,,
REC003160,CUST010,Laura Richardson,parsonsbrett@brown.com,Leeds,MTR0010,Detached,03/01/2024 19:26:24,0.49,0.52,FALSE,0,,FALSE,,
REC003161,CUST010,Laura Richardson,parsonsbrett@brown.com,Leeds,MTR0010,Detached,03/01/2024 19:55:12,0.7,0.73,FALSE,0,,FALSE,,
REC003162,CUST010,Laura Richardson,parsonsbrett@brown.com,Leeds,MTR0010,Detached,03/01/2024 20:24:00,1.06,0.97,FALSE,0,,FALSE,,
REC003163,CUST010,Laura Richardson,parsonsbrett@brown.com,Leeds,MTR0010,Detached,03/01/2024 21:07:12,0.41,0.39,FALSE,0,,FALSE,,
REC003164,CUST010,Laura Richardson,parsonsbrett@brown.com,Leeds,MTR0010,Detached,03/01/2024 21:36:00,0.99,0.99,FALSE,0,,FALSE,,
REC003165,CUST010,Laura Richardson,parsonsbrett@brown.com,Leeds,MTR0010,Detached,03/01/2024 22:04:48,0.33,0.49,FALSE,0,,FALSE,,
REC003166,CUST010,Laura Richardson,parsonsbrett@brown.com,Leeds,MTR0010,Detached,03/01/2024 22:33:36,0.67,0.67,FALSE,0,,FALSE,,
REC003167,CUST010,Laura Richardson,parsonsbrett@brown.com,Leeds,MTR0010,Detached,03/01/2024 23:02:24,0.93,1,FALSE,0,,FALSE,,
REC003168,CUST010,Laura Richardson,parsonsbrett@brown.com,Leeds,MTR0010,Detached,03/01/2024 23:31:12,1.2,1.13,FALSE,0,,FALSE,,
REC003169,CUST010,Laura Richardson,parsonsbrett@brown.com,Leeds,MTR0010,Detached,04/01/2024 00:00:00,0.83,0.83,FALSE,0,,FALSE,,
REC003170,CUST010,Laura Richardson,parsonsbrett@brown.com,Leeds,MTR0010,Detached,04/01/2024 00:28:48,0.6,0.84,FALSE,0,,FALSE,,
REC003171,CUST010,Laura Richardson,parsonsbrett@brown.com,Leeds,MTR0010,Detached,04/01/2024 00:57:36,0.93,0.8,FALSE,0,,FALSE,,
REC003172,CUST010,Laura Richardson,parsonsbrett@brown.com,Leeds,MTR0010,Detached,04/01/2024 01:26:24,0.11,0.46,FALSE,0,,FALSE,,
REC003173,CUST010,Laura Richardson,parsonsbrett@brown.com,Leeds,MTR0010,Detached,04/01/2024 01:55:12,0.92,1.03,FALSE,0,,FALSE,,
REC003174,CUST010,Laura Richardson,parsonsbrett@brown.com,Leeds,MTR0010,Detached,04/01/2024 02:24:00,1,0.99,FALSE,0,,FALSE,,
REC003175,CUST010,Laura Richardson,parsonsbrett@brown.com,Leeds,MTR0010,Detached,04/01/2024 03:07:12,1.13,1.14,FALSE,0,,FALSE,,
REC003176,CUST010,Laura Richardson,parsonsbrett@brown.com,Leeds,MTR0010,Detached,04/01/2024 03:36:00,0.47,0.42,FALSE,0,,FALSE,,
REC003177,CUST010,Laura Richardson,parsonsbrett@brown.com,Leeds,MTR0010,Detached,04/01/2024 04:04:48,0.71,0.77,FALSE,0,,FALSE,,
REC003178,CUST010,Laura Richardson,parsonsbrett@brown.com,Leeds,MTR0010,Detached,04/01/2024 04:33:36,0.6,0.67,FALSE,0,,FALSE,,
REC003179,CUST010,Laura Richardson,parsonsbrett@brown.com,Leeds,MTR0010,Detached,04/01/2024 05:02:24,0.62,0.64,FALSE,0,,FALSE,,
REC003180,CUST010,Laura Richardson,parsonsbrett@brown.com,Leeds,MTR0010,Detached,04/01/2024 05:31:12,0.59,0.45,FALSE,0,,FALSE,,
REC003181,CUST010,Laura Richardson,parsonsbrett@brown.com,Leeds,MTR0010,Detached,04/01/2024 06:00:00,0.42,0.54,FALSE,0,,FALSE,,
REC003182,CUST010,Laura Richardson,parsonsbrett@brown.com,Leeds,MTR0010,Detached,04/01/2024 06:28:48,0.85,0.85,FALSE,0,,FALSE,,
REC003183,CUST010,Laura Richardson,parsonsbrett@brown.com,Leeds,MTR0010,Detached,04/01/2024 06:57:36,0.84,0.81,FALSE,0,,FALSE,,
REC003184,CUST010,Laura Richardson,parsonsbrett@brown.com,Leeds,MTR0010,Detached,04/01/2024 07:26:24,1.13,1.12,FALSE,0,,FALSE,,
REC003185,CUST010,Laura Richardson,parsonsbrett@brown.com,Leeds,MTR0010,Detached,04/01/2024 07:55:12,1.1,1.15,FALSE,0,,FALSE,,
REC003186,CUST010,Laura Richardson,parsonsbrett@brown.com,Leeds,MTR0010,Detached,04/01/2024 08:24:00,0.53,0.57,FALSE,0,,FALSE,,
REC003187,CUST010,Laura Richardson,parsonsbrett@brown.com,Leeds,MTR0010,Detached,04/01/2024 09:07:12,1.09,1.11,FALSE,0,,FALSE,,
REC003188,CUST010,Laura Richardson,parsonsbrett@brown.com,Leeds,MTR0010,Detached,04/01/2024 09:36:00,0.7,0.7,FALSE,0,,FALSE,,
REC003189,CUST010,Laura Richardson,parsonsbrett@brown.com,Leeds,MTR0010,Detached,04/01/2024 10:04:48,0.14,0.34,FALSE,0,,FALSE,,
REC003190,CUST010,Laura Richardson,parsonsbrett@brown.com,Leeds,MTR0010,Detached,04/01/2024 10:33:36,0.78,0.73,FALSE,0,,FALSE,,
REC003191,CUST010,Laura Richardson,parsonsbrett@brown.com,Leeds,MTR0010,Detached,04/01/2024 11:02:24,0.89,0.85,FALSE,0,,FALSE,,
REC003192,CUST010,Laura Richardson,parsonsbrett@brown.com,Leeds,MTR0010,Detached,04/01/2024 11:31:12,0.78,0.69,FALSE,0,,FALSE,,
REC003193,CUST010,Laura Richardson,parsonsbrett@brown.com,Leeds,MTR0010,Detached,04/01/2024 12:00:00,0.86,1.04,FALSE,0,,FALSE,,
REC003194,CUST010,Laura Richardson,parsonsbrett@brown.com,Leeds,MTR0010,Detached,04/01/2024 12:28:48,0.37,0.34,FALSE,0,,FALSE,,
REC003195,CUST010,Laura Richardson,parsonsbrett@brown.com,Leeds,MTR0010,Detached,04/01/2024 12:57:36,0.89,0.9,FALSE,0,,FALSE,,
REC003196,CUST010,Laura Richardson,parsonsbrett@brown.com,Leeds,MTR0010,Detached,04/01/2024 13:26:24,1.04,1.03,FALSE,0,,FALSE,,
REC003197,CUST010,Laura Richardson,parsonsbrett@brown.com,Leeds,MTR0010,Detached,04/01/2024 13:55:12,1.05,1.07,FALSE,0,,FALSE,,
REC003198,CUST010,Laura Richardson,parsonsbrett@brown.com,Leeds,MTR0010,Detached,04/01/2024 14:24:00,1.15,1.11,FALSE,0,,FALSE,,
REC003199,CUST010,Laura Richardson,parsonsbrett@brown.com,Leeds,MTR0010,Detached,04/01/2024 15:07:12,0.53,0.59,FALSE,0,,FALSE,,
REC003200,CUST010,Laura Richardson,parsonsbrett@brown.com,Leeds,MTR0010,Detached,04/01/2024 15:36:00,0.35,0.34,FALSE,0,,FALSE,,
REC003201,CUST010,Laura Richardson,parsonsbrett@brown.com,Leeds,MTR0010,Detached,04/01/2024 16:04:48,0.79,0.95,FALSE,0,,FALSE,,
REC003202,CUST010,Laura Richardson,parsonsbrett@brown.com,Leeds,MTR0010,Detached,04/01/2024 16:33:36,0.43,0.47,FALSE,0,,FALSE,,
REC003203,CUST010,Laura Richardson,parsonsbrett@brown.com,Leeds,MTR0010,Detached,04/01/2024 17:02:24,0.87,0.9,FALSE,0,,FALSE,,
REC003204,CUST010,Laura Richardson,parsonsbrett@brown.com,Leeds,MTR0010,Detached,04/01/2024 17:31:12,0.38,0.62,FALSE,0,,FALSE,,
REC003205,CUST010,Laura Richardson,parsonsbrett@brown.com,Leeds,MTR0010,Detached,04/01/2024 18:00:00,0.6,0.59,FALSE,0,,FALSE,,
REC003206,CUST010,Laura Richardson,parsonsbrett@brown.com,Leeds,MTR0010,Detached,04/01/2024 18:28:48,0.35,0.32,FALSE,0,,FALSE,,
REC003207,CUST010,Laura Richardson,parsonsbrett@brown.com,Leeds,MTR0010,Detached,04/01/2024 18:57:36,0.65,0.69,FALSE,0,,FALSE,,
REC003208,CUST010,Laura Richardson,parsonsbrett@brown.com,Leeds,MTR0010,Detached,04/01/2024 19:26:24,0.46,0.39,FALSE,0,,FALSE,,
REC003209,CUST010,Laura Richardson,parsonsbrett@brown.com,Leeds,MTR0010,Detached,04/01/2024 19:55:12,1.11,0.98,FALSE,0,,FALSE,,
REC003210,CUST010,Laura Richardson,parsonsbrett@brown.com,Leeds,MTR0010,Detached,04/01/2024 20:24:00,0.54,0.35,TRUE,54.29,Guest visit,TRUE,1/4/2024 20:40,TRUE
REC003211,CUST010,Laura Richardson,parsonsbrett@brown.com,Leeds,MTR0010,Detached,04/01/2024 21:07:12,0.31,0.43,FALSE,0,,FALSE,,
REC003212,CUST010,Laura Richardson,parsonsbrett@brown.com,Leeds,MTR0010,Detached,04/01/2024 21:36:00,0.8,0.75,FALSE,0,,FALSE,,
REC003213,CUST010,Laura Richardson,parsonsbrett@brown.com,Leeds,MTR0010,Detached,04/01/2024 22:04:48,0.8,0.79,FALSE,0,,FALSE,,
REC003214,CUST010,Laura Richardson,parsonsbrett@brown.com,Leeds,MTR0010,Detached,04/01/2024 22:33:36,1.05,1.06,FALSE,0,,FALSE,,
REC003215,CUST010,Laura Richardson,parsonsbrett@brown.com,Leeds,MTR0010,Detached,04/01/2024 23:02:24,0.83,0.95,FALSE,0,,FALSE,,
REC003216,CUST010,Laura Richardson,parsonsbrett@brown.com,Leeds,MTR0010,Detached,04/01/2024 23:31:12,1.18,1.18,FALSE,0,,FALSE,,
REC003217,CUST010,Laura Richardson,parsonsbrett@brown.com,Leeds,MTR0010,Detached,05/01/2024 00:00:00,0.21,0.44,FALSE,0,,FALSE,,
REC003218,CUST010,Laura Richardson,parsonsbrett@brown.com,Leeds,MTR0010,Detached,05/01/2024 00:28:48,0.86,0.88,FALSE,0,,FALSE,,
REC003219,CUST010,Laura Richardson,parsonsbrett@brown.com,Leeds,MTR0010,Detached,05/01/2024 00:57:36,0.25,0.42,FALSE,0,,FALSE,,
REC003220,CUST010,Laura Richardson,parsonsbrett@brown.com,Leeds,MTR0010,Detached,05/01/2024 01:26:24,1.05,1.1,FALSE,0,,FALSE,,
REC003221,CUST010,Laura Richardson,parsonsbrett@brown.com,Leeds,MTR0010,Detached,05/01/2024 01:55:12,0.44,0.34,FALSE,0,,FALSE,,
REC003222,CUST010,Laura Richardson,parsonsbrett@brown.com,Leeds,MTR0010,Detached,05/01/2024 02:24:00,0.26,0.33,FALSE,0,,FALSE,,
REC003223,CUST010,Laura Richardson,parsonsbrett@brown.com,Leeds,MTR0010,Detached,05/01/2024 03:07:12,0.98,1.17,FALSE,0,,FALSE,,
REC003224,CUST010,Laura Richardson,parsonsbrett@brown.com,Leeds,MTR0010,Detached,05/01/2024 03:36:00,0.66,0.63,FALSE,0,,FALSE,,
REC003225,CUST010,Laura Richardson,parsonsbrett@brown.com,Leeds,MTR0010,Detached,05/01/2024 04:04:48,0.29,0.36,FALSE,0,,FALSE,,
REC003226,CUST010,Laura Richardson,parsonsbrett@brown.com,Leeds,MTR0010,Detached,05/01/2024 04:33:36,1.35,1.15,FALSE,0,,FALSE,,
REC003227,CUST010,Laura Richardson,parsonsbrett@brown.com,Leeds,MTR0010,Detached,05/01/2024 05:02:24,0.36,0.52,FALSE,0,,FALSE,,
REC003228,CUST010,Laura Richardson,parsonsbrett@brown.com,Leeds,MTR0010,Detached,05/01/2024 05:31:12,1.21,0.93,FALSE,0,,FALSE,,
REC003229,CUST010,Laura Richardson,parsonsbrett@brown.com,Leeds,MTR0010,Detached,05/01/2024 06:00:00,0.3,0.36,FALSE,0,,FALSE,,
REC003230,CUST010,Laura Richardson,parsonsbrett@brown.com,Leeds,MTR0010,Detached,05/01/2024 06:28:48,0.9,0.96,FALSE,0,,FALSE,,
REC003231,CUST010,Laura Richardson,parsonsbrett@brown.com,Leeds,MTR0010,Detached,05/01/2024 06:57:36,0.33,0.47,FALSE,0,,FALSE,,
REC003232,CUST010,Laura Richardson,parsonsbrett@brown.com,Leeds,MTR0010,Detached,05/01/2024 07:26:24,1.12,1.08,FALSE,0,,FALSE,,
REC003233,CUST010,Laura Richardson,parsonsbrett@brown.com,Leeds,MTR0010,Detached,05/01/2024 07:55:12,0.93,1.15,FALSE,0,,FALSE,,
REC003234,CUST010,Laura Richardson,parsonsbrett@brown.com,Leeds,MTR0010,Detached,05/01/2024 08:24:00,0.54,0.51,FALSE,0,,FALSE,,
REC003235,CUST010,Laura Richardson,parsonsbrett@brown.com,Leeds,MTR0010,Detached,05/01/2024 09:07:12,0.42,0.34,FALSE,0,,FALSE,,
REC003236,CUST010,Laura Richardson,parsonsbrett@brown.com,Leeds,MTR0010,Detached,05/01/2024 09:36:00,0.65,0.78,FALSE,0,,FALSE,,
REC003237,CUST010,Laura Richardson,parsonsbrett@brown.com,Leeds,MTR0010,Detached,05/01/2024 10:04:48,1.31,1.15,FALSE,0,,FALSE,,
REC003238,CUST010,Laura Richardson,parsonsbrett@brown.com,Leeds,MTR0010,Detached,05/01/2024 10:33:36,0.65,0.74,FALSE,0,,FALSE,,
REC003239,CUST010,Laura Richardson,parsonsbrett@brown.com,Leeds,MTR0010,Detached,05/01/2024 11:02:24,0.73,0.76,FALSE,0,,FALSE,,
REC003240,CUST010,Laura Richardson,parsonsbrett@brown.com,Leeds,MTR0010,Detached,05/01/2024 11:31:12,0.55,0.72,FALSE,0,,FALSE,,
REC003241,CUST010,Laura Richardson,parsonsbrett@brown.com,Leeds,MTR0010,Detached,05/01/2024 12:00:00,0.92,0.94,FALSE,0,,FALSE,,
REC003242,CUST010,Laura Richardson,parsonsbrett@brown.com,Leeds,MTR0010,Detached,05/01/2024 12:28:48,0.38,0.34,FALSE,0,,FALSE,,
REC003243,CUST010,Laura Richardson,parsonsbrett@brown.com,Leeds,MTR0010,Detached,05/01/2024 12:57:36,0.62,0.75,FALSE,0,,FALSE,,
REC003244,CUST010,Laura Richardson,parsonsbrett@brown.com,Leeds,MTR0010,Detached,05/01/2024 13:26:24,1,0.98,FALSE,0,,FALSE,,
REC003245,CUST010,Laura Richardson,parsonsbrett@brown.com,Leeds,MTR0010,Detached,05/01/2024 13:55:12,1.23,1.19,FALSE,0,,FALSE,,
REC003246,CUST010,Laura Richardson,parsonsbrett@brown.com,Leeds,MTR0010,Detached,05/01/2024 14:24:00,0.78,0.71,FALSE,0,,FALSE,,
REC003247,CUST010,Laura Richardson,parsonsbrett@brown.com,Leeds,MTR0010,Detached,05/01/2024 15:07:12,0.78,0.79,FALSE,0,,FALSE,,
REC003248,CUST010,Laura Richardson,parsonsbrett@brown.com,Leeds,MTR0010,Detached,05/01/2024 15:36:00,0.76,0.64,FALSE,0,,FALSE,,
REC003249,CUST010,Laura Richardson,parsonsbrett@brown.com,Leeds,MTR0010,Detached,05/01/2024 16:04:48,0.61,0.74,FALSE,0,,FALSE,,
REC003250,CUST010,Laura Richardson,parsonsbrett@brown.com,Leeds,MTR0010,Detached,05/01/2024 16:33:36,1.14,1.11,FALSE,0,,FALSE,,
REC003251,CUST010,Laura Richardson,parsonsbrett@brown.com,Leeds,MTR0010,Detached,05/01/2024 17:02:24,0.83,0.91,FALSE,0,,FALSE,,
REC003252,CUST010,Laura Richardson,parsonsbrett@brown.com,Leeds,MTR0010,Detached,05/01/2024 17:31:12,0.87,0.84,FALSE,0,,FALSE,,
REC003253,CUST010,Laura Richardson,parsonsbrett@brown.com,Leeds,MTR0010,Detached,05/01/2024 18:00:00,0.42,0.41,FALSE,0,,FALSE,,
REC003254,CUST010,Laura Richardson,parsonsbrett@brown.com,Leeds,MTR0010,Detached,05/01/2024 18:28:48,0.58,0.66,FALSE,0,,FALSE,,
REC003255,CUST010,Laura Richardson,parsonsbrett@brown.com,Leeds,MTR0010,Detached,05/01/2024 18:57:36,0.82,0.83,FALSE,0,,FALSE,,
REC003256,CUST010,Laura Richardson,parsonsbrett@brown.com,Leeds,MTR0010,Detached,05/01/2024 19:26:24,0.38,0.46,FALSE,0,,FALSE,,
REC003257,CUST010,Laura Richardson,parsonsbrett@brown.com,Leeds,MTR0010,Detached,05/01/2024 19:55:12,1.37,1.19,FALSE,0,,FALSE,,
REC003258,CUST010,Laura Richardson,parsonsbrett@brown.com,Leeds,MTR0010,Detached,05/01/2024 20:24:00,0.65,0.59,FALSE,0,,FALSE,,
REC003259,CUST010,Laura Richardson,parsonsbrett@brown.com,Leeds,MTR0010,Detached,05/01/2024 21:07:12,0.58,0.39,TRUE,48.72,Heater malfunction,TRUE,1/5/2024 21:18,TRUE
REC003260,CUST010,Laura Richardson,parsonsbrett@brown.com,Leeds,MTR0010,Detached,05/01/2024 21:36:00,0.23,0.32,FALSE,0,,FALSE,,
REC003261,CUST010,Laura Richardson,parsonsbrett@brown.com,Leeds,MTR0010,Detached,05/01/2024 22:04:48,0.85,1.03,FALSE,0,,FALSE,,
REC003262,CUST010,Laura Richardson,parsonsbrett@brown.com,Leeds,MTR0010,Detached,05/01/2024 22:33:36,0.39,0.36,FALSE,0,,FALSE,,
REC003263,CUST010,Laura Richardson,parsonsbrett@brown.com,Leeds,MTR0010,Detached,05/01/2024 23:02:24,0.48,0.45,FALSE,0,,FALSE,,
REC003264,CUST010,Laura Richardson,parsonsbrett@brown.com,Leeds,MTR0010,Detached,05/01/2024 23:31:12,0.59,0.52,FALSE,0,,FALSE,,
REC003265,CUST010,Laura Richardson,parsonsbrett@brown.com,Leeds,MTR0010,Detached,06/01/2024 00:00:00,0.43,0.36,FALSE,0,,FALSE,,
REC003266,CUST010,Laura Richardson,parsonsbrett@brown.com,Leeds,MTR0010,Detached,06/01/2024 00:28:48,0.84,0.66,FALSE,0,,FALSE,,
REC003267,CUST010,Laura Richardson,parsonsbrett@brown.com,Leeds,MTR0010,Detached,06/01/2024 00:57:36,0.7,0.63,FALSE,0,,FALSE,,
REC003268,CUST010,Laura Richardson,parsonsbrett@brown.com,Leeds,MTR0010,Detached,06/01/2024 01:26:24,1.06,1.17,FALSE,0,,FALSE,,
REC003269,CUST010,Laura Richardson,parsonsbrett@brown.com,Leeds,MTR0010,Detached,06/01/2024 01:55:12,0.31,0.46,FALSE,0,,FALSE,,
REC003270,CUST010,Laura Richardson,parsonsbrett@brown.com,Leeds,MTR0010,Detached,06/01/2024 02:24:00,0.89,0.7,FALSE,0,,FALSE,,
REC003271,CUST010,Laura Richardson,parsonsbrett@brown.com,Leeds,MTR0010,Detached,06/01/2024 03:07:12,0.52,0.53,FALSE,0,,FALSE,,
REC003272,CUST010,Laura Richardson,parsonsbrett@brown.com,Leeds,MTR0010,Detached,06/01/2024 03:36:00,0.92,0.79,FALSE,0,,FALSE,,
REC003273,CUST010,Laura Richardson,parsonsbrett@brown.com,Leeds,MTR0010,Detached,06/01/2024 04:04:48,0.48,0.57,FALSE,0,,FALSE,,
REC003274,CUST010,Laura Richardson,parsonsbrett@brown.com,Leeds,MTR0010,Detached,06/01/2024 04:33:36,0.98,0.92,FALSE,0,,FALSE,,
REC003275,CUST010,Laura Richardson,parsonsbrett@brown.com,Leeds,MTR0010,Detached,06/01/2024 05:02:24,0.56,0.65,FALSE,0,,FALSE,,
REC003276,CUST010,Laura Richardson,parsonsbrett@brown.com,Leeds,MTR0010,Detached,06/01/2024 05:31:12,0.38,0.63,FALSE,0,,FALSE,,
REC003277,CUST010,Laura Richardson,parsonsbrett@brown.com,Leeds,MTR0010,Detached,06/01/2024 06:00:00,0.5,0.39,FALSE,0,,FALSE,,
REC003278,CUST010,Laura Richardson,parsonsbrett@brown.com,Leeds,MTR0010,Detached,06/01/2024 06:28:48,0.77,0.9,FALSE,0,,FALSE,,
REC003279,CUST010,Laura Richardson,parsonsbrett@brown.com,Leeds,MTR0010,Detached,06/01/2024 06:57:36,0.42,0.56,FALSE,0,,FALSE,,
REC003280,CUST010,Laura Richardson,parsonsbrett@brown.com,Leeds,MTR0010,Detached,06/01/2024 07:26:24,0.47,0.49,FALSE,0,,FALSE,,
REC003281,CUST010,Laura Richardson,parsonsbrett@brown.com,Leeds,MTR0010,Detached,06/01/2024 07:55:12,0.3,0.32,FALSE,0,,FALSE,,
REC003282,CUST010,Laura Richardson,parsonsbrett@brown.com,Leeds,MTR0010,Detached,06/01/2024 08:24:00,0.52,0.5,FALSE,0,,FALSE,,
REC003283,CUST010,Laura Richardson,parsonsbrett@brown.com,Leeds,MTR0010,Detached,06/01/2024 09:07:12,0.58,0.55,FALSE,0,,FALSE,,
REC003284,CUST010,Laura Richardson,parsonsbrett@brown.com,Leeds,MTR0010,Detached,06/01/2024 09:36:00,0.28,0.37,FALSE,0,,FALSE,,
REC003285,CUST010,Laura Richardson,parsonsbrett@brown.com,Leeds,MTR0010,Detached,06/01/2024 10:04:48,0.28,0.42,FALSE,0,,FALSE,,
REC003286,CUST010,Laura Richardson,parsonsbrett@brown.com,Leeds,MTR0010,Detached,06/01/2024 10:33:36,1.06,0.94,FALSE,0,,FALSE,,
REC003287,CUST010,Laura Richardson,parsonsbrett@brown.com,Leeds,MTR0010,Detached,06/01/2024 11:02:24,0.88,0.8,FALSE,0,,FALSE,,
REC003288,CUST010,Laura Richardson,parsonsbrett@brown.com,Leeds,MTR0010,Detached,06/01/2024 11:31:12,0.27,0.4,FALSE,0,,FALSE,,
REC003289,CUST010,Laura Richardson,parsonsbrett@brown.com,Leeds,MTR0010,Detached,06/01/2024 12:00:00,0.61,0.78,FALSE,0,,FALSE,,
REC003290,CUST010,Laura Richardson,parsonsbrett@brown.com,Leeds,MTR0010,Detached,06/01/2024 12:28:48,0.8,0.84,FALSE,0,,FALSE,,
REC003291,CUST010,Laura Richardson,parsonsbrett@brown.com,Leeds,MTR0010,Detached,06/01/2024 12:57:36,0.94,1.08,FALSE,0,,FALSE,,
REC003292,CUST010,Laura Richardson,parsonsbrett@brown.com,Leeds,MTR0010,Detached,06/01/2024 13:26:24,0.48,0.53,FALSE,0,,FALSE,,
REC003293,CUST010,Laura Richardson,parsonsbrett@brown.com,Leeds,MTR0010,Detached,06/01/2024 13:55:12,0.8,0.73,FALSE,0,,FALSE,,
REC003294,CUST010,Laura Richardson,parsonsbrett@brown.com,Leeds,MTR0010,Detached,06/01/2024 14:24:00,0.61,0.63,FALSE,0,,FALSE,,
REC003295,CUST010,Laura Richardson,parsonsbrett@brown.com,Leeds,MTR0010,Detached,06/01/2024 15:07:12,0.75,0.64,FALSE,0,,FALSE,,
REC003296,CUST010,Laura Richardson,parsonsbrett@brown.com,Leeds,MTR0010,Detached,06/01/2024 15:36:00,0.85,0.89,FALSE,0,,FALSE,,
REC003297,CUST010,Laura Richardson,parsonsbrett@brown.com,Leeds,MTR0010,Detached,06/01/2024 16:04:48,0.95,0.85,FALSE,0,,FALSE,,
REC003298,CUST010,Laura Richardson,parsonsbrett@brown.com,Leeds,MTR0010,Detached,06/01/2024 16:33:36,0.28,0.33,FALSE,0,,FALSE,,
REC003299,CUST010,Laura Richardson,parsonsbrett@brown.com,Leeds,MTR0010,Detached,06/01/2024 17:02:24,0.83,1.08,FALSE,0,,FALSE,,
REC003300,CUST010,Laura Richardson,parsonsbrett@brown.com,Leeds,MTR0010,Detached,06/01/2024 17:31:12,0.78,0.75,FALSE,0,,FALSE,,
REC003301,CUST010,Laura Richardson,parsonsbrett@brown.com,Leeds,MTR0010,Detached,06/01/2024 18:00:00,0.7,0.9,FALSE,0,,FALSE,,
REC003302,CUST010,Laura Richardson,parsonsbrett@brown.com,Leeds,MTR0010,Detached,06/01/2024 18:28:48,0.35,0.42,FALSE,0,,FALSE,,
REC003303,CUST010,Laura Richardson,parsonsbrett@brown.com,Leeds,MTR0010,Detached,06/01/2024 18:57:36,0.44,0.7,FALSE,0,,FALSE,,
REC003304,CUST010,Laura Richardson,parsonsbrett@brown.com,Leeds,MTR0010,Detached,06/01/2024 19:26:24,0.9,0.91,FALSE,0,,FALSE,,
REC003305,CUST010,Laura Richardson,parsonsbrett@brown.com,Leeds,MTR0010,Detached,06/01/2024 19:55:12,0.69,0.68,FALSE,0,,FALSE,,
REC003306,CUST010,Laura Richardson,parsonsbrett@brown.com,Leeds,MTR0010,Detached,06/01/2024 20:24:00,1.08,1.03,FALSE,0,,FALSE,,
REC003307,CUST010,Laura Richardson,parsonsbrett@brown.com,Leeds,MTR0010,Detached,06/01/2024 21:07:12,0.23,0.4,FALSE,0,,FALSE,,
REC003308,CUST010,Laura Richardson,parsonsbrett@brown.com,Leeds,MTR0010,Detached,06/01/2024 21:36:00,0.71,0.81,FALSE,0,,FALSE,,
REC003309,CUST010,Laura Richardson,parsonsbrett@brown.com,Leeds,MTR0010,Detached,06/01/2024 22:04:48,1.04,1.08,FALSE,0,,FALSE,,
REC003310,CUST010,Laura Richardson,parsonsbrett@brown.com,Leeds,MTR0010,Detached,06/01/2024 22:33:36,0.95,0.9,FALSE,0,,FALSE,,
REC003311,CUST010,Laura Richardson,parsonsbrett@brown.com,Leeds,MTR0010,Detached,06/01/2024 23:02:24,0.81,0.79,FALSE,0,,FALSE,,
REC003312,CUST010,Laura Richardson,parsonsbrett@brown.com,Leeds,MTR0010,Detached,06/01/2024 23:31:12,1.04,1.15,FALSE,0,,FALSE,,
REC003313,CUST010,Laura Richardson,parsonsbrett@brown.com,Leeds,MTR0010,Detached,07/01/2024 00:00:00,0.77,0.67,FALSE,0,,FALSE,,
REC003314,CUST010,Laura Richardson,parsonsbrett@brown.com,Leeds,MTR0010,Detached,07/01/2024 00:28:48,0.98,1.14,FALSE,0,,FALSE,,
REC003315,CUST010,Laura Richardson,parsonsbrett@brown.com,Leeds,MTR0010,Detached,07/01/2024 00:57:36,1.08,1.05,FALSE,0,,FALSE,,
REC003316,CUST010,Laura Richardson,parsonsbrett@brown.com,Leeds,MTR0010,Detached,07/01/2024 01:26:24,0.95,1.04,FALSE,0,,FALSE,,
REC003317,CUST010,Laura Richardson,parsonsbrett@brown.com,Leeds,MTR0010,Detached,07/01/2024 01:55:12,0.63,0.56,FALSE,0,,FALSE,,
REC003318,CUST010,Laura Richardson,parsonsbrett@brown.com,Leeds,MTR0010,Detached,07/01/2024 02:24:00,0.28,0.35,FALSE,0,,FALSE,,
REC003319,CUST010,Laura Richardson,parsonsbrett@brown.com,Leeds,MTR0010,Detached,07/01/2024 03:07:12,0.92,0.63,TRUE,46.03,Schedule change,TRUE,1/7/2024 03:19,TRUE
REC003320,CUST010,Laura Richardson,parsonsbrett@brown.com,Leeds,MTR0010,Detached,07/01/2024 03:36:00,0.99,0.96,FALSE,0,,FALSE,,
REC003321,CUST010,Laura Richardson,parsonsbrett@brown.com,Leeds,MTR0010,Detached,07/01/2024 04:04:48,0.76,0.62,FALSE,0,,FALSE,,
REC003322,CUST010,Laura Richardson,parsonsbrett@brown.com,Leeds,MTR0010,Detached,07/01/2024 04:33:36,0.97,0.79,FALSE,0,,FALSE,,
REC003323,CUST010,Laura Richardson,parsonsbrett@brown.com,Leeds,MTR0010,Detached,07/01/2024 05:02:24,0.85,0.88,FALSE,0,,FALSE,,
REC003324,CUST010,Laura Richardson,parsonsbrett@brown.com,Leeds,MTR0010,Detached,07/01/2024 05:31:12,0.39,0.41,FALSE,0,,FALSE,,
REC003325,CUST010,Laura Richardson,parsonsbrett@brown.com,Leeds,MTR0010,Detached,07/01/2024 06:00:00,0.62,0.5,FALSE,0,,FALSE,,
REC003326,CUST010,Laura Richardson,parsonsbrett@brown.com,Leeds,MTR0010,Detached,07/01/2024 06:28:48,0.93,0.93,FALSE,0,,FALSE,,
REC003327,CUST010,Laura Richardson,parsonsbrett@brown.com,Leeds,MTR0010,Detached,07/01/2024 06:57:36,0.9,1.01,FALSE,0,,FALSE,,
REC003328,CUST010,Laura Richardson,parsonsbrett@brown.com,Leeds,MTR0010,Detached,07/01/2024 07:26:24,0.48,0.65,FALSE,0,,FALSE,,
REC003329,CUST010,Laura Richardson,parsonsbrett@brown.com,Leeds,MTR0010,Detached,07/01/2024 07:55:12,0.48,0.47,FALSE,0,,FALSE,,
REC003330,CUST010,Laura Richardson,parsonsbrett@brown.com,Leeds,MTR0010,Detached,07/01/2024 08:24:00,1.13,1.19,FALSE,0,,FALSE,,
REC003331,CUST010,Laura Richardson,parsonsbrett@brown.com,Leeds,MTR0010,Detached,07/01/2024 09:07:12,0.52,0.45,FALSE,0,,FALSE,,
REC003332,CUST010,Laura Richardson,parsonsbrett@brown.com,Leeds,MTR0010,Detached,07/01/2024 09:36:00,0.88,0.93,FALSE,0,,FALSE,,
REC003333,CUST010,Laura Richardson,parsonsbrett@brown.com,Leeds,MTR0010,Detached,07/01/2024 10:04:48,1.32,1.15,FALSE,0,,FALSE,,
REC003334,CUST010,Laura Richardson,parsonsbrett@brown.com,Leeds,MTR0010,Detached,07/01/2024 10:33:36,0.62,0.72,FALSE,0,,FALSE,,
REC003335,CUST010,Laura Richardson,parsonsbrett@brown.com,Leeds,MTR0010,Detached,07/01/2024 11:02:24,0.74,0.87,FALSE,0,,FALSE,,
REC003336,CUST010,Laura Richardson,parsonsbrett@brown.com,Leeds,MTR0010,Detached,07/01/2024 11:31:12,0.74,0.76,FALSE,0,,FALSE,,
REC003337,CUST010,Laura Richardson,parsonsbrett@brown.com,Leeds,MTR0010,Detached,07/01/2024 12:00:00,0.84,0.78,FALSE,0,,FALSE,,
REC003338,CUST010,Laura Richardson,parsonsbrett@brown.com,Leeds,MTR0010,Detached,07/01/2024 12:28:48,0.98,0.9,FALSE,0,,FALSE,,
REC003339,CUST010,Laura Richardson,parsonsbrett@brown.com,Leeds,MTR0010,Detached,07/01/2024 12:57:36,0.4,0.4,FALSE,0,,FALSE,,
REC003340,CUST010,Laura Richardson,parsonsbrett@brown.com,Leeds,MTR0010,Detached,07/01/2024 13:26:24,1.28,1.1,FALSE,0,,FALSE,,
REC003341,CUST010,Laura Richardson,parsonsbrett@brown.com,Leeds,MTR0010,Detached,07/01/2024 13:55:12,1.12,1.13,FALSE,0,,FALSE,,
REC003342,CUST010,Laura Richardson,parsonsbrett@brown.com,Leeds,MTR0010,Detached,07/01/2024 14:24:00,0.75,0.79,FALSE,0,,FALSE,,
REC003343,CUST010,Laura Richardson,parsonsbrett@brown.com,Leeds,MTR0010,Detached,07/01/2024 15:07:12,0.46,0.43,FALSE,0,,FALSE,,
REC003344,CUST010,Laura Richardson,parsonsbrett@brown.com,Leeds,MTR0010,Detached,07/01/2024 15:36:00,0.82,0.94,FALSE,0,,FALSE,,
REC003345,CUST010,Laura Richardson,parsonsbrett@brown.com,Leeds,MTR0010,Detached,07/01/2024 16:04:48,1.22,1.12,FALSE,0,,FALSE,,
REC003346,CUST010,Laura Richardson,parsonsbrett@brown.com,Leeds,MTR0010,Detached,07/01/2024 16:33:36,0.77,0.65,FALSE,0,,FALSE,,
REC003347,CUST010,Laura Richardson,parsonsbrett@brown.com,Leeds,MTR0010,Detached,07/01/2024 17:02:24,0.31,0.3,FALSE,0,,FALSE,,
REC003348,CUST010,Laura Richardson,parsonsbrett@brown.com,Leeds,MTR0010,Detached,07/01/2024 17:31:12,0.81,0.91,FALSE,0,,FALSE,,
REC003349,CUST010,Laura Richardson,parsonsbrett@brown.com,Leeds,MTR0010,Detached,07/01/2024 18:00:00,0.7,0.68,FALSE,0,,FALSE,,
REC003350,CUST010,Laura Richardson,parsonsbrett@brown.com,Leeds,MTR0010,Detached,07/01/2024 18:28:48,0.54,0.37,TRUE,45.95,Overnight appliance,TRUE,1/7/2024 18:47,TRUE
REC003351,CUST010,Laura Richardson,parsonsbrett@brown.com,Leeds,MTR0010,Detached,07/01/2024 18:57:36,0.52,0.47,FALSE,0,,FALSE,,
REC003352,CUST010,Laura Richardson,parsonsbrett@brown.com,Leeds,MTR0010,Detached,07/01/2024 19:26:24,1.19,1.11,FALSE,0,,FALSE,,
REC003353,CUST010,Laura Richardson,parsonsbrett@brown.com,Leeds,MTR0010,Detached,07/01/2024 19:55:12,0.5,0.41,FALSE,0,,FALSE,,
REC003354,CUST010,Laura Richardson,parsonsbrett@brown.com,Leeds,MTR0010,Detached,07/01/2024 20:24:00,0.34,0.46,FALSE,0,,FALSE,,
REC003355,CUST010,Laura Richardson,parsonsbrett@brown.com,Leeds,MTR0010,Detached,07/01/2024 21:07:12,0.79,0.82,FALSE,0,,FALSE,,
REC003356,CUST010,Laura Richardson,parsonsbrett@brown.com,Leeds,MTR0010,Detached,07/01/2024 21:36:00,0.96,0.9,FALSE,0,,FALSE,,
REC003357,CUST010,Laura Richardson,parsonsbrett@brown.com,Leeds,MTR0010,Detached,07/01/2024 22:04:48,0.32,0.47,FALSE,0,,FALSE,,
REC003358,CUST010,Laura Richardson,parsonsbrett@brown.com,Leeds,MTR0010,Detached,07/01/2024 22:33:36,0.6,0.49,FALSE,0,,FALSE,,
REC003359,CUST010,Laura Richardson,parsonsbrett@brown.com,Leeds,MTR0010,Detached,07/01/2024 23:02:24,0.44,0.58,FALSE,0,,FALSE,,
REC003360,CUST010,Laura Richardson,parsonsbrett@brown.com,Leeds,MTR0010,Detached,07/01/2024 23:31:12,0.64,0.7,FALSE,0,,FALSE,,
REC003361,CUST011,Alan Thompson,jaynelee@yahoo.co.uk,Leeds,MTR0011,Detached,01/01/2024 00:00:00,0.7,0.59,FALSE,0,,FALSE,,
REC003362,CUST011,Alan Thompson,jaynelee@yahoo.co.uk,Leeds,MTR0011,Detached,01/01/2024 00:28:48,0.79,0.81,FALSE,0,,FALSE,,
REC003363,CUST011,Alan Thompson,jaynelee@yahoo.co.uk,Leeds,MTR0011,Detached,01/01/2024 00:57:36,0.45,0.44,FALSE,0,,FALSE,,
REC003364,CUST011,Alan Thompson,jaynelee@yahoo.co.uk,Leeds,MTR0011,Detached,01/01/2024 01:26:24,1.09,0.89,FALSE,0,,FALSE,,
REC003365,CUST011,Alan Thompson,jaynelee@yahoo.co.uk,Leeds,MTR0011,Detached,01/01/2024 01:55:12,1.19,1.1,FALSE,0,,FALSE,,
REC003366,CUST011,Alan Thompson,jaynelee@yahoo.co.uk,Leeds,MTR0011,Detached,01/01/2024 02:24:00,0.97,0.98,FALSE,0,,FALSE,,
REC003367,CUST011,Alan Thompson,jaynelee@yahoo.co.uk,Leeds,MTR0011,Detached,01/01/2024 03:07:12,0.58,0.74,FALSE,0,,FALSE,,
REC003368,CUST011,Alan Thompson,jaynelee@yahoo.co.uk,Leeds,MTR0011,Detached,01/01/2024 03:36:00,1.29,1.19,FALSE,0,,FALSE,,
REC003369,CUST011,Alan Thompson,jaynelee@yahoo.co.uk,Leeds,MTR0011,Detached,01/01/2024 04:04:48,0.89,0.9,FALSE,0,,FALSE,,
REC003370,CUST011,Alan Thompson,jaynelee@yahoo.co.uk,Leeds,MTR0011,Detached,01/01/2024 04:33:36,0.83,0.86,FALSE,0,,FALSE,,
REC003371,CUST011,Alan Thompson,jaynelee@yahoo.co.uk,Leeds,MTR0011,Detached,01/01/2024 05:02:24,0.35,0.35,FALSE,0,,FALSE,,
REC003372,CUST011,Alan Thompson,jaynelee@yahoo.co.uk,Leeds,MTR0011,Detached,01/01/2024 05:31:12,0.56,0.6,FALSE,0,,FALSE,,
REC003373,CUST011,Alan Thompson,jaynelee@yahoo.co.uk,Leeds,MTR0011,Detached,01/01/2024 06:00:00,0.62,0.69,FALSE,0,,FALSE,,
REC003374,CUST011,Alan Thompson,jaynelee@yahoo.co.uk,Leeds,MTR0011,Detached,01/01/2024 06:28:48,0.87,0.92,FALSE,0,,FALSE,,
REC003375,CUST011,Alan Thompson,jaynelee@yahoo.co.uk,Leeds,MTR0011,Detached,01/01/2024 06:57:36,0.7,0.76,FALSE,0,,FALSE,,
REC003376,CUST011,Alan Thompson,jaynelee@yahoo.co.uk,Leeds,MTR0011,Detached,01/01/2024 07:26:24,0.73,0.83,FALSE,0,,FALSE,,
REC003377,CUST011,Alan Thompson,jaynelee@yahoo.co.uk,Leeds,MTR0011,Detached,01/01/2024 07:55:12,0.43,0.37,FALSE,0,,FALSE,,
REC003378,CUST011,Alan Thompson,jaynelee@yahoo.co.uk,Leeds,MTR0011,Detached,01/01/2024 08:24:00,1.05,0.98,FALSE,0,,FALSE,,
REC003379,CUST011,Alan Thompson,jaynelee@yahoo.co.uk,Leeds,MTR0011,Detached,01/01/2024 09:07:12,0.91,0.94,FALSE,0,,FALSE,,
REC003380,CUST011,Alan Thompson,jaynelee@yahoo.co.uk,Leeds,MTR0011,Detached,01/01/2024 09:36:00,1.09,0.88,FALSE,0,,FALSE,,
REC003381,CUST011,Alan Thompson,jaynelee@yahoo.co.uk,Leeds,MTR0011,Detached,01/01/2024 10:04:48,0.46,0.33,FALSE,0,,FALSE,,
REC003382,CUST011,Alan Thompson,jaynelee@yahoo.co.uk,Leeds,MTR0011,Detached,01/01/2024 10:33:36,0.81,0.75,FALSE,0,,FALSE,,
REC003383,CUST011,Alan Thompson,jaynelee@yahoo.co.uk,Leeds,MTR0011,Detached,01/01/2024 11:02:24,0.71,0.62,FALSE,0,,FALSE,,
REC003384,CUST011,Alan Thompson,jaynelee@yahoo.co.uk,Leeds,MTR0011,Detached,01/01/2024 11:31:12,0.79,0.92,FALSE,0,,FALSE,,
REC003385,CUST011,Alan Thompson,jaynelee@yahoo.co.uk,Leeds,MTR0011,Detached,01/01/2024 12:00:00,1.2,1.08,FALSE,0,,FALSE,,
REC003386,CUST011,Alan Thompson,jaynelee@yahoo.co.uk,Leeds,MTR0011,Detached,01/01/2024 12:28:48,0.74,0.81,FALSE,0,,FALSE,,
REC003387,CUST011,Alan Thompson,jaynelee@yahoo.co.uk,Leeds,MTR0011,Detached,01/01/2024 12:57:36,1.27,1.09,FALSE,0,,FALSE,,
REC003388,CUST011,Alan Thompson,jaynelee@yahoo.co.uk,Leeds,MTR0011,Detached,01/01/2024 13:26:24,1.1,0.82,FALSE,0,,FALSE,,
REC003389,CUST011,Alan Thompson,jaynelee@yahoo.co.uk,Leeds,MTR0011,Detached,01/01/2024 13:55:12,1.2,0.97,FALSE,0,,FALSE,,
REC003390,CUST011,Alan Thompson,jaynelee@yahoo.co.uk,Leeds,MTR0011,Detached,01/01/2024 14:24:00,0.79,0.73,FALSE,0,,FALSE,,
REC003391,CUST011,Alan Thompson,jaynelee@yahoo.co.uk,Leeds,MTR0011,Detached,01/01/2024 15:07:12,0.46,0.38,FALSE,0,,FALSE,,
REC003392,CUST011,Alan Thompson,jaynelee@yahoo.co.uk,Leeds,MTR0011,Detached,01/01/2024 15:36:00,0.66,0.58,FALSE,0,,FALSE,,
REC003393,CUST011,Alan Thompson,jaynelee@yahoo.co.uk,Leeds,MTR0011,Detached,01/01/2024 16:04:48,0.55,0.58,FALSE,0,,FALSE,,
REC003394,CUST011,Alan Thompson,jaynelee@yahoo.co.uk,Leeds,MTR0011,Detached,01/01/2024 16:33:36,0.88,0.83,FALSE,0,,FALSE,,
REC003395,CUST011,Alan Thompson,jaynelee@yahoo.co.uk,Leeds,MTR0011,Detached,01/01/2024 17:02:24,1.06,1.14,FALSE,0,,FALSE,,
REC003396,CUST011,Alan Thompson,jaynelee@yahoo.co.uk,Leeds,MTR0011,Detached,01/01/2024 17:31:12,1.09,0.92,FALSE,0,,FALSE,,
REC003397,CUST011,Alan Thompson,jaynelee@yahoo.co.uk,Leeds,MTR0011,Detached,01/01/2024 18:00:00,0.68,0.61,FALSE,0,,FALSE,,
REC003398,CUST011,Alan Thompson,jaynelee@yahoo.co.uk,Leeds,MTR0011,Detached,01/01/2024 18:28:48,0.75,0.62,FALSE,0,,FALSE,,
REC003399,CUST011,Alan Thompson,jaynelee@yahoo.co.uk,Leeds,MTR0011,Detached,01/01/2024 18:57:36,0.35,0.34,FALSE,0,,FALSE,,
REC003400,CUST011,Alan Thompson,jaynelee@yahoo.co.uk,Leeds,MTR0011,Detached,01/01/2024 19:26:24,0.94,0.99,FALSE,0,,FALSE,,
REC003401,CUST011,Alan Thompson,jaynelee@yahoo.co.uk,Leeds,MTR0011,Detached,01/01/2024 19:55:12,0.65,0.78,FALSE,0,,FALSE,,
REC003402,CUST011,Alan Thompson,jaynelee@yahoo.co.uk,Leeds,MTR0011,Detached,01/01/2024 20:24:00,0.63,0.7,FALSE,0,,FALSE,,
REC003403,CUST011,Alan Thompson,jaynelee@yahoo.co.uk,Leeds,MTR0011,Detached,01/01/2024 21:07:12,0.36,0.37,FALSE,0,,FALSE,,
REC003404,CUST011,Alan Thompson,jaynelee@yahoo.co.uk,Leeds,MTR0011,Detached,01/01/2024 21:36:00,1.27,1.19,FALSE,0,,FALSE,,
REC003405,CUST011,Alan Thompson,jaynelee@yahoo.co.uk,Leeds,MTR0011,Detached,01/01/2024 22:04:48,0.84,0.8,FALSE,0,,FALSE,,
REC003406,CUST011,Alan Thompson,jaynelee@yahoo.co.uk,Leeds,MTR0011,Detached,01/01/2024 22:33:36,0.45,0.43,FALSE,0,,FALSE,,
REC003407,CUST011,Alan Thompson,jaynelee@yahoo.co.uk,Leeds,MTR0011,Detached,01/01/2024 23:02:24,0.46,0.39,FALSE,0,,FALSE,,
REC003408,CUST011,Alan Thompson,jaynelee@yahoo.co.uk,Leeds,MTR0011,Detached,01/01/2024 23:31:12,0.78,0.79,FALSE,0,,FALSE,,
REC003409,CUST011,Alan Thompson,jaynelee@yahoo.co.uk,Leeds,MTR0011,Detached,02/01/2024 00:00:00,0.84,0.77,FALSE,0,,FALSE,,
REC003410,CUST011,Alan Thompson,jaynelee@yahoo.co.uk,Leeds,MTR0011,Detached,02/01/2024 00:28:48,0.51,0.49,FALSE,0,,FALSE,,
REC003411,CUST011,Alan Thompson,jaynelee@yahoo.co.uk,Leeds,MTR0011,Detached,02/01/2024 00:57:36,0.92,0.9,FALSE,0,,FALSE,,
REC003412,CUST011,Alan Thompson,jaynelee@yahoo.co.uk,Leeds,MTR0011,Detached,02/01/2024 01:26:24,0.38,0.45,FALSE,0,,FALSE,,
REC003413,CUST011,Alan Thompson,jaynelee@yahoo.co.uk,Leeds,MTR0011,Detached,02/01/2024 01:55:12,0.93,0.96,FALSE,0,,FALSE,,
REC003414,CUST011,Alan Thompson,jaynelee@yahoo.co.uk,Leeds,MTR0011,Detached,02/01/2024 02:24:00,0.65,0.84,FALSE,0,,FALSE,,
REC003415,CUST011,Alan Thompson,jaynelee@yahoo.co.uk,Leeds,MTR0011,Detached,02/01/2024 03:07:12,0.36,0.45,FALSE,0,,FALSE,,
REC003416,CUST011,Alan Thompson,jaynelee@yahoo.co.uk,Leeds,MTR0011,Detached,02/01/2024 03:36:00,1.01,0.9,FALSE,0,,FALSE,,
REC003417,CUST011,Alan Thompson,jaynelee@yahoo.co.uk,Leeds,MTR0011,Detached,02/01/2024 04:04:48,0.36,0.44,FALSE,0,,FALSE,,
REC003418,CUST011,Alan Thompson,jaynelee@yahoo.co.uk,Leeds,MTR0011,Detached,02/01/2024 04:33:36,0.72,0.68,FALSE,0,,FALSE,,
REC003419,CUST011,Alan Thompson,jaynelee@yahoo.co.uk,Leeds,MTR0011,Detached,02/01/2024 05:02:24,0.44,0.52,FALSE,0,,FALSE,,
REC003420,CUST011,Alan Thompson,jaynelee@yahoo.co.uk,Leeds,MTR0011,Detached,02/01/2024 05:31:12,1.18,1.09,FALSE,0,,FALSE,,
REC003421,CUST011,Alan Thompson,jaynelee@yahoo.co.uk,Leeds,MTR0011,Detached,02/01/2024 06:00:00,1.15,1.1,FALSE,0,,FALSE,,
REC003422,CUST011,Alan Thompson,jaynelee@yahoo.co.uk,Leeds,MTR0011,Detached,02/01/2024 06:28:48,0.26,0.38,FALSE,0,,FALSE,,
REC003423,CUST011,Alan Thompson,jaynelee@yahoo.co.uk,Leeds,MTR0011,Detached,02/01/2024 06:57:36,0.75,0.65,FALSE,0,,FALSE,,
REC003424,CUST011,Alan Thompson,jaynelee@yahoo.co.uk,Leeds,MTR0011,Detached,02/01/2024 07:26:24,0.99,0.86,FALSE,0,,FALSE,,
REC003425,CUST011,Alan Thompson,jaynelee@yahoo.co.uk,Leeds,MTR0011,Detached,02/01/2024 07:55:12,0.47,0.55,FALSE,0,,FALSE,,
REC003426,CUST011,Alan Thompson,jaynelee@yahoo.co.uk,Leeds,MTR0011,Detached,02/01/2024 08:24:00,0.92,0.95,FALSE,0,,FALSE,,
REC003427,CUST011,Alan Thompson,jaynelee@yahoo.co.uk,Leeds,MTR0011,Detached,02/01/2024 09:07:12,0.65,0.75,FALSE,0,,FALSE,,
REC003428,CUST011,Alan Thompson,jaynelee@yahoo.co.uk,Leeds,MTR0011,Detached,02/01/2024 09:36:00,0.67,0.59,FALSE,0,,FALSE,,
REC003429,CUST011,Alan Thompson,jaynelee@yahoo.co.uk,Leeds,MTR0011,Detached,02/01/2024 10:04:48,0.6,0.6,FALSE,0,,FALSE,,
REC003430,CUST011,Alan Thompson,jaynelee@yahoo.co.uk,Leeds,MTR0011,Detached,02/01/2024 10:33:36,0.77,0.77,FALSE,0,,FALSE,,
REC003431,CUST011,Alan Thompson,jaynelee@yahoo.co.uk,Leeds,MTR0011,Detached,02/01/2024 11:02:24,0.5,0.71,FALSE,0,,FALSE,,
REC003432,CUST011,Alan Thompson,jaynelee@yahoo.co.uk,Leeds,MTR0011,Detached,02/01/2024 11:31:12,1.12,1.13,FALSE,0,,FALSE,,
REC003433,CUST011,Alan Thompson,jaynelee@yahoo.co.uk,Leeds,MTR0011,Detached,02/01/2024 12:00:00,0.45,0.32,TRUE,40.62,Overnight appliance,TRUE,1/2/2024 12:03,TRUE
REC003434,CUST011,Alan Thompson,jaynelee@yahoo.co.uk,Leeds,MTR0011,Detached,02/01/2024 12:28:48,0.72,0.5,TRUE,44,Overnight appliance,TRUE,1/2/2024 12:59,TRUE
REC003435,CUST011,Alan Thompson,jaynelee@yahoo.co.uk,Leeds,MTR0011,Detached,02/01/2024 12:57:36,0.82,0.69,FALSE,0,,FALSE,,
REC003436,CUST011,Alan Thompson,jaynelee@yahoo.co.uk,Leeds,MTR0011,Detached,02/01/2024 13:26:24,0.39,0.3,FALSE,0,,FALSE,,
REC003437,CUST011,Alan Thompson,jaynelee@yahoo.co.uk,Leeds,MTR0011,Detached,02/01/2024 13:55:12,1.09,1.14,FALSE,0,,FALSE,,
REC003438,CUST011,Alan Thompson,jaynelee@yahoo.co.uk,Leeds,MTR0011,Detached,02/01/2024 14:24:00,0.48,0.54,FALSE,0,,FALSE,,
REC003439,CUST011,Alan Thompson,jaynelee@yahoo.co.uk,Leeds,MTR0011,Detached,02/01/2024 15:07:12,0.26,0.33,FALSE,0,,FALSE,,
REC003440,CUST011,Alan Thompson,jaynelee@yahoo.co.uk,Leeds,MTR0011,Detached,02/01/2024 15:36:00,0.37,0.4,FALSE,0,,FALSE,,
REC003441,CUST011,Alan Thompson,jaynelee@yahoo.co.uk,Leeds,MTR0011,Detached,02/01/2024 16:04:48,0.91,0.95,FALSE,0,,FALSE,,
REC003442,CUST011,Alan Thompson,jaynelee@yahoo.co.uk,Leeds,MTR0011,Detached,02/01/2024 16:33:36,0.38,0.32,FALSE,0,,FALSE,,
REC003443,CUST011,Alan Thompson,jaynelee@yahoo.co.uk,Leeds,MTR0011,Detached,02/01/2024 17:02:24,0.35,0.5,FALSE,0,,FALSE,,
REC003444,CUST011,Alan Thompson,jaynelee@yahoo.co.uk,Leeds,MTR0011,Detached,02/01/2024 17:31:12,0.72,0.76,FALSE,0,,FALSE,,
REC003445,CUST011,Alan Thompson,jaynelee@yahoo.co.uk,Leeds,MTR0011,Detached,02/01/2024 18:00:00,0.34,0.53,FALSE,0,,FALSE,,
REC003446,CUST011,Alan Thompson,jaynelee@yahoo.co.uk,Leeds,MTR0011,Detached,02/01/2024 18:28:48,0.73,0.64,FALSE,0,,FALSE,,
REC003447,CUST011,Alan Thompson,jaynelee@yahoo.co.uk,Leeds,MTR0011,Detached,02/01/2024 18:57:36,0.63,0.67,FALSE,0,,FALSE,,
REC003448,CUST011,Alan Thompson,jaynelee@yahoo.co.uk,Leeds,MTR0011,Detached,02/01/2024 19:26:24,1.24,1.07,FALSE,0,,FALSE,,
REC003449,CUST011,Alan Thompson,jaynelee@yahoo.co.uk,Leeds,MTR0011,Detached,02/01/2024 19:55:12,1.22,1.15,FALSE,0,,FALSE,,
REC003450,CUST011,Alan Thompson,jaynelee@yahoo.co.uk,Leeds,MTR0011,Detached,02/01/2024 20:24:00,0.2,0.39,FALSE,0,,FALSE,,
REC003451,CUST011,Alan Thompson,jaynelee@yahoo.co.uk,Leeds,MTR0011,Detached,02/01/2024 21:07:12,0.35,0.48,FALSE,0,,FALSE,,
REC003452,CUST011,Alan Thompson,jaynelee@yahoo.co.uk,Leeds,MTR0011,Detached,02/01/2024 21:36:00,1.05,1.09,FALSE,0,,FALSE,,
REC003453,CUST011,Alan Thompson,jaynelee@yahoo.co.uk,Leeds,MTR0011,Detached,02/01/2024 22:04:48,0.66,0.44,TRUE,50,Heater malfunction,TRUE,1/2/2024 22:14,TRUE
REC003454,CUST011,Alan Thompson,jaynelee@yahoo.co.uk,Leeds,MTR0011,Detached,02/01/2024 22:33:36,0.83,0.92,FALSE,0,,FALSE,,
REC003455,CUST011,Alan Thompson,jaynelee@yahoo.co.uk,Leeds,MTR0011,Detached,02/01/2024 23:02:24,0.66,0.64,FALSE,0,,FALSE,,
REC003456,CUST011,Alan Thompson,jaynelee@yahoo.co.uk,Leeds,MTR0011,Detached,02/01/2024 23:31:12,0.81,0.7,FALSE,0,,FALSE,,
REC003457,CUST011,Alan Thompson,jaynelee@yahoo.co.uk,Leeds,MTR0011,Detached,03/01/2024 00:00:00,0.49,0.36,FALSE,0,,FALSE,,
REC003458,CUST011,Alan Thompson,jaynelee@yahoo.co.uk,Leeds,MTR0011,Detached,03/01/2024 00:28:48,0.84,0.85,FALSE,0,,FALSE,,
REC003459,CUST011,Alan Thompson,jaynelee@yahoo.co.uk,Leeds,MTR0011,Detached,03/01/2024 00:57:36,0.95,1.05,FALSE,0,,FALSE,,
REC003460,CUST011,Alan Thompson,jaynelee@yahoo.co.uk,Leeds,MTR0011,Detached,03/01/2024 01:26:24,0.31,0.31,FALSE,0,,FALSE,,
REC003461,CUST011,Alan Thompson,jaynelee@yahoo.co.uk,Leeds,MTR0011,Detached,03/01/2024 01:55:12,0.67,0.57,FALSE,0,,FALSE,,
REC003462,CUST011,Alan Thompson,jaynelee@yahoo.co.uk,Leeds,MTR0011,Detached,03/01/2024 02:24:00,0.64,0.57,FALSE,0,,FALSE,,
REC003463,CUST011,Alan Thompson,jaynelee@yahoo.co.uk,Leeds,MTR0011,Detached,03/01/2024 03:07:12,0.57,0.75,FALSE,0,,FALSE,,
REC003464,CUST011,Alan Thompson,jaynelee@yahoo.co.uk,Leeds,MTR0011,Detached,03/01/2024 03:36:00,0.35,0.51,FALSE,0,,FALSE,,
REC003465,CUST011,Alan Thompson,jaynelee@yahoo.co.uk,Leeds,MTR0011,Detached,03/01/2024 04:04:48,0.27,0.42,FALSE,0,,FALSE,,
REC003466,CUST011,Alan Thompson,jaynelee@yahoo.co.uk,Leeds,MTR0011,Detached,03/01/2024 04:33:36,1.28,1.18,FALSE,0,,FALSE,,
REC003467,CUST011,Alan Thompson,jaynelee@yahoo.co.uk,Leeds,MTR0011,Detached,03/01/2024 05:02:24,0.34,0.47,FALSE,0,,FALSE,,
REC003468,CUST011,Alan Thompson,jaynelee@yahoo.co.uk,Leeds,MTR0011,Detached,03/01/2024 05:31:12,0.17,0.31,FALSE,0,,FALSE,,
REC003469,CUST011,Alan Thompson,jaynelee@yahoo.co.uk,Leeds,MTR0011,Detached,03/01/2024 06:00:00,1.07,1.06,FALSE,0,,FALSE,,
REC003470,CUST011,Alan Thompson,jaynelee@yahoo.co.uk,Leeds,MTR0011,Detached,03/01/2024 06:28:48,0.89,0.79,FALSE,0,,FALSE,,
REC003471,CUST011,Alan Thompson,jaynelee@yahoo.co.uk,Leeds,MTR0011,Detached,03/01/2024 06:57:36,1.05,0.89,FALSE,0,,FALSE,,
REC003472,CUST011,Alan Thompson,jaynelee@yahoo.co.uk,Leeds,MTR0011,Detached,03/01/2024 07:26:24,0.22,0.34,FALSE,0,,FALSE,,
REC003473,CUST011,Alan Thompson,jaynelee@yahoo.co.uk,Leeds,MTR0011,Detached,03/01/2024 07:55:12,0.57,0.35,TRUE,62.86,Schedule change,TRUE,1/3/2024 08:07,TRUE
REC003474,CUST011,Alan Thompson,jaynelee@yahoo.co.uk,Leeds,MTR0011,Detached,03/01/2024 08:24:00,0.91,1.1,FALSE,0,,FALSE,,
REC003475,CUST011,Alan Thompson,jaynelee@yahoo.co.uk,Leeds,MTR0011,Detached,03/01/2024 09:07:12,0.34,0.39,FALSE,0,,FALSE,,
REC003476,CUST011,Alan Thompson,jaynelee@yahoo.co.uk,Leeds,MTR0011,Detached,03/01/2024 09:36:00,0.71,0.65,FALSE,0,,FALSE,,
REC003477,CUST011,Alan Thompson,jaynelee@yahoo.co.uk,Leeds,MTR0011,Detached,03/01/2024 10:04:48,0.47,0.58,FALSE,0,,FALSE,,
REC003478,CUST011,Alan Thompson,jaynelee@yahoo.co.uk,Leeds,MTR0011,Detached,03/01/2024 10:33:36,0.72,0.75,FALSE,0,,FALSE,,
REC003479,CUST011,Alan Thompson,jaynelee@yahoo.co.uk,Leeds,MTR0011,Detached,03/01/2024 11:02:24,0.97,1.02,FALSE,0,,FALSE,,
REC003480,CUST011,Alan Thompson,jaynelee@yahoo.co.uk,Leeds,MTR0011,Detached,03/01/2024 11:31:12,0.77,1.06,FALSE,0,,FALSE,,
REC003481,CUST011,Alan Thompson,jaynelee@yahoo.co.uk,Leeds,MTR0011,Detached,03/01/2024 12:00:00,0.77,0.94,FALSE,0,,FALSE,,
REC003482,CUST011,Alan Thompson,jaynelee@yahoo.co.uk,Leeds,MTR0011,Detached,03/01/2024 12:28:48,1.09,1.1,FALSE,0,,FALSE,,
REC003483,CUST011,Alan Thompson,jaynelee@yahoo.co.uk,Leeds,MTR0011,Detached,03/01/2024 12:57:36,0.75,0.82,FALSE,0,,FALSE,,
REC003484,CUST011,Alan Thompson,jaynelee@yahoo.co.uk,Leeds,MTR0011,Detached,03/01/2024 13:26:24,0.93,1.02,FALSE,0,,FALSE,,
REC003485,CUST011,Alan Thompson,jaynelee@yahoo.co.uk,Leeds,MTR0011,Detached,03/01/2024 13:55:12,0.29,0.34,FALSE,0,,FALSE,,
REC003486,CUST011,Alan Thompson,jaynelee@yahoo.co.uk,Leeds,MTR0011,Detached,03/01/2024 14:24:00,0.87,0.74,FALSE,0,,FALSE,,
REC003487,CUST011,Alan Thompson,jaynelee@yahoo.co.uk,Leeds,MTR0011,Detached,03/01/2024 15:07:12,1.19,1.09,FALSE,0,,FALSE,,
REC003488,CUST011,Alan Thompson,jaynelee@yahoo.co.uk,Leeds,MTR0011,Detached,03/01/2024 15:36:00,0.1,0.34,FALSE,0,,FALSE,,
REC003489,CUST011,Alan Thompson,jaynelee@yahoo.co.uk,Leeds,MTR0011,Detached,03/01/2024 16:04:48,0.38,0.3,FALSE,0,,FALSE,,
REC003490,CUST011,Alan Thompson,jaynelee@yahoo.co.uk,Leeds,MTR0011,Detached,03/01/2024 16:33:36,0.3,0.41,FALSE,0,,FALSE,,
REC003491,CUST011,Alan Thompson,jaynelee@yahoo.co.uk,Leeds,MTR0011,Detached,03/01/2024 17:02:24,0.58,0.4,TRUE,45,Schedule change,TRUE,1/3/2024 17:13,TRUE
REC003492,CUST011,Alan Thompson,jaynelee@yahoo.co.uk,Leeds,MTR0011,Detached,03/01/2024 17:31:12,0.83,0.94,FALSE,0,,FALSE,,
REC003493,CUST011,Alan Thompson,jaynelee@yahoo.co.uk,Leeds,MTR0011,Detached,03/01/2024 18:00:00,0.53,0.46,FALSE,0,,FALSE,,
REC003494,CUST011,Alan Thompson,jaynelee@yahoo.co.uk,Leeds,MTR0011,Detached,03/01/2024 18:28:48,1.04,1.08,FALSE,0,,FALSE,,
REC003495,CUST011,Alan Thompson,jaynelee@yahoo.co.uk,Leeds,MTR0011,Detached,03/01/2024 18:57:36,1.04,1,FALSE,0,,FALSE,,
REC003496,CUST011,Alan Thompson,jaynelee@yahoo.co.uk,Leeds,MTR0011,Detached,03/01/2024 19:26:24,0.95,0.99,FALSE,0,,FALSE,,
REC003497,CUST011,Alan Thompson,jaynelee@yahoo.co.uk,Leeds,MTR0011,Detached,03/01/2024 19:55:12,0.72,0.84,FALSE,0,,FALSE,,
REC003498,CUST011,Alan Thompson,jaynelee@yahoo.co.uk,Leeds,MTR0011,Detached,03/01/2024 20:24:00,0.33,0.41,FALSE,0,,FALSE,,
REC003499,CUST011,Alan Thompson,jaynelee@yahoo.co.uk,Leeds,MTR0011,Detached,03/01/2024 21:07:12,0.58,0.76,FALSE,0,,FALSE,,
REC003500,CUST011,Alan Thompson,jaynelee@yahoo.co.uk,Leeds,MTR0011,Detached,03/01/2024 21:36:00,0.84,0.73,FALSE,0,,FALSE,,
REC003501,CUST011,Alan Thompson,jaynelee@yahoo.co.uk,Leeds,MTR0011,Detached,03/01/2024 22:04:48,0.71,0.63,FALSE,0,,FALSE,,
REC003502,CUST011,Alan Thompson,jaynelee@yahoo.co.uk,Leeds,MTR0011,Detached,03/01/2024 22:33:36,0.48,0.45,FALSE,0,,FALSE,,
REC003503,CUST011,Alan Thompson,jaynelee@yahoo.co.uk,Leeds,MTR0011,Detached,03/01/2024 23:02:24,0.67,0.64,FALSE,0,,FALSE,,
REC003504,CUST011,Alan Thompson,jaynelee@yahoo.co.uk,Leeds,MTR0011,Detached,03/01/2024 23:31:12,0.86,0.96,FALSE,0,,FALSE,,
REC003505,CUST011,Alan Thompson,jaynelee@yahoo.co.uk,Leeds,MTR0011,Detached,04/01/2024 00:00:00,1.16,1.14,FALSE,0,,FALSE,,
REC003506,CUST011,Alan Thompson,jaynelee@yahoo.co.uk,Leeds,MTR0011,Detached,04/01/2024 00:28:48,0.29,0.35,FALSE,0,,FALSE,,
REC003507,CUST011,Alan Thompson,jaynelee@yahoo.co.uk,Leeds,MTR0011,Detached,04/01/2024 00:57:36,1.3,1.1,FALSE,0,,FALSE,,
REC003508,CUST011,Alan Thompson,jaynelee@yahoo.co.uk,Leeds,MTR0011,Detached,04/01/2024 01:26:24,1.09,1.05,FALSE,0,,FALSE,,
REC003509,CUST011,Alan Thompson,jaynelee@yahoo.co.uk,Leeds,MTR0011,Detached,04/01/2024 01:55:12,0.36,0.44,FALSE,0,,FALSE,,
REC003510,CUST011,Alan Thompson,jaynelee@yahoo.co.uk,Leeds,MTR0011,Detached,04/01/2024 02:24:00,0.68,0.72,FALSE,0,,FALSE,,
REC003511,CUST011,Alan Thompson,jaynelee@yahoo.co.uk,Leeds,MTR0011,Detached,04/01/2024 03:07:12,0.83,0.84,FALSE,0,,FALSE,,
REC003512,CUST011,Alan Thompson,jaynelee@yahoo.co.uk,Leeds,MTR0011,Detached,04/01/2024 03:36:00,1.06,1.11,FALSE,0,,FALSE,,
REC003513,CUST011,Alan Thompson,jaynelee@yahoo.co.uk,Leeds,MTR0011,Detached,04/01/2024 04:04:48,1.08,1.18,FALSE,0,,FALSE,,
REC003514,CUST011,Alan Thompson,jaynelee@yahoo.co.uk,Leeds,MTR0011,Detached,04/01/2024 04:33:36,1.16,1.12,FALSE,0,,FALSE,,
REC003515,CUST011,Alan Thompson,jaynelee@yahoo.co.uk,Leeds,MTR0011,Detached,04/01/2024 05:02:24,0.84,0.76,FALSE,0,,FALSE,,
REC003516,CUST011,Alan Thompson,jaynelee@yahoo.co.uk,Leeds,MTR0011,Detached,04/01/2024 05:31:12,1.03,0.94,FALSE,0,,FALSE,,
REC003517,CUST011,Alan Thompson,jaynelee@yahoo.co.uk,Leeds,MTR0011,Detached,04/01/2024 06:00:00,0.55,0.48,FALSE,0,,FALSE,,
REC003518,CUST011,Alan Thompson,jaynelee@yahoo.co.uk,Leeds,MTR0011,Detached,04/01/2024 06:28:48,0.4,0.5,FALSE,0,,FALSE,,
REC003519,CUST011,Alan Thompson,jaynelee@yahoo.co.uk,Leeds,MTR0011,Detached,04/01/2024 06:57:36,0.76,0.69,FALSE,0,,FALSE,,
REC003520,CUST011,Alan Thompson,jaynelee@yahoo.co.uk,Leeds,MTR0011,Detached,04/01/2024 07:26:24,0.78,0.71,FALSE,0,,FALSE,,
REC003521,CUST011,Alan Thompson,jaynelee@yahoo.co.uk,Leeds,MTR0011,Detached,04/01/2024 07:55:12,1.06,1.01,FALSE,0,,FALSE,,
REC003522,CUST011,Alan Thompson,jaynelee@yahoo.co.uk,Leeds,MTR0011,Detached,04/01/2024 08:24:00,0.61,0.51,FALSE,0,,FALSE,,
REC003523,CUST011,Alan Thompson,jaynelee@yahoo.co.uk,Leeds,MTR0011,Detached,04/01/2024 09:07:12,0.48,0.55,FALSE,0,,FALSE,,
REC003524,CUST011,Alan Thompson,jaynelee@yahoo.co.uk,Leeds,MTR0011,Detached,04/01/2024 09:36:00,0.52,0.55,FALSE,0,,FALSE,,
REC003525,CUST011,Alan Thompson,jaynelee@yahoo.co.uk,Leeds,MTR0011,Detached,04/01/2024 10:04:48,0.58,0.49,FALSE,0,,FALSE,,
REC003526,CUST011,Alan Thompson,jaynelee@yahoo.co.uk,Leeds,MTR0011,Detached,04/01/2024 10:33:36,0.38,0.39,FALSE,0,,FALSE,,
REC003527,CUST011,Alan Thompson,jaynelee@yahoo.co.uk,Leeds,MTR0011,Detached,04/01/2024 11:02:24,0.89,0.95,FALSE,0,,FALSE,,
REC003528,CUST011,Alan Thompson,jaynelee@yahoo.co.uk,Leeds,MTR0011,Detached,04/01/2024 11:31:12,1.16,1.13,FALSE,0,,FALSE,,
REC003529,CUST011,Alan Thompson,jaynelee@yahoo.co.uk,Leeds,MTR0011,Detached,04/01/2024 12:00:00,0.94,0.81,FALSE,0,,FALSE,,
REC003530,CUST011,Alan Thompson,jaynelee@yahoo.co.uk,Leeds,MTR0011,Detached,04/01/2024 12:28:48,0.46,0.53,FALSE,0,,FALSE,,
REC003531,CUST011,Alan Thompson,jaynelee@yahoo.co.uk,Leeds,MTR0011,Detached,04/01/2024 12:57:36,1.13,0.92,FALSE,0,,FALSE,,
REC003532,CUST011,Alan Thompson,jaynelee@yahoo.co.uk,Leeds,MTR0011,Detached,04/01/2024 13:26:24,0.42,0.5,FALSE,0,,FALSE,,
REC003533,CUST011,Alan Thompson,jaynelee@yahoo.co.uk,Leeds,MTR0011,Detached,04/01/2024 13:55:12,0.89,0.91,FALSE,0,,FALSE,,
REC003534,CUST011,Alan Thompson,jaynelee@yahoo.co.uk,Leeds,MTR0011,Detached,04/01/2024 14:24:00,1.01,0.86,FALSE,0,,FALSE,,
REC003535,CUST011,Alan Thompson,jaynelee@yahoo.co.uk,Leeds,MTR0011,Detached,04/01/2024 15:07:12,0.71,0.71,FALSE,0,,FALSE,,
REC003536,CUST011,Alan Thompson,jaynelee@yahoo.co.uk,Leeds,MTR0011,Detached,04/01/2024 15:36:00,1.16,1.06,FALSE,0,,FALSE,,
REC003537,CUST011,Alan Thompson,jaynelee@yahoo.co.uk,Leeds,MTR0011,Detached,04/01/2024 16:04:48,0.88,1.02,FALSE,0,,FALSE,,
REC003538,CUST011,Alan Thompson,jaynelee@yahoo.co.uk,Leeds,MTR0011,Detached,04/01/2024 16:33:36,0.62,0.67,FALSE,0,,FALSE,,
REC003539,CUST011,Alan Thompson,jaynelee@yahoo.co.uk,Leeds,MTR0011,Detached,04/01/2024 17:02:24,1.05,1.04,FALSE,0,,FALSE,,
REC003540,CUST011,Alan Thompson,jaynelee@yahoo.co.uk,Leeds,MTR0011,Detached,04/01/2024 17:31:12,0.88,1.03,FALSE,0,,FALSE,,
REC003541,CUST011,Alan Thompson,jaynelee@yahoo.co.uk,Leeds,MTR0011,Detached,04/01/2024 18:00:00,0.49,0.62,FALSE,0,,FALSE,,
REC003542,CUST011,Alan Thompson,jaynelee@yahoo.co.uk,Leeds,MTR0011,Detached,04/01/2024 18:28:48,0.47,0.4,FALSE,0,,FALSE,,
REC003543,CUST011,Alan Thompson,jaynelee@yahoo.co.uk,Leeds,MTR0011,Detached,04/01/2024 18:57:36,0.98,1.01,FALSE,0,,FALSE,,
REC003544,CUST011,Alan Thompson,jaynelee@yahoo.co.uk,Leeds,MTR0011,Detached,04/01/2024 19:26:24,1.02,1.07,FALSE,0,,FALSE,,
REC003545,CUST011,Alan Thompson,jaynelee@yahoo.co.uk,Leeds,MTR0011,Detached,04/01/2024 19:55:12,0.57,0.61,FALSE,0,,FALSE,,
REC003546,CUST011,Alan Thompson,jaynelee@yahoo.co.uk,Leeds,MTR0011,Detached,04/01/2024 20:24:00,0.57,0.39,TRUE,46.15,Schedule change,TRUE,1/4/2024 21:00,FALSE
REC003547,CUST011,Alan Thompson,jaynelee@yahoo.co.uk,Leeds,MTR0011,Detached,04/01/2024 21:07:12,1.04,0.94,FALSE,0,,FALSE,,
REC003548,CUST011,Alan Thompson,jaynelee@yahoo.co.uk,Leeds,MTR0011,Detached,04/01/2024 21:36:00,0.72,0.66,FALSE,0,,FALSE,,
REC003549,CUST011,Alan Thompson,jaynelee@yahoo.co.uk,Leeds,MTR0011,Detached,04/01/2024 22:04:48,0.59,0.6,FALSE,0,,FALSE,,
REC003550,CUST011,Alan Thompson,jaynelee@yahoo.co.uk,Leeds,MTR0011,Detached,04/01/2024 22:33:36,0.64,0.8,FALSE,0,,FALSE,,
REC003551,CUST011,Alan Thompson,jaynelee@yahoo.co.uk,Leeds,MTR0011,Detached,04/01/2024 23:02:24,0.87,0.87,FALSE,0,,FALSE,,
REC003552,CUST011,Alan Thompson,jaynelee@yahoo.co.uk,Leeds,MTR0011,Detached,04/01/2024 23:31:12,0.57,0.6,FALSE,0,,FALSE,,
REC003553,CUST011,Alan Thompson,jaynelee@yahoo.co.uk,Leeds,MTR0011,Detached,05/01/2024 00:00:00,0.53,0.7,FALSE,0,,FALSE,,
REC003554,CUST011,Alan Thompson,jaynelee@yahoo.co.uk,Leeds,MTR0011,Detached,05/01/2024 00:28:48,0.86,0.67,FALSE,0,,FALSE,,
REC003555,CUST011,Alan Thompson,jaynelee@yahoo.co.uk,Leeds,MTR0011,Detached,05/01/2024 00:57:36,1.05,0.96,FALSE,0,,FALSE,,
REC003556,CUST011,Alan Thompson,jaynelee@yahoo.co.uk,Leeds,MTR0011,Detached,05/01/2024 01:26:24,0.57,0.52,FALSE,0,,FALSE,,
REC003557,CUST011,Alan Thompson,jaynelee@yahoo.co.uk,Leeds,MTR0011,Detached,05/01/2024 01:55:12,0.67,0.85,FALSE,0,,FALSE,,
REC003558,CUST011,Alan Thompson,jaynelee@yahoo.co.uk,Leeds,MTR0011,Detached,05/01/2024 02:24:00,0.86,0.74,FALSE,0,,FALSE,,
REC003559,CUST011,Alan Thompson,jaynelee@yahoo.co.uk,Leeds,MTR0011,Detached,05/01/2024 03:07:12,0.54,0.58,FALSE,0,,FALSE,,
REC003560,CUST011,Alan Thompson,jaynelee@yahoo.co.uk,Leeds,MTR0011,Detached,05/01/2024 03:36:00,0.34,0.39,FALSE,0,,FALSE,,
REC003561,CUST011,Alan Thompson,jaynelee@yahoo.co.uk,Leeds,MTR0011,Detached,05/01/2024 04:04:48,0.95,0.91,FALSE,0,,FALSE,,
REC003562,CUST011,Alan Thompson,jaynelee@yahoo.co.uk,Leeds,MTR0011,Detached,05/01/2024 04:33:36,0.97,0.96,FALSE,0,,FALSE,,
REC003563,CUST011,Alan Thompson,jaynelee@yahoo.co.uk,Leeds,MTR0011,Detached,05/01/2024 05:02:24,0.56,0.35,TRUE,60,Heater malfunction,TRUE,1/5/2024 05:20,FALSE
REC003564,CUST011,Alan Thompson,jaynelee@yahoo.co.uk,Leeds,MTR0011,Detached,05/01/2024 05:31:12,1.04,1.18,FALSE,0,,FALSE,,
REC003565,CUST011,Alan Thompson,jaynelee@yahoo.co.uk,Leeds,MTR0011,Detached,05/01/2024 06:00:00,0.75,0.78,FALSE,0,,FALSE,,
REC003566,CUST011,Alan Thompson,jaynelee@yahoo.co.uk,Leeds,MTR0011,Detached,05/01/2024 06:28:48,0.7,0.83,FALSE,0,,FALSE,,
REC003567,CUST011,Alan Thompson,jaynelee@yahoo.co.uk,Leeds,MTR0011,Detached,05/01/2024 06:57:36,0.9,1.03,FALSE,0,,FALSE,,
REC003568,CUST011,Alan Thompson,jaynelee@yahoo.co.uk,Leeds,MTR0011,Detached,05/01/2024 07:26:24,0.79,0.75,FALSE,0,,FALSE,,
REC003569,CUST011,Alan Thompson,jaynelee@yahoo.co.uk,Leeds,MTR0011,Detached,05/01/2024 07:55:12,0.97,0.97,FALSE,0,,FALSE,,
REC003570,CUST011,Alan Thompson,jaynelee@yahoo.co.uk,Leeds,MTR0011,Detached,05/01/2024 08:24:00,0.73,0.57,FALSE,0,,FALSE,,
REC003571,CUST011,Alan Thompson,jaynelee@yahoo.co.uk,Leeds,MTR0011,Detached,05/01/2024 09:07:12,1.08,1.18,FALSE,0,,FALSE,,
REC003572,CUST011,Alan Thompson,jaynelee@yahoo.co.uk,Leeds,MTR0011,Detached,05/01/2024 09:36:00,0.72,0.55,FALSE,0,,FALSE,,
REC003573,CUST011,Alan Thompson,jaynelee@yahoo.co.uk,Leeds,MTR0011,Detached,05/01/2024 10:04:48,0.89,0.96,FALSE,0,,FALSE,,
REC003574,CUST011,Alan Thompson,jaynelee@yahoo.co.uk,Leeds,MTR0011,Detached,05/01/2024 10:33:36,0.73,0.78,FALSE,0,,FALSE,,
REC003575,CUST011,Alan Thompson,jaynelee@yahoo.co.uk,Leeds,MTR0011,Detached,05/01/2024 11:02:24,0.47,0.56,FALSE,0,,FALSE,,
REC003576,CUST011,Alan Thompson,jaynelee@yahoo.co.uk,Leeds,MTR0011,Detached,05/01/2024 11:31:12,0.92,0.89,FALSE,0,,FALSE,,
REC003577,CUST011,Alan Thompson,jaynelee@yahoo.co.uk,Leeds,MTR0011,Detached,05/01/2024 12:00:00,0.62,0.55,FALSE,0,,FALSE,,
REC003578,CUST011,Alan Thompson,jaynelee@yahoo.co.uk,Leeds,MTR0011,Detached,05/01/2024 12:28:48,0.78,0.85,FALSE,0,,FALSE,,
REC003579,CUST011,Alan Thompson,jaynelee@yahoo.co.uk,Leeds,MTR0011,Detached,05/01/2024 12:57:36,1.32,1.17,FALSE,0,,FALSE,,
REC003580,CUST011,Alan Thompson,jaynelee@yahoo.co.uk,Leeds,MTR0011,Detached,05/01/2024 13:26:24,0.26,0.36,FALSE,0,,FALSE,,
REC003581,CUST011,Alan Thompson,jaynelee@yahoo.co.uk,Leeds,MTR0011,Detached,05/01/2024 13:55:12,0.66,0.66,FALSE,0,,FALSE,,
REC003582,CUST011,Alan Thompson,jaynelee@yahoo.co.uk,Leeds,MTR0011,Detached,05/01/2024 14:24:00,0.61,0.56,FALSE,0,,FALSE,,
REC003583,CUST011,Alan Thompson,jaynelee@yahoo.co.uk,Leeds,MTR0011,Detached,05/01/2024 15:07:12,0.51,0.41,FALSE,0,,FALSE,,
REC003584,CUST011,Alan Thompson,jaynelee@yahoo.co.uk,Leeds,MTR0011,Detached,05/01/2024 15:36:00,0.78,0.64,FALSE,0,,FALSE,,
REC003585,CUST011,Alan Thompson,jaynelee@yahoo.co.uk,Leeds,MTR0011,Detached,05/01/2024 16:04:48,1.14,1.16,FALSE,0,,FALSE,,
REC003586,CUST011,Alan Thompson,jaynelee@yahoo.co.uk,Leeds,MTR0011,Detached,05/01/2024 16:33:36,0.58,0.53,FALSE,0,,FALSE,,
REC003587,CUST011,Alan Thompson,jaynelee@yahoo.co.uk,Leeds,MTR0011,Detached,05/01/2024 17:02:24,0.84,0.78,FALSE,0,,FALSE,,
REC003588,CUST011,Alan Thompson,jaynelee@yahoo.co.uk,Leeds,MTR0011,Detached,05/01/2024 17:31:12,0.56,0.65,FALSE,0,,FALSE,,
REC003589,CUST011,Alan Thompson,jaynelee@yahoo.co.uk,Leeds,MTR0011,Detached,05/01/2024 18:00:00,0.64,0.66,FALSE,0,,FALSE,,
REC003590,CUST011,Alan Thompson,jaynelee@yahoo.co.uk,Leeds,MTR0011,Detached,05/01/2024 18:28:48,0.63,0.73,FALSE,0,,FALSE,,
REC003591,CUST011,Alan Thompson,jaynelee@yahoo.co.uk,Leeds,MTR0011,Detached,05/01/2024 18:57:36,0.59,0.64,FALSE,0,,FALSE,,
REC003592,CUST011,Alan Thompson,jaynelee@yahoo.co.uk,Leeds,MTR0011,Detached,05/01/2024 19:26:24,0.91,0.92,FALSE,0,,FALSE,,
REC003593,CUST011,Alan Thompson,jaynelee@yahoo.co.uk,Leeds,MTR0011,Detached,05/01/2024 19:55:12,0.74,0.69,FALSE,0,,FALSE,,
REC003594,CUST011,Alan Thompson,jaynelee@yahoo.co.uk,Leeds,MTR0011,Detached,05/01/2024 20:24:00,0.97,1.02,FALSE,0,,FALSE,,
REC003595,CUST011,Alan Thompson,jaynelee@yahoo.co.uk,Leeds,MTR0011,Detached,05/01/2024 21:07:12,0.84,0.74,FALSE,0,,FALSE,,
REC003596,CUST011,Alan Thompson,jaynelee@yahoo.co.uk,Leeds,MTR0011,Detached,05/01/2024 21:36:00,0.42,0.56,FALSE,0,,FALSE,,
REC003597,CUST011,Alan Thompson,jaynelee@yahoo.co.uk,Leeds,MTR0011,Detached,05/01/2024 22:04:48,0.47,0.51,FALSE,0,,FALSE,,
REC003598,CUST011,Alan Thompson,jaynelee@yahoo.co.uk,Leeds,MTR0011,Detached,05/01/2024 22:33:36,1.08,1.14,FALSE,0,,FALSE,,
REC003599,CUST011,Alan Thompson,jaynelee@yahoo.co.uk,Leeds,MTR0011,Detached,05/01/2024 23:02:24,0.86,0.77,FALSE,0,,FALSE,,
REC003600,CUST011,Alan Thompson,jaynelee@yahoo.co.uk,Leeds,MTR0011,Detached,05/01/2024 23:31:12,0.63,0.66,FALSE,0,,FALSE,,
REC003601,CUST011,Alan Thompson,jaynelee@yahoo.co.uk,Leeds,MTR0011,Detached,06/01/2024 00:00:00,0.55,0.6,FALSE,0,,FALSE,,
REC003602,CUST011,Alan Thompson,jaynelee@yahoo.co.uk,Leeds,MTR0011,Detached,06/01/2024 00:28:48,0.47,0.59,FALSE,0,,FALSE,,
REC003603,CUST011,Alan Thompson,jaynelee@yahoo.co.uk,Leeds,MTR0011,Detached,06/01/2024 00:57:36,0.97,0.91,FALSE,0,,FALSE,,
REC003604,CUST011,Alan Thompson,jaynelee@yahoo.co.uk,Leeds,MTR0011,Detached,06/01/2024 01:26:24,0.19,0.36,FALSE,0,,FALSE,,
REC003605,CUST011,Alan Thompson,jaynelee@yahoo.co.uk,Leeds,MTR0011,Detached,06/01/2024 01:55:12,0.54,0.47,FALSE,0,,FALSE,,
REC003606,CUST011,Alan Thompson,jaynelee@yahoo.co.uk,Leeds,MTR0011,Detached,06/01/2024 02:24:00,0.63,0.64,FALSE,0,,FALSE,,
REC003607,CUST011,Alan Thompson,jaynelee@yahoo.co.uk,Leeds,MTR0011,Detached,06/01/2024 03:07:12,0.84,0.9,FALSE,0,,FALSE,,
REC003608,CUST011,Alan Thompson,jaynelee@yahoo.co.uk,Leeds,MTR0011,Detached,06/01/2024 03:36:00,0.31,0.35,FALSE,0,,FALSE,,
REC003609,CUST011,Alan Thompson,jaynelee@yahoo.co.uk,Leeds,MTR0011,Detached,06/01/2024 04:04:48,0.54,0.57,FALSE,0,,FALSE,,
REC003610,CUST011,Alan Thompson,jaynelee@yahoo.co.uk,Leeds,MTR0011,Detached,06/01/2024 04:33:36,0.95,0.98,FALSE,0,,FALSE,,
REC003611,CUST011,Alan Thompson,jaynelee@yahoo.co.uk,Leeds,MTR0011,Detached,06/01/2024 05:02:24,0.1,0.31,FALSE,0,,FALSE,,
REC003612,CUST011,Alan Thompson,jaynelee@yahoo.co.uk,Leeds,MTR0011,Detached,06/01/2024 05:31:12,0.86,0.76,FALSE,0,,FALSE,,
REC003613,CUST011,Alan Thompson,jaynelee@yahoo.co.uk,Leeds,MTR0011,Detached,06/01/2024 06:00:00,0.7,0.81,FALSE,0,,FALSE,,
REC003614,CUST011,Alan Thompson,jaynelee@yahoo.co.uk,Leeds,MTR0011,Detached,06/01/2024 06:28:48,0.86,0.96,FALSE,0,,FALSE,,
REC003615,CUST011,Alan Thompson,jaynelee@yahoo.co.uk,Leeds,MTR0011,Detached,06/01/2024 06:57:36,1.05,1.08,FALSE,0,,FALSE,,
REC003616,CUST011,Alan Thompson,jaynelee@yahoo.co.uk,Leeds,MTR0011,Detached,06/01/2024 07:26:24,0.88,0.8,FALSE,0,,FALSE,,
REC003617,CUST011,Alan Thompson,jaynelee@yahoo.co.uk,Leeds,MTR0011,Detached,06/01/2024 07:55:12,0.64,0.62,FALSE,0,,FALSE,,
REC003618,CUST011,Alan Thompson,jaynelee@yahoo.co.uk,Leeds,MTR0011,Detached,06/01/2024 08:24:00,0.67,0.77,FALSE,0,,FALSE,,
REC003619,CUST011,Alan Thompson,jaynelee@yahoo.co.uk,Leeds,MTR0011,Detached,06/01/2024 09:07:12,0.62,0.48,FALSE,0,,FALSE,,
REC003620,CUST011,Alan Thompson,jaynelee@yahoo.co.uk,Leeds,MTR0011,Detached,06/01/2024 09:36:00,0.81,0.83,FALSE,0,,FALSE,,
REC003621,CUST011,Alan Thompson,jaynelee@yahoo.co.uk,Leeds,MTR0011,Detached,06/01/2024 10:04:48,0.57,0.39,TRUE,46.15,Heater malfunction,TRUE,1/6/2024 10:07,TRUE
REC003622,CUST011,Alan Thompson,jaynelee@yahoo.co.uk,Leeds,MTR0011,Detached,06/01/2024 10:33:36,1.05,1.01,FALSE,0,,FALSE,,
REC003623,CUST011,Alan Thompson,jaynelee@yahoo.co.uk,Leeds,MTR0011,Detached,06/01/2024 11:02:24,0.92,0.87,FALSE,0,,FALSE,,
REC003624,CUST011,Alan Thompson,jaynelee@yahoo.co.uk,Leeds,MTR0011,Detached,06/01/2024 11:31:12,0.83,0.91,FALSE,0,,FALSE,,
REC003625,CUST011,Alan Thompson,jaynelee@yahoo.co.uk,Leeds,MTR0011,Detached,06/01/2024 12:00:00,0.15,0.32,FALSE,0,,FALSE,,
REC003626,CUST011,Alan Thompson,jaynelee@yahoo.co.uk,Leeds,MTR0011,Detached,06/01/2024 12:28:48,0.81,0.9,FALSE,0,,FALSE,,
REC003627,CUST011,Alan Thompson,jaynelee@yahoo.co.uk,Leeds,MTR0011,Detached,06/01/2024 12:57:36,0.57,0.49,FALSE,0,,FALSE,,
REC003628,CUST011,Alan Thompson,jaynelee@yahoo.co.uk,Leeds,MTR0011,Detached,06/01/2024 13:26:24,1.04,1.02,FALSE,0,,FALSE,,
REC003629,CUST011,Alan Thompson,jaynelee@yahoo.co.uk,Leeds,MTR0011,Detached,06/01/2024 13:55:12,1,1.13,FALSE,0,,FALSE,,
REC003630,CUST011,Alan Thompson,jaynelee@yahoo.co.uk,Leeds,MTR0011,Detached,06/01/2024 14:24:00,1.25,1.07,FALSE,0,,FALSE,,
REC003631,CUST011,Alan Thompson,jaynelee@yahoo.co.uk,Leeds,MTR0011,Detached,06/01/2024 15:07:12,0.53,0.53,FALSE,0,,FALSE,,
REC003632,CUST011,Alan Thompson,jaynelee@yahoo.co.uk,Leeds,MTR0011,Detached,06/01/2024 15:36:00,1.03,1.01,FALSE,0,,FALSE,,
REC003633,CUST011,Alan Thompson,jaynelee@yahoo.co.uk,Leeds,MTR0011,Detached,06/01/2024 16:04:48,0.44,0.38,FALSE,0,,FALSE,,
REC003634,CUST011,Alan Thompson,jaynelee@yahoo.co.uk,Leeds,MTR0011,Detached,06/01/2024 16:33:36,0.25,0.32,FALSE,0,,FALSE,,
REC003635,CUST011,Alan Thompson,jaynelee@yahoo.co.uk,Leeds,MTR0011,Detached,06/01/2024 17:02:24,1.17,1.04,FALSE,0,,FALSE,,
REC003636,CUST011,Alan Thompson,jaynelee@yahoo.co.uk,Leeds,MTR0011,Detached,06/01/2024 17:31:12,0.77,0.93,FALSE,0,,FALSE,,
REC003637,CUST011,Alan Thompson,jaynelee@yahoo.co.uk,Leeds,MTR0011,Detached,06/01/2024 18:00:00,0.67,0.61,FALSE,0,,FALSE,,
REC003638,CUST011,Alan Thompson,jaynelee@yahoo.co.uk,Leeds,MTR0011,Detached,06/01/2024 18:28:48,1.22,0.97,FALSE,0,,FALSE,,
REC003639,CUST011,Alan Thompson,jaynelee@yahoo.co.uk,Leeds,MTR0011,Detached,06/01/2024 18:57:36,0.57,0.76,FALSE,0,,FALSE,,
REC003640,CUST011,Alan Thompson,jaynelee@yahoo.co.uk,Leeds,MTR0011,Detached,06/01/2024 19:26:24,0.18,0.32,FALSE,0,,FALSE,,
REC003641,CUST011,Alan Thompson,jaynelee@yahoo.co.uk,Leeds,MTR0011,Detached,06/01/2024 19:55:12,0.69,0.6,FALSE,0,,FALSE,,
REC003642,CUST011,Alan Thompson,jaynelee@yahoo.co.uk,Leeds,MTR0011,Detached,06/01/2024 20:24:00,0.89,1.06,FALSE,0,,FALSE,,
REC003643,CUST011,Alan Thompson,jaynelee@yahoo.co.uk,Leeds,MTR0011,Detached,06/01/2024 21:07:12,0.75,0.7,FALSE,0,,FALSE,,
REC003644,CUST011,Alan Thompson,jaynelee@yahoo.co.uk,Leeds,MTR0011,Detached,06/01/2024 21:36:00,0.92,0.92,FALSE,0,,FALSE,,
REC003645,CUST011,Alan Thompson,jaynelee@yahoo.co.uk,Leeds,MTR0011,Detached,06/01/2024 22:04:48,0.42,0.36,FALSE,0,,FALSE,,
REC003646,CUST011,Alan Thompson,jaynelee@yahoo.co.uk,Leeds,MTR0011,Detached,06/01/2024 22:33:36,0.99,1.06,FALSE,0,,FALSE,,
REC003647,CUST011,Alan Thompson,jaynelee@yahoo.co.uk,Leeds,MTR0011,Detached,06/01/2024 23:02:24,0.84,0.86,FALSE,0,,FALSE,,
REC003648,CUST011,Alan Thompson,jaynelee@yahoo.co.uk,Leeds,MTR0011,Detached,06/01/2024 23:31:12,1.06,1.05,FALSE,0,,FALSE,,
REC003649,CUST011,Alan Thompson,jaynelee@yahoo.co.uk,Leeds,MTR0011,Detached,07/01/2024 00:00:00,1.1,1.01,FALSE,0,,FALSE,,
REC003650,CUST011,Alan Thompson,jaynelee@yahoo.co.uk,Leeds,MTR0011,Detached,07/01/2024 00:28:48,0.39,0.49,FALSE,0,,FALSE,,
REC003651,CUST011,Alan Thompson,jaynelee@yahoo.co.uk,Leeds,MTR0011,Detached,07/01/2024 00:57:36,0.29,0.34,FALSE,0,,FALSE,,
REC003652,CUST011,Alan Thompson,jaynelee@yahoo.co.uk,Leeds,MTR0011,Detached,07/01/2024 01:26:24,0.55,0.6,FALSE,0,,FALSE,,
REC003653,CUST011,Alan Thompson,jaynelee@yahoo.co.uk,Leeds,MTR0011,Detached,07/01/2024 01:55:12,0.35,0.68,FALSE,0,,FALSE,,
REC003654,CUST011,Alan Thompson,jaynelee@yahoo.co.uk,Leeds,MTR0011,Detached,07/01/2024 02:24:00,0.66,0.54,FALSE,0,,FALSE,,
REC003655,CUST011,Alan Thompson,jaynelee@yahoo.co.uk,Leeds,MTR0011,Detached,07/01/2024 03:07:12,0.17,0.33,FALSE,0,,FALSE,,
REC003656,CUST011,Alan Thompson,jaynelee@yahoo.co.uk,Leeds,MTR0011,Detached,07/01/2024 03:36:00,0.73,0.57,FALSE,0,,FALSE,,
REC003657,CUST011,Alan Thompson,jaynelee@yahoo.co.uk,Leeds,MTR0011,Detached,07/01/2024 04:04:48,1.14,1.08,FALSE,0,,FALSE,,
REC003658,CUST011,Alan Thompson,jaynelee@yahoo.co.uk,Leeds,MTR0011,Detached,07/01/2024 04:33:36,0.79,0.75,FALSE,0,,FALSE,,
REC003659,CUST011,Alan Thompson,jaynelee@yahoo.co.uk,Leeds,MTR0011,Detached,07/01/2024 05:02:24,0.32,0.42,FALSE,0,,FALSE,,
REC003660,CUST011,Alan Thompson,jaynelee@yahoo.co.uk,Leeds,MTR0011,Detached,07/01/2024 05:31:12,0.77,0.7,FALSE,0,,FALSE,,
REC003661,CUST011,Alan Thompson,jaynelee@yahoo.co.uk,Leeds,MTR0011,Detached,07/01/2024 06:00:00,0.35,0.36,FALSE,0,,FALSE,,
REC003662,CUST011,Alan Thompson,jaynelee@yahoo.co.uk,Leeds,MTR0011,Detached,07/01/2024 06:28:48,1.12,1.11,FALSE,0,,FALSE,,
REC003663,CUST011,Alan Thompson,jaynelee@yahoo.co.uk,Leeds,MTR0011,Detached,07/01/2024 06:57:36,1.25,1.08,FALSE,0,,FALSE,,
REC003664,CUST011,Alan Thompson,jaynelee@yahoo.co.uk,Leeds,MTR0011,Detached,07/01/2024 07:26:24,0.84,0.86,FALSE,0,,FALSE,,
REC003665,CUST011,Alan Thompson,jaynelee@yahoo.co.uk,Leeds,MTR0011,Detached,07/01/2024 07:55:12,1.16,1.02,FALSE,0,,FALSE,,
REC003666,CUST011,Alan Thompson,jaynelee@yahoo.co.uk,Leeds,MTR0011,Detached,07/01/2024 08:24:00,0.69,0.72,FALSE,0,,FALSE,,
REC003667,CUST011,Alan Thompson,jaynelee@yahoo.co.uk,Leeds,MTR0011,Detached,07/01/2024 09:07:12,0.85,1.15,FALSE,0,,FALSE,,
REC003668,CUST011,Alan Thompson,jaynelee@yahoo.co.uk,Leeds,MTR0011,Detached,07/01/2024 09:36:00,0.9,1.01,FALSE,0,,FALSE,,
REC003669,CUST011,Alan Thompson,jaynelee@yahoo.co.uk,Leeds,MTR0011,Detached,07/01/2024 10:04:48,0.91,1.04,FALSE,0,,FALSE,,
REC003670,CUST011,Alan Thompson,jaynelee@yahoo.co.uk,Leeds,MTR0011,Detached,07/01/2024 10:33:36,0.74,0.72,FALSE,0,,FALSE,,
REC003671,CUST011,Alan Thompson,jaynelee@yahoo.co.uk,Leeds,MTR0011,Detached,07/01/2024 11:02:24,1.24,1.17,FALSE,0,,FALSE,,
REC003672,CUST011,Alan Thompson,jaynelee@yahoo.co.uk,Leeds,MTR0011,Detached,07/01/2024 11:31:12,0.39,0.33,FALSE,0,,FALSE,,
REC003673,CUST011,Alan Thompson,jaynelee@yahoo.co.uk,Leeds,MTR0011,Detached,07/01/2024 12:00:00,0.82,0.72,FALSE,0,,FALSE,,
REC003674,CUST011,Alan Thompson,jaynelee@yahoo.co.uk,Leeds,MTR0011,Detached,07/01/2024 12:28:48,0.39,0.34,FALSE,0,,FALSE,,
REC003675,CUST011,Alan Thompson,jaynelee@yahoo.co.uk,Leeds,MTR0011,Detached,07/01/2024 12:57:36,0.93,1.07,FALSE,0,,FALSE,,
REC003676,CUST011,Alan Thompson,jaynelee@yahoo.co.uk,Leeds,MTR0011,Detached,07/01/2024 13:26:24,0.61,0.59,FALSE,0,,FALSE,,
REC003677,CUST011,Alan Thompson,jaynelee@yahoo.co.uk,Leeds,MTR0011,Detached,07/01/2024 13:55:12,0.48,0.55,FALSE,0,,FALSE,,
REC003678,CUST011,Alan Thompson,jaynelee@yahoo.co.uk,Leeds,MTR0011,Detached,07/01/2024 14:24:00,0.44,0.44,FALSE,0,,FALSE,,
REC003679,CUST011,Alan Thompson,jaynelee@yahoo.co.uk,Leeds,MTR0011,Detached,07/01/2024 15:07:12,0.99,1.03,FALSE,0,,FALSE,,
REC003680,CUST011,Alan Thompson,jaynelee@yahoo.co.uk,Leeds,MTR0011,Detached,07/01/2024 15:36:00,0.66,0.71,FALSE,0,,FALSE,,
REC003681,CUST011,Alan Thompson,jaynelee@yahoo.co.uk,Leeds,MTR0011,Detached,07/01/2024 16:04:48,0.74,0.77,FALSE,0,,FALSE,,
REC003682,CUST011,Alan Thompson,jaynelee@yahoo.co.uk,Leeds,MTR0011,Detached,07/01/2024 16:33:36,1.16,1.01,FALSE,0,,FALSE,,
REC003683,CUST011,Alan Thompson,jaynelee@yahoo.co.uk,Leeds,MTR0011,Detached,07/01/2024 17:02:24,0.66,0.86,FALSE,0,,FALSE,,
REC003684,CUST011,Alan Thompson,jaynelee@yahoo.co.uk,Leeds,MTR0011,Detached,07/01/2024 17:31:12,0.85,0.97,FALSE,0,,FALSE,,
REC003685,CUST011,Alan Thompson,jaynelee@yahoo.co.uk,Leeds,MTR0011,Detached,07/01/2024 18:00:00,0.71,0.82,FALSE,0,,FALSE,,
REC003686,CUST011,Alan Thompson,jaynelee@yahoo.co.uk,Leeds,MTR0011,Detached,07/01/2024 18:28:48,0.46,0.5,FALSE,0,,FALSE,,
REC003687,CUST011,Alan Thompson,jaynelee@yahoo.co.uk,Leeds,MTR0011,Detached,07/01/2024 18:57:36,0.87,0.82,FALSE,0,,FALSE,,
REC003688,CUST011,Alan Thompson,jaynelee@yahoo.co.uk,Leeds,MTR0011,Detached,07/01/2024 19:26:24,0.18,0.45,FALSE,0,,FALSE,,
REC003689,CUST011,Alan Thompson,jaynelee@yahoo.co.uk,Leeds,MTR0011,Detached,07/01/2024 19:55:12,0.86,0.9,FALSE,0,,FALSE,,
REC003690,CUST011,Alan Thompson,jaynelee@yahoo.co.uk,Leeds,MTR0011,Detached,07/01/2024 20:24:00,0.81,0.74,FALSE,0,,FALSE,,
REC003691,CUST011,Alan Thompson,jaynelee@yahoo.co.uk,Leeds,MTR0011,Detached,07/01/2024 21:07:12,1.28,1.18,FALSE,0,,FALSE,,
REC003692,CUST011,Alan Thompson,jaynelee@yahoo.co.uk,Leeds,MTR0011,Detached,07/01/2024 21:36:00,0.21,0.38,FALSE,0,,FALSE,,
REC003693,CUST011,Alan Thompson,jaynelee@yahoo.co.uk,Leeds,MTR0011,Detached,07/01/2024 22:04:48,0.94,0.85,FALSE,0,,FALSE,,
REC003694,CUST011,Alan Thompson,jaynelee@yahoo.co.uk,Leeds,MTR0011,Detached,07/01/2024 22:33:36,1,0.93,FALSE,0,,FALSE,,
REC003695,CUST011,Alan Thompson,jaynelee@yahoo.co.uk,Leeds,MTR0011,Detached,07/01/2024 23:02:24,0.94,0.83,FALSE,0,,FALSE,,
REC003696,CUST011,Alan Thompson,jaynelee@yahoo.co.uk,Leeds,MTR0011,Detached,07/01/2024 23:31:12,1.14,1.16,FALSE,0,,FALSE,,
REC003697,CUST012,Sally Williams-Wilson,youngdanielle@matthews.com,Leeds,MTR0012,Flat,01/01/2024 00:00:00,0.76,0.75,FALSE,0,,FALSE,,
REC003698,CUST012,Sally Williams-Wilson,youngdanielle@matthews.com,Leeds,MTR0012,Flat,01/01/2024 00:28:48,0.85,0.78,FALSE,0,,FALSE,,
REC003699,CUST012,Sally Williams-Wilson,youngdanielle@matthews.com,Leeds,MTR0012,Flat,01/01/2024 00:57:36,0.72,0.71,FALSE,0,,FALSE,,
REC003700,CUST012,Sally Williams-Wilson,youngdanielle@matthews.com,Leeds,MTR0012,Flat,01/01/2024 01:26:24,0.48,0.64,FALSE,0,,FALSE,,
REC003701,CUST012,Sally Williams-Wilson,youngdanielle@matthews.com,Leeds,MTR0012,Flat,01/01/2024 01:55:12,0.59,0.7,FALSE,0,,FALSE,,
REC003702,CUST012,Sally Williams-Wilson,youngdanielle@matthews.com,Leeds,MTR0012,Flat,01/01/2024 02:24:00,0.33,0.34,FALSE,0,,FALSE,,
REC003703,CUST012,Sally Williams-Wilson,youngdanielle@matthews.com,Leeds,MTR0012,Flat,01/01/2024 03:07:12,1.15,1,FALSE,0,,FALSE,,
REC003704,CUST012,Sally Williams-Wilson,youngdanielle@matthews.com,Leeds,MTR0012,Flat,01/01/2024 03:36:00,0.47,0.43,FALSE,0,,FALSE,,
REC003705,CUST012,Sally Williams-Wilson,youngdanielle@matthews.com,Leeds,MTR0012,Flat,01/01/2024 04:04:48,0.73,0.81,FALSE,0,,FALSE,,
REC003706,CUST012,Sally Williams-Wilson,youngdanielle@matthews.com,Leeds,MTR0012,Flat,01/01/2024 04:33:36,0.24,0.31,FALSE,0,,FALSE,,
REC003707,CUST012,Sally Williams-Wilson,youngdanielle@matthews.com,Leeds,MTR0012,Flat,01/01/2024 05:02:24,0.35,0.42,FALSE,0,,FALSE,,
REC003708,CUST012,Sally Williams-Wilson,youngdanielle@matthews.com,Leeds,MTR0012,Flat,01/01/2024 05:31:12,1.15,1.19,FALSE,0,,FALSE,,
REC003709,CUST012,Sally Williams-Wilson,youngdanielle@matthews.com,Leeds,MTR0012,Flat,01/01/2024 06:00:00,0.55,0.58,FALSE,0,,FALSE,,
REC003710,CUST012,Sally Williams-Wilson,youngdanielle@matthews.com,Leeds,MTR0012,Flat,01/01/2024 06:28:48,0.8,0.83,FALSE,0,,FALSE,,
REC003711,CUST012,Sally Williams-Wilson,youngdanielle@matthews.com,Leeds,MTR0012,Flat,01/01/2024 06:57:36,0.33,0.36,FALSE,0,,FALSE,,
REC003712,CUST012,Sally Williams-Wilson,youngdanielle@matthews.com,Leeds,MTR0012,Flat,01/01/2024 07:26:24,0.16,0.32,FALSE,0,,FALSE,,
REC003713,CUST012,Sally Williams-Wilson,youngdanielle@matthews.com,Leeds,MTR0012,Flat,01/01/2024 07:55:12,0.72,0.88,FALSE,0,,FALSE,,
REC003714,CUST012,Sally Williams-Wilson,youngdanielle@matthews.com,Leeds,MTR0012,Flat,01/01/2024 08:24:00,0.43,0.49,FALSE,0,,FALSE,,
REC003715,CUST012,Sally Williams-Wilson,youngdanielle@matthews.com,Leeds,MTR0012,Flat,01/01/2024 09:07:12,0.77,0.89,FALSE,0,,FALSE,,
REC003716,CUST012,Sally Williams-Wilson,youngdanielle@matthews.com,Leeds,MTR0012,Flat,01/01/2024 09:36:00,0.89,0.92,FALSE,0,,FALSE,,
REC003717,CUST012,Sally Williams-Wilson,youngdanielle@matthews.com,Leeds,MTR0012,Flat,01/01/2024 10:04:48,0.88,0.81,FALSE,0,,FALSE,,
REC003718,CUST012,Sally Williams-Wilson,youngdanielle@matthews.com,Leeds,MTR0012,Flat,01/01/2024 10:33:36,0.51,0.4,FALSE,0,,FALSE,,
REC003719,CUST012,Sally Williams-Wilson,youngdanielle@matthews.com,Leeds,MTR0012,Flat,01/01/2024 11:02:24,1,0.93,FALSE,0,,FALSE,,
REC003720,CUST012,Sally Williams-Wilson,youngdanielle@matthews.com,Leeds,MTR0012,Flat,01/01/2024 11:31:12,0.42,0.43,FALSE,0,,FALSE,,
REC003721,CUST012,Sally Williams-Wilson,youngdanielle@matthews.com,Leeds,MTR0012,Flat,01/01/2024 12:00:00,0.93,0.88,FALSE,0,,FALSE,,
REC003722,CUST012,Sally Williams-Wilson,youngdanielle@matthews.com,Leeds,MTR0012,Flat,01/01/2024 12:28:48,0.59,0.6,FALSE,0,,FALSE,,
REC003723,CUST012,Sally Williams-Wilson,youngdanielle@matthews.com,Leeds,MTR0012,Flat,01/01/2024 12:57:36,1.14,1.17,FALSE,0,,FALSE,,
REC003724,CUST012,Sally Williams-Wilson,youngdanielle@matthews.com,Leeds,MTR0012,Flat,01/01/2024 13:26:24,1.07,1.02,FALSE,0,,FALSE,,
REC003725,CUST012,Sally Williams-Wilson,youngdanielle@matthews.com,Leeds,MTR0012,Flat,01/01/2024 13:55:12,1.16,1.2,FALSE,0,,FALSE,,
REC003726,CUST012,Sally Williams-Wilson,youngdanielle@matthews.com,Leeds,MTR0012,Flat,01/01/2024 14:24:00,0.61,0.77,FALSE,0,,FALSE,,
REC003727,CUST012,Sally Williams-Wilson,youngdanielle@matthews.com,Leeds,MTR0012,Flat,01/01/2024 15:07:12,0.53,0.57,FALSE,0,,FALSE,,
REC003728,CUST012,Sally Williams-Wilson,youngdanielle@matthews.com,Leeds,MTR0012,Flat,01/01/2024 15:36:00,0.28,0.45,FALSE,0,,FALSE,,
REC003729,CUST012,Sally Williams-Wilson,youngdanielle@matthews.com,Leeds,MTR0012,Flat,01/01/2024 16:04:48,1.04,1.09,FALSE,0,,FALSE,,
REC003730,CUST012,Sally Williams-Wilson,youngdanielle@matthews.com,Leeds,MTR0012,Flat,01/01/2024 16:33:36,0.91,0.89,FALSE,0,,FALSE,,
REC003731,CUST012,Sally Williams-Wilson,youngdanielle@matthews.com,Leeds,MTR0012,Flat,01/01/2024 17:02:24,0.9,0.89,FALSE,0,,FALSE,,
REC003732,CUST012,Sally Williams-Wilson,youngdanielle@matthews.com,Leeds,MTR0012,Flat,01/01/2024 17:31:12,1.13,1.14,FALSE,0,,FALSE,,
REC003733,CUST012,Sally Williams-Wilson,youngdanielle@matthews.com,Leeds,MTR0012,Flat,01/01/2024 18:00:00,0.92,0.95,FALSE,0,,FALSE,,
REC003734,CUST012,Sally Williams-Wilson,youngdanielle@matthews.com,Leeds,MTR0012,Flat,01/01/2024 18:28:48,0.78,0.76,FALSE,0,,FALSE,,
REC003735,CUST012,Sally Williams-Wilson,youngdanielle@matthews.com,Leeds,MTR0012,Flat,01/01/2024 18:57:36,0.56,0.51,FALSE,0,,FALSE,,
REC003736,CUST012,Sally Williams-Wilson,youngdanielle@matthews.com,Leeds,MTR0012,Flat,01/01/2024 19:26:24,0.37,0.42,FALSE,0,,FALSE,,
REC003737,CUST012,Sally Williams-Wilson,youngdanielle@matthews.com,Leeds,MTR0012,Flat,01/01/2024 19:55:12,0.59,0.72,FALSE,0,,FALSE,,
REC003738,CUST012,Sally Williams-Wilson,youngdanielle@matthews.com,Leeds,MTR0012,Flat,01/01/2024 20:24:00,0.6,0.58,FALSE,0,,FALSE,,
REC003739,CUST012,Sally Williams-Wilson,youngdanielle@matthews.com,Leeds,MTR0012,Flat,01/01/2024 21:07:12,0.57,0.68,FALSE,0,,FALSE,,
REC003740,CUST012,Sally Williams-Wilson,youngdanielle@matthews.com,Leeds,MTR0012,Flat,01/01/2024 21:36:00,1.08,1.18,FALSE,0,,FALSE,,
REC003741,CUST012,Sally Williams-Wilson,youngdanielle@matthews.com,Leeds,MTR0012,Flat,01/01/2024 22:04:48,0.52,0.44,FALSE,0,,FALSE,,
REC003742,CUST012,Sally Williams-Wilson,youngdanielle@matthews.com,Leeds,MTR0012,Flat,01/01/2024 22:33:36,0.58,0.56,FALSE,0,,FALSE,,
REC003743,CUST012,Sally Williams-Wilson,youngdanielle@matthews.com,Leeds,MTR0012,Flat,01/01/2024 23:02:24,0.6,0.47,FALSE,0,,FALSE,,
REC003744,CUST012,Sally Williams-Wilson,youngdanielle@matthews.com,Leeds,MTR0012,Flat,01/01/2024 23:31:12,1.01,0.92,FALSE,0,,FALSE,,
REC003745,CUST012,Sally Williams-Wilson,youngdanielle@matthews.com,Leeds,MTR0012,Flat,02/01/2024 00:00:00,0.58,0.59,FALSE,0,,FALSE,,
REC003746,CUST012,Sally Williams-Wilson,youngdanielle@matthews.com,Leeds,MTR0012,Flat,02/01/2024 00:28:48,1.14,1.06,FALSE,0,,FALSE,,
REC003747,CUST012,Sally Williams-Wilson,youngdanielle@matthews.com,Leeds,MTR0012,Flat,02/01/2024 00:57:36,0.59,0.71,FALSE,0,,FALSE,,
REC003748,CUST012,Sally Williams-Wilson,youngdanielle@matthews.com,Leeds,MTR0012,Flat,02/01/2024 01:26:24,0.65,0.68,FALSE,0,,FALSE,,
REC003749,CUST012,Sally Williams-Wilson,youngdanielle@matthews.com,Leeds,MTR0012,Flat,02/01/2024 01:55:12,0.78,0.78,FALSE,0,,FALSE,,
REC003750,CUST012,Sally Williams-Wilson,youngdanielle@matthews.com,Leeds,MTR0012,Flat,02/01/2024 02:24:00,0.96,1,FALSE,0,,FALSE,,
REC003751,CUST012,Sally Williams-Wilson,youngdanielle@matthews.com,Leeds,MTR0012,Flat,02/01/2024 03:07:12,0.98,0.91,FALSE,0,,FALSE,,
REC003752,CUST012,Sally Williams-Wilson,youngdanielle@matthews.com,Leeds,MTR0012,Flat,02/01/2024 03:36:00,0.34,0.32,FALSE,0,,FALSE,,
REC003753,CUST012,Sally Williams-Wilson,youngdanielle@matthews.com,Leeds,MTR0012,Flat,02/01/2024 04:04:48,0.82,0.8,FALSE,0,,FALSE,,
REC003754,CUST012,Sally Williams-Wilson,youngdanielle@matthews.com,Leeds,MTR0012,Flat,02/01/2024 04:33:36,0.74,0.59,FALSE,0,,FALSE,,
REC003755,CUST012,Sally Williams-Wilson,youngdanielle@matthews.com,Leeds,MTR0012,Flat,02/01/2024 05:02:24,0.41,0.42,FALSE,0,,FALSE,,
REC003756,CUST012,Sally Williams-Wilson,youngdanielle@matthews.com,Leeds,MTR0012,Flat,02/01/2024 05:31:12,1.19,1.09,FALSE,0,,FALSE,,
REC003757,CUST012,Sally Williams-Wilson,youngdanielle@matthews.com,Leeds,MTR0012,Flat,02/01/2024 06:00:00,0.93,0.83,FALSE,0,,FALSE,,
REC003758,CUST012,Sally Williams-Wilson,youngdanielle@matthews.com,Leeds,MTR0012,Flat,02/01/2024 06:28:48,0.95,0.89,FALSE,0,,FALSE,,
REC003759,CUST012,Sally Williams-Wilson,youngdanielle@matthews.com,Leeds,MTR0012,Flat,02/01/2024 06:57:36,0.8,0.66,FALSE,0,,FALSE,,
REC003760,CUST012,Sally Williams-Wilson,youngdanielle@matthews.com,Leeds,MTR0012,Flat,02/01/2024 07:26:24,0.65,0.64,FALSE,0,,FALSE,,
REC003761,CUST012,Sally Williams-Wilson,youngdanielle@matthews.com,Leeds,MTR0012,Flat,02/01/2024 07:55:12,0.68,0.65,FALSE,0,,FALSE,,
REC003762,CUST012,Sally Williams-Wilson,youngdanielle@matthews.com,Leeds,MTR0012,Flat,02/01/2024 08:24:00,0.6,0.67,FALSE,0,,FALSE,,
REC003763,CUST012,Sally Williams-Wilson,youngdanielle@matthews.com,Leeds,MTR0012,Flat,02/01/2024 09:07:12,0.62,0.67,FALSE,0,,FALSE,,
REC003764,CUST012,Sally Williams-Wilson,youngdanielle@matthews.com,Leeds,MTR0012,Flat,02/01/2024 09:36:00,0.85,0.83,FALSE,0,,FALSE,,
REC003765,CUST012,Sally Williams-Wilson,youngdanielle@matthews.com,Leeds,MTR0012,Flat,02/01/2024 10:04:48,0.95,0.99,FALSE,0,,FALSE,,
REC003766,CUST012,Sally Williams-Wilson,youngdanielle@matthews.com,Leeds,MTR0012,Flat,02/01/2024 10:33:36,1.15,1.11,FALSE,0,,FALSE,,
REC003767,CUST012,Sally Williams-Wilson,youngdanielle@matthews.com,Leeds,MTR0012,Flat,02/01/2024 11:02:24,0.89,0.89,FALSE,0,,FALSE,,
REC003768,CUST012,Sally Williams-Wilson,youngdanielle@matthews.com,Leeds,MTR0012,Flat,02/01/2024 11:31:12,0.89,0.79,FALSE,0,,FALSE,,
REC003769,CUST012,Sally Williams-Wilson,youngdanielle@matthews.com,Leeds,MTR0012,Flat,02/01/2024 12:00:00,1.12,1.13,FALSE,0,,FALSE,,
REC003770,CUST012,Sally Williams-Wilson,youngdanielle@matthews.com,Leeds,MTR0012,Flat,02/01/2024 12:28:48,0.64,0.55,FALSE,0,,FALSE,,
REC003771,CUST012,Sally Williams-Wilson,youngdanielle@matthews.com,Leeds,MTR0012,Flat,02/01/2024 12:57:36,0.5,0.65,FALSE,0,,FALSE,,
REC003772,CUST012,Sally Williams-Wilson,youngdanielle@matthews.com,Leeds,MTR0012,Flat,02/01/2024 13:26:24,0.46,0.54,FALSE,0,,FALSE,,
REC003773,CUST012,Sally Williams-Wilson,youngdanielle@matthews.com,Leeds,MTR0012,Flat,02/01/2024 13:55:12,1.09,1.07,FALSE,0,,FALSE,,
REC003774,CUST012,Sally Williams-Wilson,youngdanielle@matthews.com,Leeds,MTR0012,Flat,02/01/2024 14:24:00,0.41,0.46,FALSE,0,,FALSE,,
REC003775,CUST012,Sally Williams-Wilson,youngdanielle@matthews.com,Leeds,MTR0012,Flat,02/01/2024 15:07:12,0.6,0.61,FALSE,0,,FALSE,,
REC003776,CUST012,Sally Williams-Wilson,youngdanielle@matthews.com,Leeds,MTR0012,Flat,02/01/2024 15:36:00,0.97,0.99,FALSE,0,,FALSE,,
REC003777,CUST012,Sally Williams-Wilson,youngdanielle@matthews.com,Leeds,MTR0012,Flat,02/01/2024 16:04:48,1.08,1.1,FALSE,0,,FALSE,,
REC003778,CUST012,Sally Williams-Wilson,youngdanielle@matthews.com,Leeds,MTR0012,Flat,02/01/2024 16:33:36,0.57,0.72,FALSE,0,,FALSE,,
REC003779,CUST012,Sally Williams-Wilson,youngdanielle@matthews.com,Leeds,MTR0012,Flat,02/01/2024 17:02:24,1.1,1.09,FALSE,0,,FALSE,,
REC003780,CUST012,Sally Williams-Wilson,youngdanielle@matthews.com,Leeds,MTR0012,Flat,02/01/2024 17:31:12,1.06,0.9,FALSE,0,,FALSE,,
REC003781,CUST012,Sally Williams-Wilson,youngdanielle@matthews.com,Leeds,MTR0012,Flat,02/01/2024 18:00:00,1.06,1.06,FALSE,0,,FALSE,,
REC003782,CUST012,Sally Williams-Wilson,youngdanielle@matthews.com,Leeds,MTR0012,Flat,02/01/2024 18:28:48,1.12,1.12,FALSE,0,,FALSE,,
REC003783,CUST012,Sally Williams-Wilson,youngdanielle@matthews.com,Leeds,MTR0012,Flat,02/01/2024 18:57:36,1.14,0.97,FALSE,0,,FALSE,,
REC003784,CUST012,Sally Williams-Wilson,youngdanielle@matthews.com,Leeds,MTR0012,Flat,02/01/2024 19:26:24,0.86,0.61,TRUE,40.98,Overnight appliance,TRUE,1/2/2024 19:59,TRUE
REC003785,CUST012,Sally Williams-Wilson,youngdanielle@matthews.com,Leeds,MTR0012,Flat,02/01/2024 19:55:12,0.67,0.77,FALSE,0,,FALSE,,
REC003786,CUST012,Sally Williams-Wilson,youngdanielle@matthews.com,Leeds,MTR0012,Flat,02/01/2024 20:24:00,1.12,0.94,FALSE,0,,FALSE,,
REC003787,CUST012,Sally Williams-Wilson,youngdanielle@matthews.com,Leeds,MTR0012,Flat,02/01/2024 21:07:12,1.06,1.08,FALSE,0,,FALSE,,
REC003788,CUST012,Sally Williams-Wilson,youngdanielle@matthews.com,Leeds,MTR0012,Flat,02/01/2024 21:36:00,0.55,0.67,FALSE,0,,FALSE,,
REC003789,CUST012,Sally Williams-Wilson,youngdanielle@matthews.com,Leeds,MTR0012,Flat,02/01/2024 22:04:48,0.99,0.92,FALSE,0,,FALSE,,
REC003790,CUST012,Sally Williams-Wilson,youngdanielle@matthews.com,Leeds,MTR0012,Flat,02/01/2024 22:33:36,0.96,1.09,FALSE,0,,FALSE,,
REC003791,CUST012,Sally Williams-Wilson,youngdanielle@matthews.com,Leeds,MTR0012,Flat,02/01/2024 23:02:24,0.66,0.68,FALSE,0,,FALSE,,
REC003792,CUST012,Sally Williams-Wilson,youngdanielle@matthews.com,Leeds,MTR0012,Flat,02/01/2024 23:31:12,1.12,1.16,FALSE,0,,FALSE,,
REC003793,CUST012,Sally Williams-Wilson,youngdanielle@matthews.com,Leeds,MTR0012,Flat,03/01/2024 00:00:00,1.16,1.16,FALSE,0,,FALSE,,
REC003794,CUST012,Sally Williams-Wilson,youngdanielle@matthews.com,Leeds,MTR0012,Flat,03/01/2024 00:28:48,0.93,1.06,FALSE,0,,FALSE,,
REC003795,CUST012,Sally Williams-Wilson,youngdanielle@matthews.com,Leeds,MTR0012,Flat,03/01/2024 00:57:36,0.17,0.32,FALSE,0,,FALSE,,
REC003796,CUST012,Sally Williams-Wilson,youngdanielle@matthews.com,Leeds,MTR0012,Flat,03/01/2024 01:26:24,1.15,1.08,FALSE,0,,FALSE,,
REC003797,CUST012,Sally Williams-Wilson,youngdanielle@matthews.com,Leeds,MTR0012,Flat,03/01/2024 01:55:12,0.67,0.56,FALSE,0,,FALSE,,
REC003798,CUST012,Sally Williams-Wilson,youngdanielle@matthews.com,Leeds,MTR0012,Flat,03/01/2024 02:24:00,0.62,0.5,FALSE,0,,FALSE,,
REC003799,CUST012,Sally Williams-Wilson,youngdanielle@matthews.com,Leeds,MTR0012,Flat,03/01/2024 03:07:12,0.17,0.33,FALSE,0,,FALSE,,
REC003800,CUST012,Sally Williams-Wilson,youngdanielle@matthews.com,Leeds,MTR0012,Flat,03/01/2024 03:36:00,0.96,1.03,FALSE,0,,FALSE,,
REC003801,CUST012,Sally Williams-Wilson,youngdanielle@matthews.com,Leeds,MTR0012,Flat,03/01/2024 04:04:48,1.24,1.02,FALSE,0,,FALSE,,
REC003802,CUST012,Sally Williams-Wilson,youngdanielle@matthews.com,Leeds,MTR0012,Flat,03/01/2024 04:33:36,0.75,0.84,FALSE,0,,FALSE,,
REC003803,CUST012,Sally Williams-Wilson,youngdanielle@matthews.com,Leeds,MTR0012,Flat,03/01/2024 05:02:24,0.88,1.04,FALSE,0,,FALSE,,
REC003804,CUST012,Sally Williams-Wilson,youngdanielle@matthews.com,Leeds,MTR0012,Flat,03/01/2024 05:31:12,0.49,0.54,FALSE,0,,FALSE,,
REC003805,CUST012,Sally Williams-Wilson,youngdanielle@matthews.com,Leeds,MTR0012,Flat,03/01/2024 06:00:00,0.57,0.78,FALSE,0,,FALSE,,
REC003806,CUST012,Sally Williams-Wilson,youngdanielle@matthews.com,Leeds,MTR0012,Flat,03/01/2024 06:28:48,0.2,0.38,FALSE,0,,FALSE,,
REC003807,CUST012,Sally Williams-Wilson,youngdanielle@matthews.com,Leeds,MTR0012,Flat,03/01/2024 06:57:36,0.89,0.95,FALSE,0,,FALSE,,
REC003808,CUST012,Sally Williams-Wilson,youngdanielle@matthews.com,Leeds,MTR0012,Flat,03/01/2024 07:26:24,0.61,0.67,FALSE,0,,FALSE,,
REC003809,CUST012,Sally Williams-Wilson,youngdanielle@matthews.com,Leeds,MTR0012,Flat,03/01/2024 07:55:12,0.33,0.51,FALSE,0,,FALSE,,
REC003810,CUST012,Sally Williams-Wilson,youngdanielle@matthews.com,Leeds,MTR0012,Flat,03/01/2024 08:24:00,0.82,0.7,FALSE,0,,FALSE,,
REC003811,CUST012,Sally Williams-Wilson,youngdanielle@matthews.com,Leeds,MTR0012,Flat,03/01/2024 09:07:12,0.73,0.78,FALSE,0,,FALSE,,
REC003812,CUST012,Sally Williams-Wilson,youngdanielle@matthews.com,Leeds,MTR0012,Flat,03/01/2024 09:36:00,1.05,1.09,FALSE,0,,FALSE,,
REC003813,CUST012,Sally Williams-Wilson,youngdanielle@matthews.com,Leeds,MTR0012,Flat,03/01/2024 10:04:48,0.64,0.69,FALSE,0,,FALSE,,
REC003814,CUST012,Sally Williams-Wilson,youngdanielle@matthews.com,Leeds,MTR0012,Flat,03/01/2024 10:33:36,0.74,0.75,FALSE,0,,FALSE,,
REC003815,CUST012,Sally Williams-Wilson,youngdanielle@matthews.com,Leeds,MTR0012,Flat,03/01/2024 11:02:24,0.98,0.8,FALSE,0,,FALSE,,
REC003816,CUST012,Sally Williams-Wilson,youngdanielle@matthews.com,Leeds,MTR0012,Flat,03/01/2024 11:31:12,0.51,0.46,FALSE,0,,FALSE,,
REC003817,CUST012,Sally Williams-Wilson,youngdanielle@matthews.com,Leeds,MTR0012,Flat,03/01/2024 12:00:00,0.53,0.53,FALSE,0,,FALSE,,
REC003818,CUST012,Sally Williams-Wilson,youngdanielle@matthews.com,Leeds,MTR0012,Flat,03/01/2024 12:28:48,0.38,0.49,FALSE,0,,FALSE,,
REC003819,CUST012,Sally Williams-Wilson,youngdanielle@matthews.com,Leeds,MTR0012,Flat,03/01/2024 12:57:36,0.26,0.35,FALSE,0,,FALSE,,
REC003820,CUST012,Sally Williams-Wilson,youngdanielle@matthews.com,Leeds,MTR0012,Flat,03/01/2024 13:26:24,0.9,0.94,FALSE,0,,FALSE,,
REC003821,CUST012,Sally Williams-Wilson,youngdanielle@matthews.com,Leeds,MTR0012,Flat,03/01/2024 13:55:12,0.73,0.78,FALSE,0,,FALSE,,
REC003822,CUST012,Sally Williams-Wilson,youngdanielle@matthews.com,Leeds,MTR0012,Flat,03/01/2024 14:24:00,0.9,0.85,FALSE,0,,FALSE,,
REC003823,CUST012,Sally Williams-Wilson,youngdanielle@matthews.com,Leeds,MTR0012,Flat,03/01/2024 15:07:12,0.43,0.6,FALSE,0,,FALSE,,
REC003824,CUST012,Sally Williams-Wilson,youngdanielle@matthews.com,Leeds,MTR0012,Flat,03/01/2024 15:36:00,0.46,0.38,FALSE,0,,FALSE,,
REC003825,CUST012,Sally Williams-Wilson,youngdanielle@matthews.com,Leeds,MTR0012,Flat,03/01/2024 16:04:48,0.47,0.5,FALSE,0,,FALSE,,
REC003826,CUST012,Sally Williams-Wilson,youngdanielle@matthews.com,Leeds,MTR0012,Flat,03/01/2024 16:33:36,0.76,0.89,FALSE,0,,FALSE,,
REC003827,CUST012,Sally Williams-Wilson,youngdanielle@matthews.com,Leeds,MTR0012,Flat,03/01/2024 17:02:24,0.54,0.54,FALSE,0,,FALSE,,
REC003828,CUST012,Sally Williams-Wilson,youngdanielle@matthews.com,Leeds,MTR0012,Flat,03/01/2024 17:31:12,0.82,0.85,FALSE,0,,FALSE,,
REC003829,CUST012,Sally Williams-Wilson,youngdanielle@matthews.com,Leeds,MTR0012,Flat,03/01/2024 18:00:00,1.09,1.17,FALSE,0,,FALSE,,
REC003830,CUST012,Sally Williams-Wilson,youngdanielle@matthews.com,Leeds,MTR0012,Flat,03/01/2024 18:28:48,1.07,0.82,FALSE,0,,FALSE,,
REC003831,CUST012,Sally Williams-Wilson,youngdanielle@matthews.com,Leeds,MTR0012,Flat,03/01/2024 18:57:36,1.09,1.14,FALSE,0,,FALSE,,
REC003832,CUST012,Sally Williams-Wilson,youngdanielle@matthews.com,Leeds,MTR0012,Flat,03/01/2024 19:26:24,0.61,0.51,FALSE,0,,FALSE,,
REC003833,CUST012,Sally Williams-Wilson,youngdanielle@matthews.com,Leeds,MTR0012,Flat,03/01/2024 19:55:12,0.71,0.54,FALSE,0,,FALSE,,
REC003834,CUST012,Sally Williams-Wilson,youngdanielle@matthews.com,Leeds,MTR0012,Flat,03/01/2024 20:24:00,0.75,0.75,FALSE,0,,FALSE,,
REC003835,CUST012,Sally Williams-Wilson,youngdanielle@matthews.com,Leeds,MTR0012,Flat,03/01/2024 21:07:12,0.45,0.36,FALSE,0,,FALSE,,
REC003836,CUST012,Sally Williams-Wilson,youngdanielle@matthews.com,Leeds,MTR0012,Flat,03/01/2024 21:36:00,0.62,0.56,FALSE,0,,FALSE,,
REC003837,CUST012,Sally Williams-Wilson,youngdanielle@matthews.com,Leeds,MTR0012,Flat,03/01/2024 22:04:48,0.99,0.9,FALSE,0,,FALSE,,
REC003838,CUST012,Sally Williams-Wilson,youngdanielle@matthews.com,Leeds,MTR0012,Flat,03/01/2024 22:33:36,1.04,1.06,FALSE,0,,FALSE,,
REC003839,CUST012,Sally Williams-Wilson,youngdanielle@matthews.com,Leeds,MTR0012,Flat,03/01/2024 23:02:24,0.84,0.77,FALSE,0,,FALSE,,
REC003840,CUST012,Sally Williams-Wilson,youngdanielle@matthews.com,Leeds,MTR0012,Flat,03/01/2024 23:31:12,0.79,0.75,FALSE,0,,FALSE,,
REC003841,CUST012,Sally Williams-Wilson,youngdanielle@matthews.com,Leeds,MTR0012,Flat,04/01/2024 00:00:00,0.5,0.58,FALSE,0,,FALSE,,
REC003842,CUST012,Sally Williams-Wilson,youngdanielle@matthews.com,Leeds,MTR0012,Flat,04/01/2024 00:28:48,0.72,0.65,FALSE,0,,FALSE,,
REC003843,CUST012,Sally Williams-Wilson,youngdanielle@matthews.com,Leeds,MTR0012,Flat,04/01/2024 00:57:36,1.01,1.08,FALSE,0,,FALSE,,
REC003844,CUST012,Sally Williams-Wilson,youngdanielle@matthews.com,Leeds,MTR0012,Flat,04/01/2024 01:26:24,0.65,0.49,FALSE,0,,FALSE,,
REC003845,CUST012,Sally Williams-Wilson,youngdanielle@matthews.com,Leeds,MTR0012,Flat,04/01/2024 01:55:12,0.54,0.62,FALSE,0,,FALSE,,
REC003846,CUST012,Sally Williams-Wilson,youngdanielle@matthews.com,Leeds,MTR0012,Flat,04/01/2024 02:24:00,0.91,0.97,FALSE,0,,FALSE,,
REC003847,CUST012,Sally Williams-Wilson,youngdanielle@matthews.com,Leeds,MTR0012,Flat,04/01/2024 03:07:12,0.31,0.53,FALSE,0,,FALSE,,
REC003848,CUST012,Sally Williams-Wilson,youngdanielle@matthews.com,Leeds,MTR0012,Flat,04/01/2024 03:36:00,1.09,1.18,FALSE,0,,FALSE,,
REC003849,CUST012,Sally Williams-Wilson,youngdanielle@matthews.com,Leeds,MTR0012,Flat,04/01/2024 04:04:48,0.82,0.65,FALSE,0,,FALSE,,
REC003850,CUST012,Sally Williams-Wilson,youngdanielle@matthews.com,Leeds,MTR0012,Flat,04/01/2024 04:33:36,0.83,0.68,FALSE,0,,FALSE,,
REC003851,CUST012,Sally Williams-Wilson,youngdanielle@matthews.com,Leeds,MTR0012,Flat,04/01/2024 05:02:24,0.69,0.69,FALSE,0,,FALSE,,
REC003852,CUST012,Sally Williams-Wilson,youngdanielle@matthews.com,Leeds,MTR0012,Flat,04/01/2024 05:31:12,0.68,0.75,FALSE,0,,FALSE,,
REC003853,CUST012,Sally Williams-Wilson,youngdanielle@matthews.com,Leeds,MTR0012,Flat,04/01/2024 06:00:00,0.45,0.43,FALSE,0,,FALSE,,
REC003854,CUST012,Sally Williams-Wilson,youngdanielle@matthews.com,Leeds,MTR0012,Flat,04/01/2024 06:28:48,0.4,0.48,FALSE,0,,FALSE,,
REC003855,CUST012,Sally Williams-Wilson,youngdanielle@matthews.com,Leeds,MTR0012,Flat,04/01/2024 06:57:36,0.49,0.53,FALSE,0,,FALSE,,
REC003856,CUST012,Sally Williams-Wilson,youngdanielle@matthews.com,Leeds,MTR0012,Flat,04/01/2024 07:26:24,0.64,0.59,FALSE,0,,FALSE,,
REC003857,CUST012,Sally Williams-Wilson,youngdanielle@matthews.com,Leeds,MTR0012,Flat,04/01/2024 07:55:12,0.45,0.49,FALSE,0,,FALSE,,
REC003858,CUST012,Sally Williams-Wilson,youngdanielle@matthews.com,Leeds,MTR0012,Flat,04/01/2024 08:24:00,0.9,0.9,FALSE,0,,FALSE,,
REC003859,CUST012,Sally Williams-Wilson,youngdanielle@matthews.com,Leeds,MTR0012,Flat,04/01/2024 09:07:12,0.83,0.77,FALSE,0,,FALSE,,
REC003860,CUST012,Sally Williams-Wilson,youngdanielle@matthews.com,Leeds,MTR0012,Flat,04/01/2024 09:36:00,0.47,0.41,FALSE,0,,FALSE,,
REC003861,CUST012,Sally Williams-Wilson,youngdanielle@matthews.com,Leeds,MTR0012,Flat,04/01/2024 10:04:48,0.61,0.66,FALSE,0,,FALSE,,
REC003862,CUST012,Sally Williams-Wilson,youngdanielle@matthews.com,Leeds,MTR0012,Flat,04/01/2024 10:33:36,0.47,0.54,FALSE,0,,FALSE,,
REC003863,CUST012,Sally Williams-Wilson,youngdanielle@matthews.com,Leeds,MTR0012,Flat,04/01/2024 11:02:24,0.86,0.8,FALSE,0,,FALSE,,
REC003864,CUST012,Sally Williams-Wilson,youngdanielle@matthews.com,Leeds,MTR0012,Flat,04/01/2024 11:31:12,0.4,0.41,FALSE,0,,FALSE,,
REC003865,CUST012,Sally Williams-Wilson,youngdanielle@matthews.com,Leeds,MTR0012,Flat,04/01/2024 12:00:00,1.25,1.18,FALSE,0,,FALSE,,
REC003866,CUST012,Sally Williams-Wilson,youngdanielle@matthews.com,Leeds,MTR0012,Flat,04/01/2024 12:28:48,0.54,0.61,FALSE,0,,FALSE,,
REC003867,CUST012,Sally Williams-Wilson,youngdanielle@matthews.com,Leeds,MTR0012,Flat,04/01/2024 12:57:36,0.39,0.43,FALSE,0,,FALSE,,
REC003868,CUST012,Sally Williams-Wilson,youngdanielle@matthews.com,Leeds,MTR0012,Flat,04/01/2024 13:26:24,0.97,0.89,FALSE,0,,FALSE,,
REC003869,CUST012,Sally Williams-Wilson,youngdanielle@matthews.com,Leeds,MTR0012,Flat,04/01/2024 13:55:12,0.76,0.81,FALSE,0,,FALSE,,
REC003870,CUST012,Sally Williams-Wilson,youngdanielle@matthews.com,Leeds,MTR0012,Flat,04/01/2024 14:24:00,0.63,0.96,FALSE,0,,FALSE,,
REC003871,CUST012,Sally Williams-Wilson,youngdanielle@matthews.com,Leeds,MTR0012,Flat,04/01/2024 15:07:12,0.45,0.38,FALSE,0,,FALSE,,
REC003872,CUST012,Sally Williams-Wilson,youngdanielle@matthews.com,Leeds,MTR0012,Flat,04/01/2024 15:36:00,0.38,0.35,FALSE,0,,FALSE,,
REC003873,CUST012,Sally Williams-Wilson,youngdanielle@matthews.com,Leeds,MTR0012,Flat,04/01/2024 16:04:48,0.38,0.43,FALSE,0,,FALSE,,
REC003874,CUST012,Sally Williams-Wilson,youngdanielle@matthews.com,Leeds,MTR0012,Flat,04/01/2024 16:33:36,0.83,0.66,FALSE,0,,FALSE,,
REC003875,CUST012,Sally Williams-Wilson,youngdanielle@matthews.com,Leeds,MTR0012,Flat,04/01/2024 17:02:24,0.31,0.42,FALSE,0,,FALSE,,
REC003876,CUST012,Sally Williams-Wilson,youngdanielle@matthews.com,Leeds,MTR0012,Flat,04/01/2024 17:31:12,0.73,0.73,FALSE,0,,FALSE,,
REC003877,CUST012,Sally Williams-Wilson,youngdanielle@matthews.com,Leeds,MTR0012,Flat,04/01/2024 18:00:00,0.98,0.99,FALSE,0,,FALSE,,
REC003878,CUST012,Sally Williams-Wilson,youngdanielle@matthews.com,Leeds,MTR0012,Flat,04/01/2024 18:28:48,1.02,1.19,FALSE,0,,FALSE,,
REC003879,CUST012,Sally Williams-Wilson,youngdanielle@matthews.com,Leeds,MTR0012,Flat,04/01/2024 18:57:36,0.89,0.92,FALSE,0,,FALSE,,
REC003880,CUST012,Sally Williams-Wilson,youngdanielle@matthews.com,Leeds,MTR0012,Flat,04/01/2024 19:26:24,1.11,0.99,FALSE,0,,FALSE,,
REC003881,CUST012,Sally Williams-Wilson,youngdanielle@matthews.com,Leeds,MTR0012,Flat,04/01/2024 19:55:12,0.31,0.34,FALSE,0,,FALSE,,
REC003882,CUST012,Sally Williams-Wilson,youngdanielle@matthews.com,Leeds,MTR0012,Flat,04/01/2024 20:24:00,0.63,0.66,FALSE,0,,FALSE,,
REC003883,CUST012,Sally Williams-Wilson,youngdanielle@matthews.com,Leeds,MTR0012,Flat,04/01/2024 21:07:12,1.19,1.06,FALSE,0,,FALSE,,
REC003884,CUST012,Sally Williams-Wilson,youngdanielle@matthews.com,Leeds,MTR0012,Flat,04/01/2024 21:36:00,0.81,0.94,FALSE,0,,FALSE,,
REC003885,CUST012,Sally Williams-Wilson,youngdanielle@matthews.com,Leeds,MTR0012,Flat,04/01/2024 22:04:48,0.93,0.83,FALSE,0,,FALSE,,
REC003886,CUST012,Sally Williams-Wilson,youngdanielle@matthews.com,Leeds,MTR0012,Flat,04/01/2024 22:33:36,0.42,0.61,FALSE,0,,FALSE,,
REC003887,CUST012,Sally Williams-Wilson,youngdanielle@matthews.com,Leeds,MTR0012,Flat,04/01/2024 23:02:24,0.48,0.38,FALSE,0,,FALSE,,
REC003888,CUST012,Sally Williams-Wilson,youngdanielle@matthews.com,Leeds,MTR0012,Flat,04/01/2024 23:31:12,0.47,0.6,FALSE,0,,FALSE,,
REC003889,CUST012,Sally Williams-Wilson,youngdanielle@matthews.com,Leeds,MTR0012,Flat,05/01/2024 00:00:00,0.57,0.65,FALSE,0,,FALSE,,
REC003890,CUST012,Sally Williams-Wilson,youngdanielle@matthews.com,Leeds,MTR0012,Flat,05/01/2024 00:28:48,0.54,0.67,FALSE,0,,FALSE,,
REC003891,CUST012,Sally Williams-Wilson,youngdanielle@matthews.com,Leeds,MTR0012,Flat,05/01/2024 00:57:36,1.02,0.95,FALSE,0,,FALSE,,
REC003892,CUST012,Sally Williams-Wilson,youngdanielle@matthews.com,Leeds,MTR0012,Flat,05/01/2024 01:26:24,0.34,0.34,FALSE,0,,FALSE,,
REC003893,CUST012,Sally Williams-Wilson,youngdanielle@matthews.com,Leeds,MTR0012,Flat,05/01/2024 01:55:12,0.83,0.75,FALSE,0,,FALSE,,
REC003894,CUST012,Sally Williams-Wilson,youngdanielle@matthews.com,Leeds,MTR0012,Flat,05/01/2024 02:24:00,0.36,0.34,FALSE,0,,FALSE,,
REC003895,CUST012,Sally Williams-Wilson,youngdanielle@matthews.com,Leeds,MTR0012,Flat,05/01/2024 03:07:12,0.78,0.82,FALSE,0,,FALSE,,
REC003896,CUST012,Sally Williams-Wilson,youngdanielle@matthews.com,Leeds,MTR0012,Flat,05/01/2024 03:36:00,1.15,1.09,FALSE,0,,FALSE,,
REC003897,CUST012,Sally Williams-Wilson,youngdanielle@matthews.com,Leeds,MTR0012,Flat,05/01/2024 04:04:48,0.34,0.32,FALSE,0,,FALSE,,
REC003898,CUST012,Sally Williams-Wilson,youngdanielle@matthews.com,Leeds,MTR0012,Flat,05/01/2024 04:33:36,0.9,0.89,FALSE,0,,FALSE,,
REC003899,CUST012,Sally Williams-Wilson,youngdanielle@matthews.com,Leeds,MTR0012,Flat,05/01/2024 05:02:24,0.65,0.7,FALSE,0,,FALSE,,
REC003900,CUST012,Sally Williams-Wilson,youngdanielle@matthews.com,Leeds,MTR0012,Flat,05/01/2024 05:31:12,0.92,0.92,FALSE,0,,FALSE,,
REC003901,CUST012,Sally Williams-Wilson,youngdanielle@matthews.com,Leeds,MTR0012,Flat,05/01/2024 06:00:00,0.7,0.73,FALSE,0,,FALSE,,
REC003902,CUST012,Sally Williams-Wilson,youngdanielle@matthews.com,Leeds,MTR0012,Flat,05/01/2024 06:28:48,0.32,0.36,FALSE,0,,FALSE,,
REC003903,CUST012,Sally Williams-Wilson,youngdanielle@matthews.com,Leeds,MTR0012,Flat,05/01/2024 06:57:36,0.83,0.82,FALSE,0,,FALSE,,
REC003904,CUST012,Sally Williams-Wilson,youngdanielle@matthews.com,Leeds,MTR0012,Flat,05/01/2024 07:26:24,1.28,1.04,FALSE,0,,FALSE,,
REC003905,CUST012,Sally Williams-Wilson,youngdanielle@matthews.com,Leeds,MTR0012,Flat,05/01/2024 07:55:12,1,1.07,FALSE,0,,FALSE,,
REC003906,CUST012,Sally Williams-Wilson,youngdanielle@matthews.com,Leeds,MTR0012,Flat,05/01/2024 08:24:00,0.98,0.81,FALSE,0,,FALSE,,
REC003907,CUST012,Sally Williams-Wilson,youngdanielle@matthews.com,Leeds,MTR0012,Flat,05/01/2024 09:07:12,0.95,0.88,FALSE,0,,FALSE,,
REC003908,CUST012,Sally Williams-Wilson,youngdanielle@matthews.com,Leeds,MTR0012,Flat,05/01/2024 09:36:00,0.4,0.42,FALSE,0,,FALSE,,
REC003909,CUST012,Sally Williams-Wilson,youngdanielle@matthews.com,Leeds,MTR0012,Flat,05/01/2024 10:04:48,0.79,0.9,FALSE,0,,FALSE,,
REC003910,CUST012,Sally Williams-Wilson,youngdanielle@matthews.com,Leeds,MTR0012,Flat,05/01/2024 10:33:36,0.34,0.49,FALSE,0,,FALSE,,
REC003911,CUST012,Sally Williams-Wilson,youngdanielle@matthews.com,Leeds,MTR0012,Flat,05/01/2024 11:02:24,0.78,0.83,FALSE,0,,FALSE,,
REC003912,CUST012,Sally Williams-Wilson,youngdanielle@matthews.com,Leeds,MTR0012,Flat,05/01/2024 11:31:12,0.58,0.59,FALSE,0,,FALSE,,
REC003913,CUST012,Sally Williams-Wilson,youngdanielle@matthews.com,Leeds,MTR0012,Flat,05/01/2024 12:00:00,1.14,1.03,FALSE,0,,FALSE,,
REC003914,CUST012,Sally Williams-Wilson,youngdanielle@matthews.com,Leeds,MTR0012,Flat,05/01/2024 12:28:48,1.02,0.93,FALSE,0,,FALSE,,
REC003915,CUST012,Sally Williams-Wilson,youngdanielle@matthews.com,Leeds,MTR0012,Flat,05/01/2024 12:57:36,0.55,0.58,FALSE,0,,FALSE,,
REC003916,CUST012,Sally Williams-Wilson,youngdanielle@matthews.com,Leeds,MTR0012,Flat,05/01/2024 13:26:24,1,1.05,FALSE,0,,FALSE,,
REC003917,CUST012,Sally Williams-Wilson,youngdanielle@matthews.com,Leeds,MTR0012,Flat,05/01/2024 13:55:12,1.15,1.18,FALSE,0,,FALSE,,
REC003918,CUST012,Sally Williams-Wilson,youngdanielle@matthews.com,Leeds,MTR0012,Flat,05/01/2024 14:24:00,0.43,0.43,FALSE,0,,FALSE,,
REC003919,CUST012,Sally Williams-Wilson,youngdanielle@matthews.com,Leeds,MTR0012,Flat,05/01/2024 15:07:12,0.51,0.59,FALSE,0,,FALSE,,
REC003920,CUST012,Sally Williams-Wilson,youngdanielle@matthews.com,Leeds,MTR0012,Flat,05/01/2024 15:36:00,1.16,1.15,FALSE,0,,FALSE,,
REC003921,CUST012,Sally Williams-Wilson,youngdanielle@matthews.com,Leeds,MTR0012,Flat,05/01/2024 16:04:48,0.64,0.63,FALSE,0,,FALSE,,
REC003922,CUST012,Sally Williams-Wilson,youngdanielle@matthews.com,Leeds,MTR0012,Flat,05/01/2024 16:33:36,0.99,0.98,FALSE,0,,FALSE,,
REC003923,CUST012,Sally Williams-Wilson,youngdanielle@matthews.com,Leeds,MTR0012,Flat,05/01/2024 17:02:24,1,0.85,FALSE,0,,FALSE,,
REC003924,CUST012,Sally Williams-Wilson,youngdanielle@matthews.com,Leeds,MTR0012,Flat,05/01/2024 17:31:12,1,0.87,FALSE,0,,FALSE,,
REC003925,CUST012,Sally Williams-Wilson,youngdanielle@matthews.com,Leeds,MTR0012,Flat,05/01/2024 18:00:00,0.84,0.8,FALSE,0,,FALSE,,
REC003926,CUST012,Sally Williams-Wilson,youngdanielle@matthews.com,Leeds,MTR0012,Flat,05/01/2024 18:28:48,0.52,0.49,FALSE,0,,FALSE,,
REC003927,CUST012,Sally Williams-Wilson,youngdanielle@matthews.com,Leeds,MTR0012,Flat,05/01/2024 18:57:36,0.6,0.38,TRUE,57.89,Overnight appliance,TRUE,1/5/2024 19:06,TRUE
REC003928,CUST012,Sally Williams-Wilson,youngdanielle@matthews.com,Leeds,MTR0012,Flat,05/01/2024 19:26:24,0.78,1.05,FALSE,0,,FALSE,,
REC003929,CUST012,Sally Williams-Wilson,youngdanielle@matthews.com,Leeds,MTR0012,Flat,05/01/2024 19:55:12,0.8,0.7,FALSE,0,,FALSE,,
REC003930,CUST012,Sally Williams-Wilson,youngdanielle@matthews.com,Leeds,MTR0012,Flat,05/01/2024 20:24:00,0.59,0.33,TRUE,78.79,Schedule change,TRUE,1/5/2024 20:56,TRUE
REC003931,CUST012,Sally Williams-Wilson,youngdanielle@matthews.com,Leeds,MTR0012,Flat,05/01/2024 21:07:12,0.82,0.85,FALSE,0,,FALSE,,
REC003932,CUST012,Sally Williams-Wilson,youngdanielle@matthews.com,Leeds,MTR0012,Flat,05/01/2024 21:36:00,0.86,0.83,FALSE,0,,FALSE,,
REC003933,CUST012,Sally Williams-Wilson,youngdanielle@matthews.com,Leeds,MTR0012,Flat,05/01/2024 22:04:48,0.82,0.83,FALSE,0,,FALSE,,
REC003934,CUST012,Sally Williams-Wilson,youngdanielle@matthews.com,Leeds,MTR0012,Flat,05/01/2024 22:33:36,0.53,0.5,FALSE,0,,FALSE,,
REC003935,CUST012,Sally Williams-Wilson,youngdanielle@matthews.com,Leeds,MTR0012,Flat,05/01/2024 23:02:24,0.55,0.45,FALSE,0,,FALSE,,
REC003936,CUST012,Sally Williams-Wilson,youngdanielle@matthews.com,Leeds,MTR0012,Flat,05/01/2024 23:31:12,1.04,0.88,FALSE,0,,FALSE,,
REC003937,CUST012,Sally Williams-Wilson,youngdanielle@matthews.com,Leeds,MTR0012,Flat,06/01/2024 00:00:00,0.36,0.38,FALSE,0,,FALSE,,
REC003938,CUST012,Sally Williams-Wilson,youngdanielle@matthews.com,Leeds,MTR0012,Flat,06/01/2024 00:28:48,0.67,0.58,FALSE,0,,FALSE,,
REC003939,CUST012,Sally Williams-Wilson,youngdanielle@matthews.com,Leeds,MTR0012,Flat,06/01/2024 00:57:36,0.82,0.72,FALSE,0,,FALSE,,
REC003940,CUST012,Sally Williams-Wilson,youngdanielle@matthews.com,Leeds,MTR0012,Flat,06/01/2024 01:26:24,1.11,1.14,FALSE,0,,FALSE,,
REC003941,CUST012,Sally Williams-Wilson,youngdanielle@matthews.com,Leeds,MTR0012,Flat,06/01/2024 01:55:12,0.61,0.57,FALSE,0,,FALSE,,
REC003942,CUST012,Sally Williams-Wilson,youngdanielle@matthews.com,Leeds,MTR0012,Flat,06/01/2024 02:24:00,1.19,1.14,FALSE,0,,FALSE,,
REC003943,CUST012,Sally Williams-Wilson,youngdanielle@matthews.com,Leeds,MTR0012,Flat,06/01/2024 03:07:12,0.36,0.52,FALSE,0,,FALSE,,
REC003944,CUST012,Sally Williams-Wilson,youngdanielle@matthews.com,Leeds,MTR0012,Flat,06/01/2024 03:36:00,1.1,1.04,FALSE,0,,FALSE,,
REC003945,CUST012,Sally Williams-Wilson,youngdanielle@matthews.com,Leeds,MTR0012,Flat,06/01/2024 04:04:48,0.11,0.3,FALSE,0,,FALSE,,
REC003946,CUST012,Sally Williams-Wilson,youngdanielle@matthews.com,Leeds,MTR0012,Flat,06/01/2024 04:33:36,0.67,0.59,FALSE,0,,FALSE,,
REC003947,CUST012,Sally Williams-Wilson,youngdanielle@matthews.com,Leeds,MTR0012,Flat,06/01/2024 05:02:24,0.91,0.88,FALSE,0,,FALSE,,
REC003948,CUST012,Sally Williams-Wilson,youngdanielle@matthews.com,Leeds,MTR0012,Flat,06/01/2024 05:31:12,1.18,1.07,FALSE,0,,FALSE,,
REC003949,CUST012,Sally Williams-Wilson,youngdanielle@matthews.com,Leeds,MTR0012,Flat,06/01/2024 06:00:00,0.26,0.54,FALSE,0,,FALSE,,
REC003950,CUST012,Sally Williams-Wilson,youngdanielle@matthews.com,Leeds,MTR0012,Flat,06/01/2024 06:28:48,0.42,0.31,FALSE,0,,FALSE,,
REC003951,CUST012,Sally Williams-Wilson,youngdanielle@matthews.com,Leeds,MTR0012,Flat,06/01/2024 06:57:36,0.9,0.8,FALSE,0,,FALSE,,
REC003952,CUST012,Sally Williams-Wilson,youngdanielle@matthews.com,Leeds,MTR0012,Flat,06/01/2024 07:26:24,1.13,0.96,FALSE,0,,FALSE,,
REC003953,CUST012,Sally Williams-Wilson,youngdanielle@matthews.com,Leeds,MTR0012,Flat,06/01/2024 07:55:12,0.65,0.81,FALSE,0,,FALSE,,
REC003954,CUST012,Sally Williams-Wilson,youngdanielle@matthews.com,Leeds,MTR0012,Flat,06/01/2024 08:24:00,0.44,0.37,FALSE,0,,FALSE,,
REC003955,CUST012,Sally Williams-Wilson,youngdanielle@matthews.com,Leeds,MTR0012,Flat,06/01/2024 09:07:12,0.5,0.69,FALSE,0,,FALSE,,
REC003956,CUST012,Sally Williams-Wilson,youngdanielle@matthews.com,Leeds,MTR0012,Flat,06/01/2024 09:36:00,1.01,0.95,FALSE,0,,FALSE,,
REC003957,CUST012,Sally Williams-Wilson,youngdanielle@matthews.com,Leeds,MTR0012,Flat,06/01/2024 10:04:48,1,0.88,FALSE,0,,FALSE,,
REC003958,CUST012,Sally Williams-Wilson,youngdanielle@matthews.com,Leeds,MTR0012,Flat,06/01/2024 10:33:36,0.8,0.88,FALSE,0,,FALSE,,
REC003959,CUST012,Sally Williams-Wilson,youngdanielle@matthews.com,Leeds,MTR0012,Flat,06/01/2024 11:02:24,0.84,0.87,FALSE,0,,FALSE,,
REC003960,CUST012,Sally Williams-Wilson,youngdanielle@matthews.com,Leeds,MTR0012,Flat,06/01/2024 11:31:12,0.93,0.93,FALSE,0,,FALSE,,
REC003961,CUST012,Sally Williams-Wilson,youngdanielle@matthews.com,Leeds,MTR0012,Flat,06/01/2024 12:00:00,0.49,0.64,FALSE,0,,FALSE,,
REC003962,CUST012,Sally Williams-Wilson,youngdanielle@matthews.com,Leeds,MTR0012,Flat,06/01/2024 12:28:48,0.53,0.48,FALSE,0,,FALSE,,
REC003963,CUST012,Sally Williams-Wilson,youngdanielle@matthews.com,Leeds,MTR0012,Flat,06/01/2024 12:57:36,0.42,0.61,FALSE,0,,FALSE,,
REC003964,CUST012,Sally Williams-Wilson,youngdanielle@matthews.com,Leeds,MTR0012,Flat,06/01/2024 13:26:24,0.74,0.76,FALSE,0,,FALSE,,
REC003965,CUST012,Sally Williams-Wilson,youngdanielle@matthews.com,Leeds,MTR0012,Flat,06/01/2024 13:55:12,0.63,0.45,FALSE,0,,FALSE,,
REC003966,CUST012,Sally Williams-Wilson,youngdanielle@matthews.com,Leeds,MTR0012,Flat,06/01/2024 14:24:00,0.71,0.69,FALSE,0,,FALSE,,
REC003967,CUST012,Sally Williams-Wilson,youngdanielle@matthews.com,Leeds,MTR0012,Flat,06/01/2024 15:07:12,0.74,0.87,FALSE,0,,FALSE,,
REC003968,CUST012,Sally Williams-Wilson,youngdanielle@matthews.com,Leeds,MTR0012,Flat,06/01/2024 15:36:00,0.72,0.82,FALSE,0,,FALSE,,
REC003969,CUST012,Sally Williams-Wilson,youngdanielle@matthews.com,Leeds,MTR0012,Flat,06/01/2024 16:04:48,0.58,0.75,FALSE,0,,FALSE,,
REC003970,CUST012,Sally Williams-Wilson,youngdanielle@matthews.com,Leeds,MTR0012,Flat,06/01/2024 16:33:36,0.69,0.63,FALSE,0,,FALSE,,
REC003971,CUST012,Sally Williams-Wilson,youngdanielle@matthews.com,Leeds,MTR0012,Flat,06/01/2024 17:02:24,0.25,0.38,FALSE,0,,FALSE,,
REC003972,CUST012,Sally Williams-Wilson,youngdanielle@matthews.com,Leeds,MTR0012,Flat,06/01/2024 17:31:12,1.17,1.08,FALSE,0,,FALSE,,
REC003973,CUST012,Sally Williams-Wilson,youngdanielle@matthews.com,Leeds,MTR0012,Flat,06/01/2024 18:00:00,0.76,0.74,FALSE,0,,FALSE,,
REC003974,CUST012,Sally Williams-Wilson,youngdanielle@matthews.com,Leeds,MTR0012,Flat,06/01/2024 18:28:48,0.45,0.64,FALSE,0,,FALSE,,
REC003975,CUST012,Sally Williams-Wilson,youngdanielle@matthews.com,Leeds,MTR0012,Flat,06/01/2024 18:57:36,0.62,0.81,FALSE,0,,FALSE,,
REC003976,CUST012,Sally Williams-Wilson,youngdanielle@matthews.com,Leeds,MTR0012,Flat,06/01/2024 19:26:24,0.85,0.94,FALSE,0,,FALSE,,
REC003977,CUST012,Sally Williams-Wilson,youngdanielle@matthews.com,Leeds,MTR0012,Flat,06/01/2024 19:55:12,0.61,0.63,FALSE,0,,FALSE,,
REC003978,CUST012,Sally Williams-Wilson,youngdanielle@matthews.com,Leeds,MTR0012,Flat,06/01/2024 20:24:00,1.07,0.95,FALSE,0,,FALSE,,
REC003979,CUST012,Sally Williams-Wilson,youngdanielle@matthews.com,Leeds,MTR0012,Flat,06/01/2024 21:07:12,0.45,0.4,FALSE,0,,FALSE,,
REC003980,CUST012,Sally Williams-Wilson,youngdanielle@matthews.com,Leeds,MTR0012,Flat,06/01/2024 21:36:00,0.56,0.49,FALSE,0,,FALSE,,
REC003981,CUST012,Sally Williams-Wilson,youngdanielle@matthews.com,Leeds,MTR0012,Flat,06/01/2024 22:04:48,0.4,0.43,FALSE,0,,FALSE,,
REC003982,CUST012,Sally Williams-Wilson,youngdanielle@matthews.com,Leeds,MTR0012,Flat,06/01/2024 22:33:36,0.16,0.33,FALSE,0,,FALSE,,
REC003983,CUST012,Sally Williams-Wilson,youngdanielle@matthews.com,Leeds,MTR0012,Flat,06/01/2024 23:02:24,0.72,0.66,FALSE,0,,FALSE,,
REC003984,CUST012,Sally Williams-Wilson,youngdanielle@matthews.com,Leeds,MTR0012,Flat,06/01/2024 23:31:12,0.78,0.77,FALSE,0,,FALSE,,
REC003985,CUST012,Sally Williams-Wilson,youngdanielle@matthews.com,Leeds,MTR0012,Flat,07/01/2024 00:00:00,0.98,1.04,FALSE,0,,FALSE,,
REC003986,CUST012,Sally Williams-Wilson,youngdanielle@matthews.com,Leeds,MTR0012,Flat,07/01/2024 00:28:48,0.59,0.58,FALSE,0,,FALSE,,
REC003987,CUST012,Sally Williams-Wilson,youngdanielle@matthews.com,Leeds,MTR0012,Flat,07/01/2024 00:57:36,0.75,0.82,FALSE,0,,FALSE,,
REC003988,CUST012,Sally Williams-Wilson,youngdanielle@matthews.com,Leeds,MTR0012,Flat,07/01/2024 01:26:24,0.41,0.48,FALSE,0,,FALSE,,
REC003989,CUST012,Sally Williams-Wilson,youngdanielle@matthews.com,Leeds,MTR0012,Flat,07/01/2024 01:55:12,1.17,1.13,FALSE,0,,FALSE,,
REC003990,CUST012,Sally Williams-Wilson,youngdanielle@matthews.com,Leeds,MTR0012,Flat,07/01/2024 02:24:00,0.7,0.65,FALSE,0,,FALSE,,
REC003991,CUST012,Sally Williams-Wilson,youngdanielle@matthews.com,Leeds,MTR0012,Flat,07/01/2024 03:07:12,0.58,0.75,FALSE,0,,FALSE,,
REC003992,CUST012,Sally Williams-Wilson,youngdanielle@matthews.com,Leeds,MTR0012,Flat,07/01/2024 03:36:00,0.73,0.75,FALSE,0,,FALSE,,
REC003993,CUST012,Sally Williams-Wilson,youngdanielle@matthews.com,Leeds,MTR0012,Flat,07/01/2024 04:04:48,0.28,0.33,FALSE,0,,FALSE,,
REC003994,CUST012,Sally Williams-Wilson,youngdanielle@matthews.com,Leeds,MTR0012,Flat,07/01/2024 04:33:36,0.92,0.77,FALSE,0,,FALSE,,
REC003995,CUST012,Sally Williams-Wilson,youngdanielle@matthews.com,Leeds,MTR0012,Flat,07/01/2024 05:02:24,0.71,0.63,FALSE,0,,FALSE,,
REC003996,CUST012,Sally Williams-Wilson,youngdanielle@matthews.com,Leeds,MTR0012,Flat,07/01/2024 05:31:12,1.06,0.99,FALSE,0,,FALSE,,
REC003997,CUST012,Sally Williams-Wilson,youngdanielle@matthews.com,Leeds,MTR0012,Flat,07/01/2024 06:00:00,0.89,0.95,FALSE,0,,FALSE,,
REC003998,CUST012,Sally Williams-Wilson,youngdanielle@matthews.com,Leeds,MTR0012,Flat,07/01/2024 06:28:48,0.61,0.72,FALSE,0,,FALSE,,
REC003999,CUST012,Sally Williams-Wilson,youngdanielle@matthews.com,Leeds,MTR0012,Flat,07/01/2024 06:57:36,0.52,0.6,FALSE,0,,FALSE,,
REC004000,CUST012,Sally Williams-Wilson,youngdanielle@matthews.com,Leeds,MTR0012,Flat,07/01/2024 07:26:24,0.54,0.42,FALSE,0,,FALSE,,
REC004001,CUST012,Sally Williams-Wilson,youngdanielle@matthews.com,Leeds,MTR0012,Flat,07/01/2024 07:55:12,0.54,0.66,FALSE,0,,FALSE,,
REC004002,CUST012,Sally Williams-Wilson,youngdanielle@matthews.com,Leeds,MTR0012,Flat,07/01/2024 08:24:00,0.56,0.36,TRUE,55.56,Heater malfunction,TRUE,1/7/2024 08:48,TRUE
REC004003,CUST012,Sally Williams-Wilson,youngdanielle@matthews.com,Leeds,MTR0012,Flat,07/01/2024 09:07:12,0.75,0.74,FALSE,0,,FALSE,,
REC004004,CUST012,Sally Williams-Wilson,youngdanielle@matthews.com,Leeds,MTR0012,Flat,07/01/2024 09:36:00,1.27,1.08,FALSE,0,,FALSE,,
REC004005,CUST012,Sally Williams-Wilson,youngdanielle@matthews.com,Leeds,MTR0012,Flat,07/01/2024 10:04:48,0.68,0.56,FALSE,0,,FALSE,,
REC004006,CUST012,Sally Williams-Wilson,youngdanielle@matthews.com,Leeds,MTR0012,Flat,07/01/2024 10:33:36,0.82,1.01,FALSE,0,,FALSE,,
REC004007,CUST012,Sally Williams-Wilson,youngdanielle@matthews.com,Leeds,MTR0012,Flat,07/01/2024 11:02:24,0.52,0.59,FALSE,0,,FALSE,,
REC004008,CUST012,Sally Williams-Wilson,youngdanielle@matthews.com,Leeds,MTR0012,Flat,07/01/2024 11:31:12,0.6,0.56,FALSE,0,,FALSE,,
REC004009,CUST012,Sally Williams-Wilson,youngdanielle@matthews.com,Leeds,MTR0012,Flat,07/01/2024 12:00:00,0.37,0.43,FALSE,0,,FALSE,,
REC004010,CUST012,Sally Williams-Wilson,youngdanielle@matthews.com,Leeds,MTR0012,Flat,07/01/2024 12:28:48,1.01,0.95,FALSE,0,,FALSE,,
REC004011,CUST012,Sally Williams-Wilson,youngdanielle@matthews.com,Leeds,MTR0012,Flat,07/01/2024 12:57:36,1.4,1.15,FALSE,0,,FALSE,,
REC004012,CUST012,Sally Williams-Wilson,youngdanielle@matthews.com,Leeds,MTR0012,Flat,07/01/2024 13:26:24,0.88,0.71,FALSE,0,,FALSE,,
REC004013,CUST012,Sally Williams-Wilson,youngdanielle@matthews.com,Leeds,MTR0012,Flat,07/01/2024 13:55:12,0.83,0.59,TRUE,40.68,Heater malfunction,TRUE,1/7/2024 14:05,TRUE
REC004014,CUST012,Sally Williams-Wilson,youngdanielle@matthews.com,Leeds,MTR0012,Flat,07/01/2024 14:24:00,1.13,1.19,FALSE,0,,FALSE,,
REC004015,CUST012,Sally Williams-Wilson,youngdanielle@matthews.com,Leeds,MTR0012,Flat,07/01/2024 15:07:12,1.35,1.14,FALSE,0,,FALSE,,
REC004016,CUST012,Sally Williams-Wilson,youngdanielle@matthews.com,Leeds,MTR0012,Flat,07/01/2024 15:36:00,1.07,1.11,FALSE,0,,FALSE,,
REC004017,CUST012,Sally Williams-Wilson,youngdanielle@matthews.com,Leeds,MTR0012,Flat,07/01/2024 16:04:48,0.64,0.65,FALSE,0,,FALSE,,
REC004018,CUST012,Sally Williams-Wilson,youngdanielle@matthews.com,Leeds,MTR0012,Flat,07/01/2024 16:33:36,0.89,0.84,FALSE,0,,FALSE,,
REC004019,CUST012,Sally Williams-Wilson,youngdanielle@matthews.com,Leeds,MTR0012,Flat,07/01/2024 17:02:24,0.95,0.94,FALSE,0,,FALSE,,
REC004020,CUST012,Sally Williams-Wilson,youngdanielle@matthews.com,Leeds,MTR0012,Flat,07/01/2024 17:31:12,0.71,0.54,FALSE,0,,FALSE,,
REC004021,CUST012,Sally Williams-Wilson,youngdanielle@matthews.com,Leeds,MTR0012,Flat,07/01/2024 18:00:00,1.2,1,FALSE,0,,FALSE,,
REC004022,CUST012,Sally Williams-Wilson,youngdanielle@matthews.com,Leeds,MTR0012,Flat,07/01/2024 18:28:48,0.65,0.59,FALSE,0,,FALSE,,
REC004023,CUST012,Sally Williams-Wilson,youngdanielle@matthews.com,Leeds,MTR0012,Flat,07/01/2024 18:57:36,0.59,0.73,FALSE,0,,FALSE,,
REC004024,CUST012,Sally Williams-Wilson,youngdanielle@matthews.com,Leeds,MTR0012,Flat,07/01/2024 19:26:24,0.65,0.48,FALSE,0,,FALSE,,
REC004025,CUST012,Sally Williams-Wilson,youngdanielle@matthews.com,Leeds,MTR0012,Flat,07/01/2024 19:55:12,1.34,1.17,FALSE,0,,FALSE,,
REC004026,CUST012,Sally Williams-Wilson,youngdanielle@matthews.com,Leeds,MTR0012,Flat,07/01/2024 20:24:00,0.68,0.67,FALSE,0,,FALSE,,
REC004027,CUST012,Sally Williams-Wilson,youngdanielle@matthews.com,Leeds,MTR0012,Flat,07/01/2024 21:07:12,0.46,0.62,FALSE,0,,FALSE,,
REC004028,CUST012,Sally Williams-Wilson,youngdanielle@matthews.com,Leeds,MTR0012,Flat,07/01/2024 21:36:00,0.62,0.79,FALSE,0,,FALSE,,
REC004029,CUST012,Sally Williams-Wilson,youngdanielle@matthews.com,Leeds,MTR0012,Flat,07/01/2024 22:04:48,0.68,0.79,FALSE,0,,FALSE,,
REC004030,CUST012,Sally Williams-Wilson,youngdanielle@matthews.com,Leeds,MTR0012,Flat,07/01/2024 22:33:36,0.75,0.75,FALSE,0,,FALSE,,
REC004031,CUST012,Sally Williams-Wilson,youngdanielle@matthews.com,Leeds,MTR0012,Flat,07/01/2024 23:02:24,0.61,0.45,FALSE,0,,FALSE,,
REC004032,CUST012,Sally Williams-Wilson,youngdanielle@matthews.com,Leeds,MTR0012,Flat,07/01/2024 23:31:12,0.77,0.66,FALSE,0,,FALSE,,
REC004033,CUST013,Ms Jacqueline Baker,darren98@collins.com,Manchester,MTR0013,Flat,01/01/2024 00:00:00,1.25,1.12,FALSE,0,,FALSE,,
REC004034,CUST013,Ms Jacqueline Baker,darren98@collins.com,Manchester,MTR0013,Flat,01/01/2024 00:28:48,0.69,0.63,FALSE,0,,FALSE,,
REC004035,CUST013,Ms Jacqueline Baker,darren98@collins.com,Manchester,MTR0013,Flat,01/01/2024 00:57:36,1.19,1.16,FALSE,0,,FALSE,,
REC004036,CUST013,Ms Jacqueline Baker,darren98@collins.com,Manchester,MTR0013,Flat,01/01/2024 01:26:24,0.48,0.45,FALSE,0,,FALSE,,
REC004037,CUST013,Ms Jacqueline Baker,darren98@collins.com,Manchester,MTR0013,Flat,01/01/2024 01:55:12,0.44,0.54,FALSE,0,,FALSE,,
REC004038,CUST013,Ms Jacqueline Baker,darren98@collins.com,Manchester,MTR0013,Flat,01/01/2024 02:24:00,0.98,1.07,FALSE,0,,FALSE,,
REC004039,CUST013,Ms Jacqueline Baker,darren98@collins.com,Manchester,MTR0013,Flat,01/01/2024 03:07:12,0.31,0.33,FALSE,0,,FALSE,,
REC004040,CUST013,Ms Jacqueline Baker,darren98@collins.com,Manchester,MTR0013,Flat,01/01/2024 03:36:00,0.44,0.48,FALSE,0,,FALSE,,
REC004041,CUST013,Ms Jacqueline Baker,darren98@collins.com,Manchester,MTR0013,Flat,01/01/2024 04:04:48,0.54,0.51,FALSE,0,,FALSE,,
REC004042,CUST013,Ms Jacqueline Baker,darren98@collins.com,Manchester,MTR0013,Flat,01/01/2024 04:33:36,0.45,0.31,TRUE,45.16,Heater malfunction,TRUE,1/1/2024 04:35,TRUE
REC004043,CUST013,Ms Jacqueline Baker,darren98@collins.com,Manchester,MTR0013,Flat,01/01/2024 05:02:24,0.6,0.69,FALSE,0,,FALSE,,
REC004044,CUST013,Ms Jacqueline Baker,darren98@collins.com,Manchester,MTR0013,Flat,01/01/2024 05:31:12,0.89,0.91,FALSE,0,,FALSE,,
REC004045,CUST013,Ms Jacqueline Baker,darren98@collins.com,Manchester,MTR0013,Flat,01/01/2024 06:00:00,1.03,0.93,FALSE,0,,FALSE,,
REC004046,CUST013,Ms Jacqueline Baker,darren98@collins.com,Manchester,MTR0013,Flat,01/01/2024 06:28:48,0.39,0.3,FALSE,0,,FALSE,,
REC004047,CUST013,Ms Jacqueline Baker,darren98@collins.com,Manchester,MTR0013,Flat,01/01/2024 06:57:36,1.2,1.16,FALSE,0,,FALSE,,
REC004048,CUST013,Ms Jacqueline Baker,darren98@collins.com,Manchester,MTR0013,Flat,01/01/2024 07:26:24,0.42,0.38,FALSE,0,,FALSE,,
REC004049,CUST013,Ms Jacqueline Baker,darren98@collins.com,Manchester,MTR0013,Flat,01/01/2024 07:55:12,0.97,0.96,FALSE,0,,FALSE,,
REC004050,CUST013,Ms Jacqueline Baker,darren98@collins.com,Manchester,MTR0013,Flat,01/01/2024 08:24:00,0.83,0.81,FALSE,0,,FALSE,,
REC004051,CUST013,Ms Jacqueline Baker,darren98@collins.com,Manchester,MTR0013,Flat,01/01/2024 09:07:12,1.36,1.15,FALSE,0,,FALSE,,
REC004052,CUST013,Ms Jacqueline Baker,darren98@collins.com,Manchester,MTR0013,Flat,01/01/2024 09:36:00,0.61,0.73,FALSE,0,,FALSE,,
REC004053,CUST013,Ms Jacqueline Baker,darren98@collins.com,Manchester,MTR0013,Flat,01/01/2024 10:04:48,1.14,1.14,FALSE,0,,FALSE,,
REC004054,CUST013,Ms Jacqueline Baker,darren98@collins.com,Manchester,MTR0013,Flat,01/01/2024 10:33:36,0.84,0.92,FALSE,0,,FALSE,,
REC004055,CUST013,Ms Jacqueline Baker,darren98@collins.com,Manchester,MTR0013,Flat,01/01/2024 11:02:24,1.09,1.01,FALSE,0,,FALSE,,
REC004056,CUST013,Ms Jacqueline Baker,darren98@collins.com,Manchester,MTR0013,Flat,01/01/2024 11:31:12,1.17,1.15,FALSE,0,,FALSE,,
REC004057,CUST013,Ms Jacqueline Baker,darren98@collins.com,Manchester,MTR0013,Flat,01/01/2024 12:00:00,0.33,0.36,FALSE,0,,FALSE,,
REC004058,CUST013,Ms Jacqueline Baker,darren98@collins.com,Manchester,MTR0013,Flat,01/01/2024 12:28:48,0.59,0.6,FALSE,0,,FALSE,,
REC004059,CUST013,Ms Jacqueline Baker,darren98@collins.com,Manchester,MTR0013,Flat,01/01/2024 12:57:36,0.87,0.78,FALSE,0,,FALSE,,
REC004060,CUST013,Ms Jacqueline Baker,darren98@collins.com,Manchester,MTR0013,Flat,01/01/2024 13:26:24,0.78,0.54,TRUE,44.44,Overnight appliance,TRUE,1/1/2024 13:37,TRUE
REC004061,CUST013,Ms Jacqueline Baker,darren98@collins.com,Manchester,MTR0013,Flat,01/01/2024 13:55:12,1.09,1.11,FALSE,0,,FALSE,,
REC004062,CUST013,Ms Jacqueline Baker,darren98@collins.com,Manchester,MTR0013,Flat,01/01/2024 14:24:00,1.17,1.1,FALSE,0,,FALSE,,
REC004063,CUST013,Ms Jacqueline Baker,darren98@collins.com,Manchester,MTR0013,Flat,01/01/2024 15:07:12,0.63,0.65,FALSE,0,,FALSE,,
REC004064,CUST013,Ms Jacqueline Baker,darren98@collins.com,Manchester,MTR0013,Flat,01/01/2024 15:36:00,0.58,0.41,TRUE,41.46,Schedule change,TRUE,1/1/2024 15:39,FALSE
REC004065,CUST013,Ms Jacqueline Baker,darren98@collins.com,Manchester,MTR0013,Flat,01/01/2024 16:04:48,1.31,1.14,FALSE,0,,FALSE,,
REC004066,CUST013,Ms Jacqueline Baker,darren98@collins.com,Manchester,MTR0013,Flat,01/01/2024 16:33:36,0.6,0.63,FALSE,0,,FALSE,,
REC004067,CUST013,Ms Jacqueline Baker,darren98@collins.com,Manchester,MTR0013,Flat,01/01/2024 17:02:24,0.32,0.32,FALSE,0,,FALSE,,
REC004068,CUST013,Ms Jacqueline Baker,darren98@collins.com,Manchester,MTR0013,Flat,01/01/2024 17:31:12,0.83,0.92,FALSE,0,,FALSE,,
REC004069,CUST013,Ms Jacqueline Baker,darren98@collins.com,Manchester,MTR0013,Flat,01/01/2024 18:00:00,0.71,0.6,FALSE,0,,FALSE,,
REC004070,CUST013,Ms Jacqueline Baker,darren98@collins.com,Manchester,MTR0013,Flat,01/01/2024 18:28:48,1.04,0.93,FALSE,0,,FALSE,,
REC004071,CUST013,Ms Jacqueline Baker,darren98@collins.com,Manchester,MTR0013,Flat,01/01/2024 18:57:36,0.74,0.74,FALSE,0,,FALSE,,
REC004072,CUST013,Ms Jacqueline Baker,darren98@collins.com,Manchester,MTR0013,Flat,01/01/2024 19:26:24,0.8,0.71,FALSE,0,,FALSE,,
REC004073,CUST013,Ms Jacqueline Baker,darren98@collins.com,Manchester,MTR0013,Flat,01/01/2024 19:55:12,0.46,0.48,FALSE,0,,FALSE,,
REC004074,CUST013,Ms Jacqueline Baker,darren98@collins.com,Manchester,MTR0013,Flat,01/01/2024 20:24:00,0.86,0.87,FALSE,0,,FALSE,,
REC004075,CUST013,Ms Jacqueline Baker,darren98@collins.com,Manchester,MTR0013,Flat,01/01/2024 21:07:12,0.62,0.52,FALSE,0,,FALSE,,
REC004076,CUST013,Ms Jacqueline Baker,darren98@collins.com,Manchester,MTR0013,Flat,01/01/2024 21:36:00,0.52,0.59,FALSE,0,,FALSE,,
REC004077,CUST013,Ms Jacqueline Baker,darren98@collins.com,Manchester,MTR0013,Flat,01/01/2024 22:04:48,0.57,0.52,FALSE,0,,FALSE,,
REC004078,CUST013,Ms Jacqueline Baker,darren98@collins.com,Manchester,MTR0013,Flat,01/01/2024 22:33:36,0.36,0.42,FALSE,0,,FALSE,,
REC004079,CUST013,Ms Jacqueline Baker,darren98@collins.com,Manchester,MTR0013,Flat,01/01/2024 23:02:24,0.91,0.71,FALSE,0,,FALSE,,
REC004080,CUST013,Ms Jacqueline Baker,darren98@collins.com,Manchester,MTR0013,Flat,01/01/2024 23:31:12,0.88,0.87,FALSE,0,,FALSE,,
REC004081,CUST013,Ms Jacqueline Baker,darren98@collins.com,Manchester,MTR0013,Flat,02/01/2024 00:00:00,1.03,1.03,FALSE,0,,FALSE,,
REC004082,CUST013,Ms Jacqueline Baker,darren98@collins.com,Manchester,MTR0013,Flat,02/01/2024 00:28:48,0.54,0.55,FALSE,0,,FALSE,,
REC004083,CUST013,Ms Jacqueline Baker,darren98@collins.com,Manchester,MTR0013,Flat,02/01/2024 00:57:36,0.33,0.43,FALSE,0,,FALSE,,
REC004084,CUST013,Ms Jacqueline Baker,darren98@collins.com,Manchester,MTR0013,Flat,02/01/2024 01:26:24,0.66,0.77,FALSE,0,,FALSE,,
REC004085,CUST013,Ms Jacqueline Baker,darren98@collins.com,Manchester,MTR0013,Flat,02/01/2024 01:55:12,1.05,0.9,FALSE,0,,FALSE,,
REC004086,CUST013,Ms Jacqueline Baker,darren98@collins.com,Manchester,MTR0013,Flat,02/01/2024 02:24:00,0.52,0.6,FALSE,0,,FALSE,,
REC004087,CUST013,Ms Jacqueline Baker,darren98@collins.com,Manchester,MTR0013,Flat,02/01/2024 03:07:12,0.52,0.56,FALSE,0,,FALSE,,
REC004088,CUST013,Ms Jacqueline Baker,darren98@collins.com,Manchester,MTR0013,Flat,02/01/2024 03:36:00,0.37,0.37,FALSE,0,,FALSE,,
REC004089,CUST013,Ms Jacqueline Baker,darren98@collins.com,Manchester,MTR0013,Flat,02/01/2024 04:04:48,0.69,0.68,FALSE,0,,FALSE,,
REC004090,CUST013,Ms Jacqueline Baker,darren98@collins.com,Manchester,MTR0013,Flat,02/01/2024 04:33:36,0.4,0.38,FALSE,0,,FALSE,,
REC004091,CUST013,Ms Jacqueline Baker,darren98@collins.com,Manchester,MTR0013,Flat,02/01/2024 05:02:24,1.13,1.06,FALSE,0,,FALSE,,
REC004092,CUST013,Ms Jacqueline Baker,darren98@collins.com,Manchester,MTR0013,Flat,02/01/2024 05:31:12,1.19,1.04,FALSE,0,,FALSE,,
REC004093,CUST013,Ms Jacqueline Baker,darren98@collins.com,Manchester,MTR0013,Flat,02/01/2024 06:00:00,0.67,0.66,FALSE,0,,FALSE,,
REC004094,CUST013,Ms Jacqueline Baker,darren98@collins.com,Manchester,MTR0013,Flat,02/01/2024 06:28:48,0.64,0.79,FALSE,0,,FALSE,,
REC004095,CUST013,Ms Jacqueline Baker,darren98@collins.com,Manchester,MTR0013,Flat,02/01/2024 06:57:36,0.84,0.78,FALSE,0,,FALSE,,
REC004096,CUST013,Ms Jacqueline Baker,darren98@collins.com,Manchester,MTR0013,Flat,02/01/2024 07:26:24,1.12,1.11,FALSE,0,,FALSE,,
REC004097,CUST013,Ms Jacqueline Baker,darren98@collins.com,Manchester,MTR0013,Flat,02/01/2024 07:55:12,1.06,1.09,FALSE,0,,FALSE,,
REC004098,CUST013,Ms Jacqueline Baker,darren98@collins.com,Manchester,MTR0013,Flat,02/01/2024 08:24:00,0.7,0.75,FALSE,0,,FALSE,,
REC004099,CUST013,Ms Jacqueline Baker,darren98@collins.com,Manchester,MTR0013,Flat,02/01/2024 09:07:12,1.23,1.06,FALSE,0,,FALSE,,
REC004100,CUST013,Ms Jacqueline Baker,darren98@collins.com,Manchester,MTR0013,Flat,02/01/2024 09:36:00,0.43,0.43,FALSE,0,,FALSE,,
REC004101,CUST013,Ms Jacqueline Baker,darren98@collins.com,Manchester,MTR0013,Flat,02/01/2024 10:04:48,0.46,0.53,FALSE,0,,FALSE,,
REC004102,CUST013,Ms Jacqueline Baker,darren98@collins.com,Manchester,MTR0013,Flat,02/01/2024 10:33:36,0.67,0.62,FALSE,0,,FALSE,,
REC004103,CUST013,Ms Jacqueline Baker,darren98@collins.com,Manchester,MTR0013,Flat,02/01/2024 11:02:24,0.67,0.54,FALSE,0,,FALSE,,
REC004104,CUST013,Ms Jacqueline Baker,darren98@collins.com,Manchester,MTR0013,Flat,02/01/2024 11:31:12,0.53,0.63,FALSE,0,,FALSE,,
REC004105,CUST013,Ms Jacqueline Baker,darren98@collins.com,Manchester,MTR0013,Flat,02/01/2024 12:00:00,0.95,0.8,FALSE,0,,FALSE,,
REC004106,CUST013,Ms Jacqueline Baker,darren98@collins.com,Manchester,MTR0013,Flat,02/01/2024 12:28:48,0.82,0.95,FALSE,0,,FALSE,,
REC004107,CUST013,Ms Jacqueline Baker,darren98@collins.com,Manchester,MTR0013,Flat,02/01/2024 12:57:36,0.52,0.49,FALSE,0,,FALSE,,
REC004108,CUST013,Ms Jacqueline Baker,darren98@collins.com,Manchester,MTR0013,Flat,02/01/2024 13:26:24,0.78,0.69,FALSE,0,,FALSE,,
REC004109,CUST013,Ms Jacqueline Baker,darren98@collins.com,Manchester,MTR0013,Flat,02/01/2024 13:55:12,0.4,0.46,FALSE,0,,FALSE,,
REC004110,CUST013,Ms Jacqueline Baker,darren98@collins.com,Manchester,MTR0013,Flat,02/01/2024 14:24:00,0.92,1.03,FALSE,0,,FALSE,,
REC004111,CUST013,Ms Jacqueline Baker,darren98@collins.com,Manchester,MTR0013,Flat,02/01/2024 15:07:12,0.9,0.93,FALSE,0,,FALSE,,
REC004112,CUST013,Ms Jacqueline Baker,darren98@collins.com,Manchester,MTR0013,Flat,02/01/2024 15:36:00,1.09,0.94,FALSE,0,,FALSE,,
REC004113,CUST013,Ms Jacqueline Baker,darren98@collins.com,Manchester,MTR0013,Flat,02/01/2024 16:04:48,0.71,0.65,FALSE,0,,FALSE,,
REC004114,CUST013,Ms Jacqueline Baker,darren98@collins.com,Manchester,MTR0013,Flat,02/01/2024 16:33:36,1.06,1.18,FALSE,0,,FALSE,,
REC004115,CUST013,Ms Jacqueline Baker,darren98@collins.com,Manchester,MTR0013,Flat,02/01/2024 17:02:24,0.78,0.58,FALSE,0,,FALSE,,
REC004116,CUST013,Ms Jacqueline Baker,darren98@collins.com,Manchester,MTR0013,Flat,02/01/2024 17:31:12,0.75,0.79,FALSE,0,,FALSE,,
REC004117,CUST013,Ms Jacqueline Baker,darren98@collins.com,Manchester,MTR0013,Flat,02/01/2024 18:00:00,1.1,1.06,FALSE,0,,FALSE,,
REC004118,CUST013,Ms Jacqueline Baker,darren98@collins.com,Manchester,MTR0013,Flat,02/01/2024 18:28:48,1.16,1.07,FALSE,0,,FALSE,,
REC004119,CUST013,Ms Jacqueline Baker,darren98@collins.com,Manchester,MTR0013,Flat,02/01/2024 18:57:36,0.48,0.4,FALSE,0,,FALSE,,
REC004120,CUST013,Ms Jacqueline Baker,darren98@collins.com,Manchester,MTR0013,Flat,02/01/2024 19:26:24,0.45,0.48,FALSE,0,,FALSE,,
REC004121,CUST013,Ms Jacqueline Baker,darren98@collins.com,Manchester,MTR0013,Flat,02/01/2024 19:55:12,0.42,0.37,FALSE,0,,FALSE,,
REC004122,CUST013,Ms Jacqueline Baker,darren98@collins.com,Manchester,MTR0013,Flat,02/01/2024 20:24:00,0.5,0.45,FALSE,0,,FALSE,,
REC004123,CUST013,Ms Jacqueline Baker,darren98@collins.com,Manchester,MTR0013,Flat,02/01/2024 21:07:12,1.09,1.07,FALSE,0,,FALSE,,
REC004124,CUST013,Ms Jacqueline Baker,darren98@collins.com,Manchester,MTR0013,Flat,02/01/2024 21:36:00,1.25,1.05,FALSE,0,,FALSE,,
REC004125,CUST013,Ms Jacqueline Baker,darren98@collins.com,Manchester,MTR0013,Flat,02/01/2024 22:04:48,0.62,0.68,FALSE,0,,FALSE,,
REC004126,CUST013,Ms Jacqueline Baker,darren98@collins.com,Manchester,MTR0013,Flat,02/01/2024 22:33:36,0.66,0.75,FALSE,0,,FALSE,,
REC004127,CUST013,Ms Jacqueline Baker,darren98@collins.com,Manchester,MTR0013,Flat,02/01/2024 23:02:24,0.84,0.78,FALSE,0,,FALSE,,
REC004128,CUST013,Ms Jacqueline Baker,darren98@collins.com,Manchester,MTR0013,Flat,02/01/2024 23:31:12,0.88,0.82,FALSE,0,,FALSE,,
REC004129,CUST013,Ms Jacqueline Baker,darren98@collins.com,Manchester,MTR0013,Flat,03/01/2024 00:00:00,1.08,1,FALSE,0,,FALSE,,
REC004130,CUST013,Ms Jacqueline Baker,darren98@collins.com,Manchester,MTR0013,Flat,03/01/2024 00:28:48,0.56,0.67,FALSE,0,,FALSE,,
REC004131,CUST013,Ms Jacqueline Baker,darren98@collins.com,Manchester,MTR0013,Flat,03/01/2024 00:57:36,1.16,1.09,FALSE,0,,FALSE,,
REC004132,CUST013,Ms Jacqueline Baker,darren98@collins.com,Manchester,MTR0013,Flat,03/01/2024 01:26:24,0.47,0.64,FALSE,0,,FALSE,,
REC004133,CUST013,Ms Jacqueline Baker,darren98@collins.com,Manchester,MTR0013,Flat,03/01/2024 01:55:12,0.75,0.78,FALSE,0,,FALSE,,
REC004134,CUST013,Ms Jacqueline Baker,darren98@collins.com,Manchester,MTR0013,Flat,03/01/2024 02:24:00,0.62,0.79,FALSE,0,,FALSE,,
REC004135,CUST013,Ms Jacqueline Baker,darren98@collins.com,Manchester,MTR0013,Flat,03/01/2024 03:07:12,1.07,1.15,FALSE,0,,FALSE,,
REC004136,CUST013,Ms Jacqueline Baker,darren98@collins.com,Manchester,MTR0013,Flat,03/01/2024 03:36:00,0.45,0.31,TRUE,45.16,Heater malfunction,TRUE,1/3/2024 03:44,FALSE
REC004137,CUST013,Ms Jacqueline Baker,darren98@collins.com,Manchester,MTR0013,Flat,03/01/2024 04:04:48,0.22,0.31,FALSE,0,,FALSE,,
REC004138,CUST013,Ms Jacqueline Baker,darren98@collins.com,Manchester,MTR0013,Flat,03/01/2024 04:33:36,0.1,0.32,FALSE,0,,FALSE,,
REC004139,CUST013,Ms Jacqueline Baker,darren98@collins.com,Manchester,MTR0013,Flat,03/01/2024 05:02:24,0.97,0.92,FALSE,0,,FALSE,,
REC004140,CUST013,Ms Jacqueline Baker,darren98@collins.com,Manchester,MTR0013,Flat,03/01/2024 05:31:12,0.39,0.57,FALSE,0,,FALSE,,
REC004141,CUST013,Ms Jacqueline Baker,darren98@collins.com,Manchester,MTR0013,Flat,03/01/2024 06:00:00,0.31,0.45,FALSE,0,,FALSE,,
REC004142,CUST013,Ms Jacqueline Baker,darren98@collins.com,Manchester,MTR0013,Flat,03/01/2024 06:28:48,0.73,0.78,FALSE,0,,FALSE,,
REC004143,CUST013,Ms Jacqueline Baker,darren98@collins.com,Manchester,MTR0013,Flat,03/01/2024 06:57:36,0.36,0.48,FALSE,0,,FALSE,,
REC004144,CUST013,Ms Jacqueline Baker,darren98@collins.com,Manchester,MTR0013,Flat,03/01/2024 07:26:24,0.9,0.9,FALSE,0,,FALSE,,
REC004145,CUST013,Ms Jacqueline Baker,darren98@collins.com,Manchester,MTR0013,Flat,03/01/2024 07:55:12,0.97,0.98,FALSE,0,,FALSE,,
REC004146,CUST013,Ms Jacqueline Baker,darren98@collins.com,Manchester,MTR0013,Flat,03/01/2024 08:24:00,0.26,0.36,FALSE,0,,FALSE,,
REC004147,CUST013,Ms Jacqueline Baker,darren98@collins.com,Manchester,MTR0013,Flat,03/01/2024 09:07:12,0.86,0.84,FALSE,0,,FALSE,,
REC004148,CUST013,Ms Jacqueline Baker,darren98@collins.com,Manchester,MTR0013,Flat,03/01/2024 09:36:00,0.6,0.77,FALSE,0,,FALSE,,
REC004149,CUST013,Ms Jacqueline Baker,darren98@collins.com,Manchester,MTR0013,Flat,03/01/2024 10:04:48,1.35,1.13,FALSE,0,,FALSE,,
REC004150,CUST013,Ms Jacqueline Baker,darren98@collins.com,Manchester,MTR0013,Flat,03/01/2024 10:33:36,0.79,0.66,FALSE,0,,FALSE,,
REC004151,CUST013,Ms Jacqueline Baker,darren98@collins.com,Manchester,MTR0013,Flat,03/01/2024 11:02:24,1.08,1.15,FALSE,0,,FALSE,,
REC004152,CUST013,Ms Jacqueline Baker,darren98@collins.com,Manchester,MTR0013,Flat,03/01/2024 11:31:12,1.15,1.06,FALSE,0,,FALSE,,
REC004153,CUST013,Ms Jacqueline Baker,darren98@collins.com,Manchester,MTR0013,Flat,03/01/2024 12:00:00,0.73,0.69,FALSE,0,,FALSE,,
REC004154,CUST013,Ms Jacqueline Baker,darren98@collins.com,Manchester,MTR0013,Flat,03/01/2024 12:28:48,0.51,0.47,FALSE,0,,FALSE,,
REC004155,CUST013,Ms Jacqueline Baker,darren98@collins.com,Manchester,MTR0013,Flat,03/01/2024 12:57:36,0.83,0.93,FALSE,0,,FALSE,,
REC004156,CUST013,Ms Jacqueline Baker,darren98@collins.com,Manchester,MTR0013,Flat,03/01/2024 13:26:24,0.46,0.57,FALSE,0,,FALSE,,
REC004157,CUST013,Ms Jacqueline Baker,darren98@collins.com,Manchester,MTR0013,Flat,03/01/2024 13:55:12,0.87,0.95,FALSE,0,,FALSE,,
REC004158,CUST013,Ms Jacqueline Baker,darren98@collins.com,Manchester,MTR0013,Flat,03/01/2024 14:24:00,0.44,0.39,FALSE,0,,FALSE,,
REC004159,CUST013,Ms Jacqueline Baker,darren98@collins.com,Manchester,MTR0013,Flat,03/01/2024 15:07:12,0.46,0.51,FALSE,0,,FALSE,,
REC004160,CUST013,Ms Jacqueline Baker,darren98@collins.com,Manchester,MTR0013,Flat,03/01/2024 15:36:00,0.11,0.34,FALSE,0,,FALSE,,
REC004161,CUST013,Ms Jacqueline Baker,darren98@collins.com,Manchester,MTR0013,Flat,03/01/2024 16:04:48,1.07,1.17,FALSE,0,,FALSE,,
REC004162,CUST013,Ms Jacqueline Baker,darren98@collins.com,Manchester,MTR0013,Flat,03/01/2024 16:33:36,0.71,0.59,FALSE,0,,FALSE,,
REC004163,CUST013,Ms Jacqueline Baker,darren98@collins.com,Manchester,MTR0013,Flat,03/01/2024 17:02:24,0.6,0.7,FALSE,0,,FALSE,,
REC004164,CUST013,Ms Jacqueline Baker,darren98@collins.com,Manchester,MTR0013,Flat,03/01/2024 17:31:12,0.51,0.47,FALSE,0,,FALSE,,
REC004165,CUST013,Ms Jacqueline Baker,darren98@collins.com,Manchester,MTR0013,Flat,03/01/2024 18:00:00,1,1.07,FALSE,0,,FALSE,,
REC004166,CUST013,Ms Jacqueline Baker,darren98@collins.com,Manchester,MTR0013,Flat,03/01/2024 18:28:48,0.94,1.08,FALSE,0,,FALSE,,
REC004167,CUST013,Ms Jacqueline Baker,darren98@collins.com,Manchester,MTR0013,Flat,03/01/2024 18:57:36,1.03,0.9,FALSE,0,,FALSE,,
REC004168,CUST013,Ms Jacqueline Baker,darren98@collins.com,Manchester,MTR0013,Flat,03/01/2024 19:26:24,0.21,0.32,FALSE,0,,FALSE,,
REC004169,CUST013,Ms Jacqueline Baker,darren98@collins.com,Manchester,MTR0013,Flat,03/01/2024 19:55:12,1.1,0.96,FALSE,0,,FALSE,,
REC004170,CUST013,Ms Jacqueline Baker,darren98@collins.com,Manchester,MTR0013,Flat,03/01/2024 20:24:00,1.15,1.16,FALSE,0,,FALSE,,
REC004171,CUST013,Ms Jacqueline Baker,darren98@collins.com,Manchester,MTR0013,Flat,03/01/2024 21:07:12,1.13,1.13,FALSE,0,,FALSE,,
REC004172,CUST013,Ms Jacqueline Baker,darren98@collins.com,Manchester,MTR0013,Flat,03/01/2024 21:36:00,0.71,0.62,FALSE,0,,FALSE,,
REC004173,CUST013,Ms Jacqueline Baker,darren98@collins.com,Manchester,MTR0013,Flat,03/01/2024 22:04:48,0.79,0.72,FALSE,0,,FALSE,,
REC004174,CUST013,Ms Jacqueline Baker,darren98@collins.com,Manchester,MTR0013,Flat,03/01/2024 22:33:36,0.52,0.49,FALSE,0,,FALSE,,
REC004175,CUST013,Ms Jacqueline Baker,darren98@collins.com,Manchester,MTR0013,Flat,03/01/2024 23:02:24,1.09,1.13,FALSE,0,,FALSE,,
REC004176,CUST013,Ms Jacqueline Baker,darren98@collins.com,Manchester,MTR0013,Flat,03/01/2024 23:31:12,0.46,0.4,FALSE,0,,FALSE,,
REC004177,CUST013,Ms Jacqueline Baker,darren98@collins.com,Manchester,MTR0013,Flat,04/01/2024 00:00:00,0.48,0.4,FALSE,0,,FALSE,,
REC004178,CUST013,Ms Jacqueline Baker,darren98@collins.com,Manchester,MTR0013,Flat,04/01/2024 00:28:48,0.87,1.02,FALSE,0,,FALSE,,
REC004179,CUST013,Ms Jacqueline Baker,darren98@collins.com,Manchester,MTR0013,Flat,04/01/2024 00:57:36,1.11,1.11,FALSE,0,,FALSE,,
RECOO4177,,Ms Jacqueline Baker,,,MTR0013,Flat,,,,,,,,,
REC004180,CUST013,Ms Jacqueline Baker,darren98@collins.com,Manchester,MTR0013,Flat,04/01/2024 01:26:24,0.11,0.34,FALSE,0,,FALSE,,
REC004181,CUST013,Ms Jacqueline Baker,darren98@collins.com,Manchester,MTR0013,Flat,04/01/2024 01:55:12,0.66,0.61,FALSE,0,,FALSE,,
REC004182,CUST013,Ms Jacqueline Baker,darren98@collins.com,Manchester,MTR0013,Flat,04/01/2024 02:24:00,0.61,0.72,FALSE,0,,FALSE,,
REC004183,CUST013,Ms Jacqueline Baker,darren98@collins.com,Manchester,MTR0013,Flat,04/01/2024 03:07:12,0.81,0.75,FALSE,0,,FALSE,,
REC004184,CUST013,Ms Jacqueline Baker,darren98@collins.com,Manchester,MTR0013,Flat,04/01/2024 03:36:00,0.48,0.49,FALSE,0,,FALSE,,
REC004185,CUST013,Ms Jacqueline Baker,darren98@collins.com,Manchester,MTR0013,Flat,04/01/2024 04:04:48,0.8,0.76,FALSE,0,,FALSE,,
REC004186,CUST013,Ms Jacqueline Baker,darren98@collins.com,Manchester,MTR0013,Flat,04/01/2024 04:33:36,1.31,1.14,FALSE,0,,FALSE,,
REC004187,CUST013,Ms Jacqueline Baker,darren98@collins.com,Manchester,MTR0013,Flat,04/01/2024 05:02:24,0.55,0.64,FALSE,0,,FALSE,,
REC004188,CUST013,Ms Jacqueline Baker,darren98@collins.com,Manchester,MTR0013,Flat,04/01/2024 05:31:12,0.84,0.85,FALSE,0,,FALSE,,
REC004189,CUST013,Ms Jacqueline Baker,darren98@collins.com,Manchester,MTR0013,Flat,04/01/2024 06:00:00,0.58,0.56,FALSE,0,,FALSE,,
REC004190,CUST013,Ms Jacqueline Baker,darren98@collins.com,Manchester,MTR0013,Flat,04/01/2024 06:28:48,0.66,0.78,FALSE,0,,FALSE,,
REC004191,CUST013,Ms Jacqueline Baker,darren98@collins.com,Manchester,MTR0013,Flat,04/01/2024 06:57:36,0.46,0.37,FALSE,0,,FALSE,,
REC004192,CUST013,Ms Jacqueline Baker,darren98@collins.com,Manchester,MTR0013,Flat,04/01/2024 07:26:24,0.62,0.47,FALSE,0,,FALSE,,
REC004193,CUST013,Ms Jacqueline Baker,darren98@collins.com,Manchester,MTR0013,Flat,04/01/2024 07:55:12,0.74,0.72,FALSE,0,,FALSE,,
REC004194,CUST013,Ms Jacqueline Baker,darren98@collins.com,Manchester,MTR0013,Flat,04/01/2024 08:24:00,0.84,0.66,FALSE,0,,FALSE,,
REC004195,CUST013,Ms Jacqueline Baker,darren98@collins.com,Manchester,MTR0013,Flat,04/01/2024 09:07:12,0.65,0.59,FALSE,0,,FALSE,,
REC004196,CUST013,Ms Jacqueline Baker,darren98@collins.com,Manchester,MTR0013,Flat,04/01/2024 09:36:00,0.92,0.9,FALSE,0,,FALSE,,
REC004197,CUST013,Ms Jacqueline Baker,darren98@collins.com,Manchester,MTR0013,Flat,04/01/2024 10:04:48,0.47,0.37,FALSE,0,,FALSE,,
REC004198,CUST013,Ms Jacqueline Baker,darren98@collins.com,Manchester,MTR0013,Flat,04/01/2024 10:33:36,0.38,0.39,FALSE,0,,FALSE,,
REC004199,CUST013,Ms Jacqueline Baker,darren98@collins.com,Manchester,MTR0013,Flat,04/01/2024 11:02:24,1.17,1.19,FALSE,0,,FALSE,,
REC004200,CUST013,Ms Jacqueline Baker,darren98@collins.com,Manchester,MTR0013,Flat,04/01/2024 11:31:12,1.12,1.06,FALSE,0,,FALSE,,
REC004201,CUST013,Ms Jacqueline Baker,darren98@collins.com,Manchester,MTR0013,Flat,04/01/2024 12:00:00,0.88,0.68,FALSE,0,,FALSE,,
REC004202,CUST013,Ms Jacqueline Baker,darren98@collins.com,Manchester,MTR0013,Flat,04/01/2024 12:28:48,0.91,1,FALSE,0,,FALSE,,
REC004203,CUST013,Ms Jacqueline Baker,darren98@collins.com,Manchester,MTR0013,Flat,04/01/2024 12:57:36,0.2,0.33,FALSE,0,,FALSE,,
REC004204,CUST013,Ms Jacqueline Baker,darren98@collins.com,Manchester,MTR0013,Flat,04/01/2024 13:26:24,0.65,0.61,FALSE,0,,FALSE,,
REC004205,CUST013,Ms Jacqueline Baker,darren98@collins.com,Manchester,MTR0013,Flat,04/01/2024 13:55:12,0.41,0.61,FALSE,0,,FALSE,,
REC004206,CUST013,Ms Jacqueline Baker,darren98@collins.com,Manchester,MTR0013,Flat,04/01/2024 14:24:00,0.36,0.4,FALSE,0,,FALSE,,
REC004207,CUST013,Ms Jacqueline Baker,darren98@collins.com,Manchester,MTR0013,Flat,04/01/2024 15:07:12,0.43,0.43,FALSE,0,,FALSE,,
REC004208,CUST013,Ms Jacqueline Baker,darren98@collins.com,Manchester,MTR0013,Flat,04/01/2024 15:36:00,1.11,1.16,FALSE,0,,FALSE,,
REC004209,CUST013,Ms Jacqueline Baker,darren98@collins.com,Manchester,MTR0013,Flat,04/01/2024 16:04:48,0.54,0.4,FALSE,0,,FALSE,,
REC004210,CUST013,Ms Jacqueline Baker,darren98@collins.com,Manchester,MTR0013,Flat,04/01/2024 16:33:36,1.17,1.04,FALSE,0,,FALSE,,
REC004211,CUST013,Ms Jacqueline Baker,darren98@collins.com,Manchester,MTR0013,Flat,04/01/2024 17:02:24,0.59,0.4,TRUE,47.5,Heater malfunction,TRUE,1/4/2024 17:25,TRUE
REC004212,CUST013,Ms Jacqueline Baker,darren98@collins.com,Manchester,MTR0013,Flat,04/01/2024 17:31:12,0.83,0.83,FALSE,0,,FALSE,,
REC004213,CUST013,Ms Jacqueline Baker,darren98@collins.com,Manchester,MTR0013,Flat,04/01/2024 18:00:00,1.07,1.05,FALSE,0,,FALSE,,
REC004214,CUST013,Ms Jacqueline Baker,darren98@collins.com,Manchester,MTR0013,Flat,04/01/2024 18:28:48,0.73,0.78,FALSE,0,,FALSE,,
REC004215,CUST013,Ms Jacqueline Baker,darren98@collins.com,Manchester,MTR0013,Flat,04/01/2024 18:57:36,0.76,0.64,FALSE,0,,FALSE,,
REC004216,CUST013,Ms Jacqueline Baker,darren98@collins.com,Manchester,MTR0013,Flat,04/01/2024 19:26:24,0.95,1.1,FALSE,0,,FALSE,,
REC004217,CUST013,Ms Jacqueline Baker,darren98@collins.com,Manchester,MTR0013,Flat,04/01/2024 19:55:12,0.71,0.75,FALSE,0,,FALSE,,
REC004218,CUST013,Ms Jacqueline Baker,darren98@collins.com,Manchester,MTR0013,Flat,04/01/2024 20:24:00,0.51,0.39,FALSE,0,,FALSE,,
REC004219,CUST013,Ms Jacqueline Baker,darren98@collins.com,Manchester,MTR0013,Flat,04/01/2024 21:07:12,0.35,0.36,FALSE,0,,FALSE,,
REC004220,CUST013,Ms Jacqueline Baker,darren98@collins.com,Manchester,MTR0013,Flat,04/01/2024 21:36:00,0.55,0.6,FALSE,0,,FALSE,,
REC004221,CUST013,Ms Jacqueline Baker,darren98@collins.com,Manchester,MTR0013,Flat,04/01/2024 22:04:48,0.88,0.95,FALSE,0,,FALSE,,
REC004222,CUST013,Ms Jacqueline Baker,darren98@collins.com,Manchester,MTR0013,Flat,04/01/2024 22:33:36,0.7,0.79,FALSE,0,,FALSE,,
REC004223,CUST013,Ms Jacqueline Baker,darren98@collins.com,Manchester,MTR0013,Flat,04/01/2024 23:02:24,0.38,0.43,FALSE,0,,FALSE,,
REC004224,CUST013,Ms Jacqueline Baker,darren98@collins.com,Manchester,MTR0013,Flat,04/01/2024 23:31:12,0.72,0.67,FALSE,0,,FALSE,,
REC004225,CUST013,Ms Jacqueline Baker,darren98@collins.com,Manchester,MTR0013,Flat,05/01/2024 00:00:00,0.63,0.62,FALSE,0,,FALSE,,
REC004226,CUST013,Ms Jacqueline Baker,darren98@collins.com,Manchester,MTR0013,Flat,05/01/2024 00:28:48,0.57,0.42,FALSE,0,,FALSE,,
REC004227,CUST013,Ms Jacqueline Baker,darren98@collins.com,Manchester,MTR0013,Flat,05/01/2024 00:57:36,0.82,0.97,FALSE,0,,FALSE,,
REC004228,CUST013,Ms Jacqueline Baker,darren98@collins.com,Manchester,MTR0013,Flat,05/01/2024 01:26:24,0.58,0.64,FALSE,0,,FALSE,,
REC004229,CUST013,Ms Jacqueline Baker,darren98@collins.com,Manchester,MTR0013,Flat,05/01/2024 01:55:12,0.63,0.75,FALSE,0,,FALSE,,
REC004230,CUST013,Ms Jacqueline Baker,darren98@collins.com,Manchester,MTR0013,Flat,05/01/2024 02:24:00,0.59,0.66,FALSE,0,,FALSE,,
REC004231,CUST013,Ms Jacqueline Baker,darren98@collins.com,Manchester,MTR0013,Flat,05/01/2024 03:07:12,0.26,0.32,FALSE,0,,FALSE,,
REC004232,CUST013,Ms Jacqueline Baker,darren98@collins.com,Manchester,MTR0013,Flat,05/01/2024 03:36:00,0.39,0.34,FALSE,0,,FALSE,,
REC004233,CUST013,Ms Jacqueline Baker,darren98@collins.com,Manchester,MTR0013,Flat,05/01/2024 04:04:48,0.95,0.89,FALSE,0,,FALSE,,
REC004234,CUST013,Ms Jacqueline Baker,darren98@collins.com,Manchester,MTR0013,Flat,05/01/2024 04:33:36,0.8,0.74,FALSE,0,,FALSE,,
REC004235,CUST013,Ms Jacqueline Baker,darren98@collins.com,Manchester,MTR0013,Flat,05/01/2024 05:02:24,0.57,0.48,FALSE,0,,FALSE,,
REC004236,CUST013,Ms Jacqueline Baker,darren98@collins.com,Manchester,MTR0013,Flat,05/01/2024 05:31:12,0.63,0.52,FALSE,0,,FALSE,,
REC004237,CUST013,Ms Jacqueline Baker,darren98@collins.com,Manchester,MTR0013,Flat,05/01/2024 06:00:00,1.15,1.11,FALSE,0,,FALSE,,
REC004238,CUST013,Ms Jacqueline Baker,darren98@collins.com,Manchester,MTR0013,Flat,05/01/2024 06:28:48,1.22,1.14,FALSE,0,,FALSE,,
REC004239,CUST013,Ms Jacqueline Baker,darren98@collins.com,Manchester,MTR0013,Flat,05/01/2024 06:57:36,0.93,0.95,FALSE,0,,FALSE,,
REC004240,CUST013,Ms Jacqueline Baker,darren98@collins.com,Manchester,MTR0013,Flat,05/01/2024 07:26:24,0.23,0.36,FALSE,0,,FALSE,,
REC004241,CUST013,Ms Jacqueline Baker,darren98@collins.com,Manchester,MTR0013,Flat,05/01/2024 07:55:12,0.58,0.65,FALSE,0,,FALSE,,
REC004242,CUST013,Ms Jacqueline Baker,darren98@collins.com,Manchester,MTR0013,Flat,05/01/2024 08:24:00,0.74,0.6,FALSE,0,,FALSE,,
REC004243,CUST013,Ms Jacqueline Baker,darren98@collins.com,Manchester,MTR0013,Flat,05/01/2024 09:07:12,0.73,0.84,FALSE,0,,FALSE,,
REC004244,CUST013,Ms Jacqueline Baker,darren98@collins.com,Manchester,MTR0013,Flat,05/01/2024 09:36:00,0.89,0.93,FALSE,0,,FALSE,,
REC004245,CUST013,Ms Jacqueline Baker,darren98@collins.com,Manchester,MTR0013,Flat,05/01/2024 10:04:48,0.28,0.4,FALSE,0,,FALSE,,
REC004246,CUST013,Ms Jacqueline Baker,darren98@collins.com,Manchester,MTR0013,Flat,05/01/2024 10:33:36,0.58,0.48,FALSE,0,,FALSE,,
REC004247,CUST013,Ms Jacqueline Baker,darren98@collins.com,Manchester,MTR0013,Flat,05/01/2024 11:02:24,1.14,1.14,FALSE,0,,FALSE,,
REC004248,CUST013,Ms Jacqueline Baker,darren98@collins.com,Manchester,MTR0013,Flat,05/01/2024 11:31:12,0.29,0.32,FALSE,0,,FALSE,,
REC004249,CUST013,Ms Jacqueline Baker,darren98@collins.com,Manchester,MTR0013,Flat,05/01/2024 12:00:00,0.54,0.74,FALSE,0,,FALSE,,
REC004250,CUST013,Ms Jacqueline Baker,darren98@collins.com,Manchester,MTR0013,Flat,05/01/2024 12:28:48,0.42,0.42,FALSE,0,,FALSE,,
REC004251,CUST013,Ms Jacqueline Baker,darren98@collins.com,Manchester,MTR0013,Flat,05/01/2024 12:57:36,0.75,0.64,FALSE,0,,FALSE,,
REC004252,CUST013,Ms Jacqueline Baker,darren98@collins.com,Manchester,MTR0013,Flat,05/01/2024 13:26:24,0.85,0.78,FALSE,0,,FALSE,,
REC004253,CUST013,Ms Jacqueline Baker,darren98@collins.com,Manchester,MTR0013,Flat,05/01/2024 13:55:12,0.77,0.83,FALSE,0,,FALSE,,
REC004254,CUST013,Ms Jacqueline Baker,darren98@collins.com,Manchester,MTR0013,Flat,05/01/2024 14:24:00,0.36,0.45,FALSE,0,,FALSE,,
REC004255,CUST013,Ms Jacqueline Baker,darren98@collins.com,Manchester,MTR0013,Flat,05/01/2024 15:07:12,0.53,0.52,FALSE,0,,FALSE,,
REC004256,CUST013,Ms Jacqueline Baker,darren98@collins.com,Manchester,MTR0013,Flat,05/01/2024 15:36:00,0.66,0.81,FALSE,0,,FALSE,,
REC004257,CUST013,Ms Jacqueline Baker,darren98@collins.com,Manchester,MTR0013,Flat,05/01/2024 16:04:48,1.2,1.15,FALSE,0,,FALSE,,
REC004258,CUST013,Ms Jacqueline Baker,darren98@collins.com,Manchester,MTR0013,Flat,05/01/2024 16:33:36,0.93,1.04,FALSE,0,,FALSE,,
REC004259,CUST013,Ms Jacqueline Baker,darren98@collins.com,Manchester,MTR0013,Flat,05/01/2024 17:02:24,0.71,0.8,FALSE,0,,FALSE,,
REC004260,CUST013,Ms Jacqueline Baker,darren98@collins.com,Manchester,MTR0013,Flat,05/01/2024 17:31:12,0.25,0.34,FALSE,0,,FALSE,,
REC004261,CUST013,Ms Jacqueline Baker,darren98@collins.com,Manchester,MTR0013,Flat,05/01/2024 18:00:00,0.64,0.57,FALSE,0,,FALSE,,
REC004262,CUST013,Ms Jacqueline Baker,darren98@collins.com,Manchester,MTR0013,Flat,05/01/2024 18:28:48,0.9,1,FALSE,0,,FALSE,,
REC004263,CUST013,Ms Jacqueline Baker,darren98@collins.com,Manchester,MTR0013,Flat,05/01/2024 18:57:36,0.62,0.71,FALSE,0,,FALSE,,
REC004264,CUST013,Ms Jacqueline Baker,darren98@collins.com,Manchester,MTR0013,Flat,05/01/2024 19:26:24,0.59,0.44,FALSE,0,,FALSE,,
REC004265,CUST013,Ms Jacqueline Baker,darren98@collins.com,Manchester,MTR0013,Flat,05/01/2024 19:55:12,0.72,0.66,FALSE,0,,FALSE,,
REC004266,CUST013,Ms Jacqueline Baker,darren98@collins.com,Manchester,MTR0013,Flat,05/01/2024 20:24:00,0.37,0.36,FALSE,0,,FALSE,,
REC004267,CUST013,Ms Jacqueline Baker,darren98@collins.com,Manchester,MTR0013,Flat,05/01/2024 21:07:12,0.77,0.76,FALSE,0,,FALSE,,
REC004268,CUST013,Ms Jacqueline Baker,darren98@collins.com,Manchester,MTR0013,Flat,05/01/2024 21:36:00,0.11,0.32,FALSE,0,,FALSE,,
REC004269,CUST013,Ms Jacqueline Baker,darren98@collins.com,Manchester,MTR0013,Flat,05/01/2024 22:04:48,0.6,0.58,FALSE,0,,FALSE,,
REC004270,CUST013,Ms Jacqueline Baker,darren98@collins.com,Manchester,MTR0013,Flat,05/01/2024 22:33:36,0.84,0.71,FALSE,0,,FALSE,,
REC004271,CUST013,Ms Jacqueline Baker,darren98@collins.com,Manchester,MTR0013,Flat,05/01/2024 23:02:24,0.47,0.56,FALSE,0,,FALSE,,
REC004272,CUST013,Ms Jacqueline Baker,darren98@collins.com,Manchester,MTR0013,Flat,05/01/2024 23:31:12,0.9,1.05,FALSE,0,,FALSE,,
REC004273,CUST013,Ms Jacqueline Baker,darren98@collins.com,Manchester,MTR0013,Flat,06/01/2024 00:00:00,0.96,1.17,FALSE,0,,FALSE,,
REC004274,CUST013,Ms Jacqueline Baker,darren98@collins.com,Manchester,MTR0013,Flat,06/01/2024 00:28:48,0.94,1.06,FALSE,0,,FALSE,,
REC004275,CUST013,Ms Jacqueline Baker,darren98@collins.com,Manchester,MTR0013,Flat,06/01/2024 00:57:36,0.53,0.68,FALSE,0,,FALSE,,
REC004276,CUST013,Ms Jacqueline Baker,darren98@collins.com,Manchester,MTR0013,Flat,06/01/2024 01:26:24,1,0.97,FALSE,0,,FALSE,,
REC004277,CUST013,Ms Jacqueline Baker,darren98@collins.com,Manchester,MTR0013,Flat,06/01/2024 01:55:12,0.84,0.78,FALSE,0,,FALSE,,
REC004278,CUST013,Ms Jacqueline Baker,darren98@collins.com,Manchester,MTR0013,Flat,06/01/2024 02:24:00,0.55,0.49,FALSE,0,,FALSE,,
REC004279,CUST013,Ms Jacqueline Baker,darren98@collins.com,Manchester,MTR0013,Flat,06/01/2024 03:07:12,0.88,0.94,FALSE,0,,FALSE,,
REC004280,CUST013,Ms Jacqueline Baker,darren98@collins.com,Manchester,MTR0013,Flat,06/01/2024 03:36:00,0.57,0.46,FALSE,0,,FALSE,,
REC004281,CUST013,Ms Jacqueline Baker,darren98@collins.com,Manchester,MTR0013,Flat,06/01/2024 04:04:48,0.1,0.3,FALSE,0,,FALSE,,
REC004282,CUST013,Ms Jacqueline Baker,darren98@collins.com,Manchester,MTR0013,Flat,06/01/2024 04:33:36,0.73,0.8,FALSE,0,,FALSE,,
REC004283,CUST013,Ms Jacqueline Baker,darren98@collins.com,Manchester,MTR0013,Flat,06/01/2024 05:02:24,0.43,0.47,FALSE,0,,FALSE,,
REC004284,CUST013,Ms Jacqueline Baker,darren98@collins.com,Manchester,MTR0013,Flat,06/01/2024 05:31:12,0.56,0.5,FALSE,0,,FALSE,,
REC004285,CUST013,Ms Jacqueline Baker,darren98@collins.com,Manchester,MTR0013,Flat,06/01/2024 06:00:00,0.58,0.73,FALSE,0,,FALSE,,
REC004286,CUST013,Ms Jacqueline Baker,darren98@collins.com,Manchester,MTR0013,Flat,06/01/2024 06:28:48,0.54,0.54,FALSE,0,,FALSE,,
REC004287,CUST013,Ms Jacqueline Baker,darren98@collins.com,Manchester,MTR0013,Flat,06/01/2024 06:57:36,0.54,0.45,FALSE,0,,FALSE,,
REC004288,CUST013,Ms Jacqueline Baker,darren98@collins.com,Manchester,MTR0013,Flat,06/01/2024 07:26:24,0.8,0.72,FALSE,0,,FALSE,,
REC004289,CUST013,Ms Jacqueline Baker,darren98@collins.com,Manchester,MTR0013,Flat,06/01/2024 07:55:12,0.88,0.94,FALSE,0,,FALSE,,
REC004290,CUST013,Ms Jacqueline Baker,darren98@collins.com,Manchester,MTR0013,Flat,06/01/2024 08:24:00,1.21,1.17,FALSE,0,,FALSE,,
REC004291,CUST013,Ms Jacqueline Baker,darren98@collins.com,Manchester,MTR0013,Flat,06/01/2024 09:07:12,0.98,1.04,FALSE,0,,FALSE,,
REC004292,CUST013,Ms Jacqueline Baker,darren98@collins.com,Manchester,MTR0013,Flat,06/01/2024 09:36:00,0.36,0.41,FALSE,0,,FALSE,,
REC004293,CUST013,Ms Jacqueline Baker,darren98@collins.com,Manchester,MTR0013,Flat,06/01/2024 10:04:48,0.4,0.42,FALSE,0,,FALSE,,
REC004294,CUST013,Ms Jacqueline Baker,darren98@collins.com,Manchester,MTR0013,Flat,06/01/2024 10:33:36,1.17,1,FALSE,0,,FALSE,,
REC004295,CUST013,Ms Jacqueline Baker,darren98@collins.com,Manchester,MTR0013,Flat,06/01/2024 11:02:24,1.13,0.97,FALSE,0,,FALSE,,
REC004296,CUST013,Ms Jacqueline Baker,darren98@collins.com,Manchester,MTR0013,Flat,06/01/2024 11:31:12,0.41,0.32,FALSE,0,,FALSE,,
REC004297,CUST013,Ms Jacqueline Baker,darren98@collins.com,Manchester,MTR0013,Flat,06/01/2024 12:00:00,0.47,0.58,FALSE,0,,FALSE,,
REC004298,CUST013,Ms Jacqueline Baker,darren98@collins.com,Manchester,MTR0013,Flat,06/01/2024 12:28:48,1.01,0.92,FALSE,0,,FALSE,,
REC004299,CUST013,Ms Jacqueline Baker,darren98@collins.com,Manchester,MTR0013,Flat,06/01/2024 12:57:36,0.99,1.01,FALSE,0,,FALSE,,
REC004300,CUST013,Ms Jacqueline Baker,darren98@collins.com,Manchester,MTR0013,Flat,06/01/2024 13:26:24,0.45,0.4,FALSE,0,,FALSE,,
REC004301,CUST013,Ms Jacqueline Baker,darren98@collins.com,Manchester,MTR0013,Flat,06/01/2024 13:55:12,0.67,0.74,FALSE,0,,FALSE,,
REC004302,CUST013,Ms Jacqueline Baker,darren98@collins.com,Manchester,MTR0013,Flat,06/01/2024 14:24:00,0.61,0.54,FALSE,0,,FALSE,,
REC004303,CUST013,Ms Jacqueline Baker,darren98@collins.com,Manchester,MTR0013,Flat,06/01/2024 15:07:12,0.6,0.52,FALSE,0,,FALSE,,
REC004304,CUST013,Ms Jacqueline Baker,darren98@collins.com,Manchester,MTR0013,Flat,06/01/2024 15:36:00,0.44,0.43,FALSE,0,,FALSE,,
REC004305,CUST013,Ms Jacqueline Baker,darren98@collins.com,Manchester,MTR0013,Flat,06/01/2024 16:04:48,1.23,1.17,FALSE,0,,FALSE,,
REC004306,CUST013,Ms Jacqueline Baker,darren98@collins.com,Manchester,MTR0013,Flat,06/01/2024 16:33:36,0.86,0.98,FALSE,0,,FALSE,,
REC004307,CUST013,Ms Jacqueline Baker,darren98@collins.com,Manchester,MTR0013,Flat,06/01/2024 17:02:24,1.24,1.19,FALSE,0,,FALSE,,
REC004308,CUST013,Ms Jacqueline Baker,darren98@collins.com,Manchester,MTR0013,Flat,06/01/2024 17:31:12,0.53,0.6,FALSE,0,,FALSE,,
REC004309,CUST013,Ms Jacqueline Baker,darren98@collins.com,Manchester,MTR0013,Flat,06/01/2024 18:00:00,0.6,0.46,FALSE,0,,FALSE,,
REC004310,CUST013,Ms Jacqueline Baker,darren98@collins.com,Manchester,MTR0013,Flat,06/01/2024 18:28:48,0.68,0.72,FALSE,0,,FALSE,,
REC004311,CUST013,Ms Jacqueline Baker,darren98@collins.com,Manchester,MTR0013,Flat,06/01/2024 18:57:36,0.63,0.78,FALSE,0,,FALSE,,
REC004312,CUST013,Ms Jacqueline Baker,darren98@collins.com,Manchester,MTR0013,Flat,06/01/2024 19:26:24,0.78,0.65,FALSE,0,,FALSE,,
REC004313,CUST013,Ms Jacqueline Baker,darren98@collins.com,Manchester,MTR0013,Flat,06/01/2024 19:55:12,0.94,0.93,FALSE,0,,FALSE,,
REC004314,CUST013,Ms Jacqueline Baker,darren98@collins.com,Manchester,MTR0013,Flat,06/01/2024 20:24:00,1.06,0.99,FALSE,0,,FALSE,,
REC004315,CUST013,Ms Jacqueline Baker,darren98@collins.com,Manchester,MTR0013,Flat,06/01/2024 21:07:12,0.38,0.38,FALSE,0,,FALSE,,
REC004316,CUST013,Ms Jacqueline Baker,darren98@collins.com,Manchester,MTR0013,Flat,06/01/2024 21:36:00,0.17,0.32,FALSE,0,,FALSE,,
REC004317,CUST013,Ms Jacqueline Baker,darren98@collins.com,Manchester,MTR0013,Flat,06/01/2024 22:04:48,0.5,0.53,FALSE,0,,FALSE,,
REC004318,CUST013,Ms Jacqueline Baker,darren98@collins.com,Manchester,MTR0013,Flat,06/01/2024 22:33:36,0.54,0.54,FALSE,0,,FALSE,,
REC004319,CUST013,Ms Jacqueline Baker,darren98@collins.com,Manchester,MTR0013,Flat,06/01/2024 23:02:24,0.84,0.76,FALSE,0,,FALSE,,
REC004320,CUST013,Ms Jacqueline Baker,darren98@collins.com,Manchester,MTR0013,Flat,06/01/2024 23:31:12,0.89,0.88,FALSE,0,,FALSE,,
REC004321,CUST013,Ms Jacqueline Baker,darren98@collins.com,Manchester,MTR0013,Flat,07/01/2024 00:00:00,0.64,0.67,FALSE,0,,FALSE,,
REC004322,CUST013,Ms Jacqueline Baker,darren98@collins.com,Manchester,MTR0013,Flat,07/01/2024 00:28:48,0.88,0.91,FALSE,0,,FALSE,,
REC004323,CUST013,Ms Jacqueline Baker,darren98@collins.com,Manchester,MTR0013,Flat,07/01/2024 00:57:36,0.87,0.8,FALSE,0,,FALSE,,
REC004324,CUST013,Ms Jacqueline Baker,darren98@collins.com,Manchester,MTR0013,Flat,07/01/2024 01:26:24,0.94,0.86,FALSE,0,,FALSE,,
REC004325,CUST013,Ms Jacqueline Baker,darren98@collins.com,Manchester,MTR0013,Flat,07/01/2024 01:55:12,1.09,1.19,FALSE,0,,FALSE,,
REC004326,CUST013,Ms Jacqueline Baker,darren98@collins.com,Manchester,MTR0013,Flat,07/01/2024 02:24:00,1.06,1.05,FALSE,0,,FALSE,,
REC004327,CUST013,Ms Jacqueline Baker,darren98@collins.com,Manchester,MTR0013,Flat,07/01/2024 03:07:12,0.61,0.53,FALSE,0,,FALSE,,
REC004328,CUST013,Ms Jacqueline Baker,darren98@collins.com,Manchester,MTR0013,Flat,07/01/2024 03:36:00,0.87,0.71,FALSE,0,,FALSE,,
REC004329,CUST013,Ms Jacqueline Baker,darren98@collins.com,Manchester,MTR0013,Flat,07/01/2024 04:04:48,0.76,0.63,FALSE,0,,FALSE,,
REC004330,CUST013,Ms Jacqueline Baker,darren98@collins.com,Manchester,MTR0013,Flat,07/01/2024 04:33:36,0.84,0.98,FALSE,0,,FALSE,,
REC004331,CUST013,Ms Jacqueline Baker,darren98@collins.com,Manchester,MTR0013,Flat,07/01/2024 05:02:24,0.91,0.91,FALSE,0,,FALSE,,
REC004332,CUST013,Ms Jacqueline Baker,darren98@collins.com,Manchester,MTR0013,Flat,07/01/2024 05:31:12,0.87,1.01,FALSE,0,,FALSE,,
REC004333,CUST013,Ms Jacqueline Baker,darren98@collins.com,Manchester,MTR0013,Flat,07/01/2024 06:00:00,0.88,0.73,FALSE,0,,FALSE,,
REC004334,CUST013,Ms Jacqueline Baker,darren98@collins.com,Manchester,MTR0013,Flat,07/01/2024 06:28:48,0.92,0.9,FALSE,0,,FALSE,,
REC004335,CUST013,Ms Jacqueline Baker,darren98@collins.com,Manchester,MTR0013,Flat,07/01/2024 06:57:36,0.75,0.67,FALSE,0,,FALSE,,
REC004336,CUST013,Ms Jacqueline Baker,darren98@collins.com,Manchester,MTR0013,Flat,07/01/2024 07:26:24,0.94,1.03,FALSE,0,,FALSE,,
REC004337,CUST013,Ms Jacqueline Baker,darren98@collins.com,Manchester,MTR0013,Flat,07/01/2024 07:55:12,1.01,1.07,FALSE,0,,FALSE,,
REC004338,CUST013,Ms Jacqueline Baker,darren98@collins.com,Manchester,MTR0013,Flat,07/01/2024 08:24:00,0.7,0.67,FALSE,0,,FALSE,,
REC004339,CUST013,Ms Jacqueline Baker,darren98@collins.com,Manchester,MTR0013,Flat,07/01/2024 09:07:12,1.18,1.06,FALSE,0,,FALSE,,
REC004340,CUST013,Ms Jacqueline Baker,darren98@collins.com,Manchester,MTR0013,Flat,07/01/2024 09:36:00,0.57,0.75,FALSE,0,,FALSE,,
REC004341,CUST013,Ms Jacqueline Baker,darren98@collins.com,Manchester,MTR0013,Flat,07/01/2024 10:04:48,0.99,0.88,FALSE,0,,FALSE,,
REC004342,CUST013,Ms Jacqueline Baker,darren98@collins.com,Manchester,MTR0013,Flat,07/01/2024 10:33:36,0.75,0.73,FALSE,0,,FALSE,,
REC004343,CUST013,Ms Jacqueline Baker,darren98@collins.com,Manchester,MTR0013,Flat,07/01/2024 11:02:24,0.18,0.37,FALSE,0,,FALSE,,
REC004344,CUST013,Ms Jacqueline Baker,darren98@collins.com,Manchester,MTR0013,Flat,07/01/2024 11:31:12,0.51,0.44,FALSE,0,,FALSE,,
REC004345,CUST013,Ms Jacqueline Baker,darren98@collins.com,Manchester,MTR0013,Flat,07/01/2024 12:00:00,1.14,1.06,FALSE,0,,FALSE,,
REC004346,CUST013,Ms Jacqueline Baker,darren98@collins.com,Manchester,MTR0013,Flat,07/01/2024 12:28:48,1.03,1.03,FALSE,0,,FALSE,,
REC004347,CUST013,Ms Jacqueline Baker,darren98@collins.com,Manchester,MTR0013,Flat,07/01/2024 12:57:36,0.87,0.92,FALSE,0,,FALSE,,
REC004348,CUST013,Ms Jacqueline Baker,darren98@collins.com,Manchester,MTR0013,Flat,07/01/2024 13:26:24,0.69,0.77,FALSE,0,,FALSE,,
REC004349,CUST013,Ms Jacqueline Baker,darren98@collins.com,Manchester,MTR0013,Flat,07/01/2024 13:55:12,0.59,0.54,FALSE,0,,FALSE,,
REC004350,CUST013,Ms Jacqueline Baker,darren98@collins.com,Manchester,MTR0013,Flat,07/01/2024 14:24:00,0.25,0.38,FALSE,0,,FALSE,,
REC004351,CUST013,Ms Jacqueline Baker,darren98@collins.com,Manchester,MTR0013,Flat,07/01/2024 15:07:12,0.49,0.35,TRUE,40,Schedule change,TRUE,1/7/2024 15:15,TRUE
REC004352,CUST013,Ms Jacqueline Baker,darren98@collins.com,Manchester,MTR0013,Flat,07/01/2024 15:36:00,0.72,0.8,FALSE,0,,FALSE,,
REC004353,CUST013,Ms Jacqueline Baker,darren98@collins.com,Manchester,MTR0013,Flat,07/01/2024 16:04:48,0.48,0.68,FALSE,0,,FALSE,,
REC004354,CUST013,Ms Jacqueline Baker,darren98@collins.com,Manchester,MTR0013,Flat,07/01/2024 16:33:36,1.24,1.14,FALSE,0,,FALSE,,
REC004355,CUST013,Ms Jacqueline Baker,darren98@collins.com,Manchester,MTR0013,Flat,07/01/2024 17:02:24,0.42,0.35,FALSE,0,,FALSE,,
REC004356,CUST013,Ms Jacqueline Baker,darren98@collins.com,Manchester,MTR0013,Flat,07/01/2024 17:31:12,1.05,1.02,FALSE,0,,FALSE,,
REC004357,CUST013,Ms Jacqueline Baker,darren98@collins.com,Manchester,MTR0013,Flat,07/01/2024 18:00:00,0.57,0.47,FALSE,0,,FALSE,,
REC004358,CUST013,Ms Jacqueline Baker,darren98@collins.com,Manchester,MTR0013,Flat,07/01/2024 18:28:48,0.28,0.38,FALSE,0,,FALSE,,
REC004359,CUST013,Ms Jacqueline Baker,darren98@collins.com,Manchester,MTR0013,Flat,07/01/2024 18:57:36,1.13,1.03,FALSE,0,,FALSE,,
REC004360,CUST013,Ms Jacqueline Baker,darren98@collins.com,Manchester,MTR0013,Flat,07/01/2024 19:26:24,0.48,0.39,FALSE,0,,FALSE,,
REC004361,CUST013,Ms Jacqueline Baker,darren98@collins.com,Manchester,MTR0013,Flat,07/01/2024 19:55:12,1.04,0.95,FALSE,0,,FALSE,,
REC004362,CUST013,Ms Jacqueline Baker,darren98@collins.com,Manchester,MTR0013,Flat,07/01/2024 20:24:00,0.39,0.34,FALSE,0,,FALSE,,
REC004363,CUST013,Ms Jacqueline Baker,darren98@collins.com,Manchester,MTR0013,Flat,07/01/2024 21:07:12,0.22,0.32,FALSE,0,,FALSE,,
REC004364,CUST013,Ms Jacqueline Baker,darren98@collins.com,Manchester,MTR0013,Flat,07/01/2024 21:36:00,0.76,0.8,FALSE,0,,FALSE,,
REC004365,CUST013,Ms Jacqueline Baker,darren98@collins.com,Manchester,MTR0013,Flat,07/01/2024 22:04:48,1.24,1.13,FALSE,0,,FALSE,,
REC004366,CUST013,Ms Jacqueline Baker,darren98@collins.com,Manchester,MTR0013,Flat,07/01/2024 22:33:36,0.27,0.3,FALSE,0,,FALSE,,
REC004367,CUST013,Ms Jacqueline Baker,darren98@collins.com,Manchester,MTR0013,Flat,07/01/2024 23:02:24,0.35,0.45,FALSE,0,,FALSE,,
REC004368,CUST013,Ms Jacqueline Baker,darren98@collins.com,Manchester,MTR0013,Flat,07/01/2024 23:31:12,1.36,1.14,FALSE,0,,FALSE,,
REC004369,CUST014,Miss Charlotte Robertson,grahamstewart@coates.info,Leeds,MTR0014,Flat,01/01/2024 00:00:00,0.24,0.41,FALSE,0,,FALSE,,
REC004370,CUST014,Miss Charlotte Robertson,grahamstewart@coates.info,Leeds,MTR0014,Flat,01/01/2024 00:28:48,1.03,1.08,FALSE,0,,FALSE,,
REC004371,CUST014,Miss Charlotte Robertson,grahamstewart@coates.info,Leeds,MTR0014,Flat,01/01/2024 00:57:36,0.9,0.84,FALSE,0,,FALSE,,
REC004372,CUST014,Miss Charlotte Robertson,grahamstewart@coates.info,Leeds,MTR0014,Flat,01/01/2024 01:26:24,0.61,0.38,TRUE,60.53,Guest visit,TRUE,1/1/2024 01:34,TRUE
REC004373,CUST014,Miss Charlotte Robertson,grahamstewart@coates.info,Leeds,MTR0014,Flat,01/01/2024 01:55:12,0.68,0.7,FALSE,0,,FALSE,,
REC004374,CUST014,Miss Charlotte Robertson,grahamstewart@coates.info,Leeds,MTR0014,Flat,01/01/2024 02:24:00,0.27,0.3,FALSE,0,,FALSE,,
REC004375,CUST014,Miss Charlotte Robertson,grahamstewart@coates.info,Leeds,MTR0014,Flat,01/01/2024 03:07:12,0.56,0.57,FALSE,0,,FALSE,,
REC004376,CUST014,Miss Charlotte Robertson,grahamstewart@coates.info,Leeds,MTR0014,Flat,01/01/2024 03:36:00,0.81,0.91,FALSE,0,,FALSE,,
REC004377,CUST014,Miss Charlotte Robertson,grahamstewart@coates.info,Leeds,MTR0014,Flat,01/01/2024 04:04:48,0.96,1.09,FALSE,0,,FALSE,,
REC004378,CUST014,Miss Charlotte Robertson,grahamstewart@coates.info,Leeds,MTR0014,Flat,01/01/2024 04:33:36,0.63,0.53,FALSE,0,,FALSE,,
REC004379,CUST014,Miss Charlotte Robertson,grahamstewart@coates.info,Leeds,MTR0014,Flat,01/01/2024 05:02:24,0.61,0.6,FALSE,0,,FALSE,,
REC004380,CUST014,Miss Charlotte Robertson,grahamstewart@coates.info,Leeds,MTR0014,Flat,01/01/2024 05:31:12,0.52,0.7,FALSE,0,,FALSE,,
REC004381,CUST014,Miss Charlotte Robertson,grahamstewart@coates.info,Leeds,MTR0014,Flat,01/01/2024 06:00:00,0.66,0.76,FALSE,0,,FALSE,,
REC004382,CUST014,Miss Charlotte Robertson,grahamstewart@coates.info,Leeds,MTR0014,Flat,01/01/2024 06:28:48,0.69,0.53,FALSE,0,,FALSE,,
REC004383,CUST014,Miss Charlotte Robertson,grahamstewart@coates.info,Leeds,MTR0014,Flat,01/01/2024 06:57:36,0.58,0.45,FALSE,0,,FALSE,,
REC004384,CUST014,Miss Charlotte Robertson,grahamstewart@coates.info,Leeds,MTR0014,Flat,01/01/2024 07:26:24,0.9,0.98,FALSE,0,,FALSE,,
REC004385,CUST014,Miss Charlotte Robertson,grahamstewart@coates.info,Leeds,MTR0014,Flat,01/01/2024 07:55:12,0.95,0.9,FALSE,0,,FALSE,,
REC004386,CUST014,Miss Charlotte Robertson,grahamstewart@coates.info,Leeds,MTR0014,Flat,01/01/2024 08:24:00,0.67,0.81,FALSE,0,,FALSE,,
REC004387,CUST014,Miss Charlotte Robertson,grahamstewart@coates.info,Leeds,MTR0014,Flat,01/01/2024 09:07:12,0.69,0.74,FALSE,0,,FALSE,,
REC004388,CUST014,Miss Charlotte Robertson,grahamstewart@coates.info,Leeds,MTR0014,Flat,01/01/2024 09:36:00,1.11,0.81,FALSE,0,,FALSE,,
REC004389,CUST014,Miss Charlotte Robertson,grahamstewart@coates.info,Leeds,MTR0014,Flat,01/01/2024 10:04:48,0.97,0.94,FALSE,0,,FALSE,,
REC004390,CUST014,Miss Charlotte Robertson,grahamstewart@coates.info,Leeds,MTR0014,Flat,01/01/2024 10:33:36,0.37,0.42,FALSE,0,,FALSE,,
REC004391,CUST014,Miss Charlotte Robertson,grahamstewart@coates.info,Leeds,MTR0014,Flat,01/01/2024 11:02:24,0.35,0.36,FALSE,0,,FALSE,,
REC004392,CUST014,Miss Charlotte Robertson,grahamstewart@coates.info,Leeds,MTR0014,Flat,01/01/2024 11:31:12,0.4,0.47,FALSE,0,,FALSE,,
REC004393,CUST014,Miss Charlotte Robertson,grahamstewart@coates.info,Leeds,MTR0014,Flat,01/01/2024 12:00:00,0.6,0.74,FALSE,0,,FALSE,,
REC004394,CUST014,Miss Charlotte Robertson,grahamstewart@coates.info,Leeds,MTR0014,Flat,01/01/2024 12:28:48,0.97,0.84,FALSE,0,,FALSE,,
REC004395,CUST014,Miss Charlotte Robertson,grahamstewart@coates.info,Leeds,MTR0014,Flat,01/01/2024 12:57:36,0.39,0.58,FALSE,0,,FALSE,,
REC004396,CUST014,Miss Charlotte Robertson,grahamstewart@coates.info,Leeds,MTR0014,Flat,01/01/2024 13:26:24,0.62,0.56,FALSE,0,,FALSE,,
REC004397,CUST014,Miss Charlotte Robertson,grahamstewart@coates.info,Leeds,MTR0014,Flat,01/01/2024 13:55:12,0.31,0.33,FALSE,0,,FALSE,,
REC004398,CUST014,Miss Charlotte Robertson,grahamstewart@coates.info,Leeds,MTR0014,Flat,01/01/2024 14:24:00,0.72,0.59,FALSE,0,,FALSE,,
REC004399,CUST014,Miss Charlotte Robertson,grahamstewart@coates.info,Leeds,MTR0014,Flat,01/01/2024 15:07:12,0.7,0.72,FALSE,0,,FALSE,,
REC004400,CUST014,Miss Charlotte Robertson,grahamstewart@coates.info,Leeds,MTR0014,Flat,01/01/2024 15:36:00,1.09,1.07,FALSE,0,,FALSE,,
REC004401,CUST014,Miss Charlotte Robertson,grahamstewart@coates.info,Leeds,MTR0014,Flat,01/01/2024 16:04:48,1.1,1.11,FALSE,0,,FALSE,,
REC004402,CUST014,Miss Charlotte Robertson,grahamstewart@coates.info,Leeds,MTR0014,Flat,01/01/2024 16:33:36,0.56,0.5,FALSE,0,,FALSE,,
REC004403,CUST014,Miss Charlotte Robertson,grahamstewart@coates.info,Leeds,MTR0014,Flat,01/01/2024 17:02:24,0.54,0.64,FALSE,0,,FALSE,,
REC004404,CUST014,Miss Charlotte Robertson,grahamstewart@coates.info,Leeds,MTR0014,Flat,01/01/2024 17:31:12,0.8,0.85,FALSE,0,,FALSE,,
REC004405,CUST014,Miss Charlotte Robertson,grahamstewart@coates.info,Leeds,MTR0014,Flat,01/01/2024 18:00:00,0.86,0.73,FALSE,0,,FALSE,,
REC004406,CUST014,Miss Charlotte Robertson,grahamstewart@coates.info,Leeds,MTR0014,Flat,01/01/2024 18:28:48,1.05,0.98,FALSE,0,,FALSE,,
REC004407,CUST014,Miss Charlotte Robertson,grahamstewart@coates.info,Leeds,MTR0014,Flat,01/01/2024 18:57:36,1.13,1.1,FALSE,0,,FALSE,,
REC004408,CUST014,Miss Charlotte Robertson,grahamstewart@coates.info,Leeds,MTR0014,Flat,01/01/2024 19:26:24,0.62,0.6,FALSE,0,,FALSE,,
REC004409,CUST014,Miss Charlotte Robertson,grahamstewart@coates.info,Leeds,MTR0014,Flat,01/01/2024 19:55:12,0.71,0.75,FALSE,0,,FALSE,,
REC004410,CUST014,Miss Charlotte Robertson,grahamstewart@coates.info,Leeds,MTR0014,Flat,01/01/2024 20:24:00,0.51,0.53,FALSE,0,,FALSE,,
REC004411,CUST014,Miss Charlotte Robertson,grahamstewart@coates.info,Leeds,MTR0014,Flat,01/01/2024 21:07:12,0.49,0.46,FALSE,0,,FALSE,,
REC004412,CUST014,Miss Charlotte Robertson,grahamstewart@coates.info,Leeds,MTR0014,Flat,01/01/2024 21:36:00,0.99,0.91,FALSE,0,,FALSE,,
REC004413,CUST014,Miss Charlotte Robertson,grahamstewart@coates.info,Leeds,MTR0014,Flat,01/01/2024 22:04:48,0.33,0.3,FALSE,0,,FALSE,,
REC004414,CUST014,Miss Charlotte Robertson,grahamstewart@coates.info,Leeds,MTR0014,Flat,01/01/2024 22:33:36,0.68,0.61,FALSE,0,,FALSE,,
REC004415,CUST014,Miss Charlotte Robertson,grahamstewart@coates.info,Leeds,MTR0014,Flat,01/01/2024 23:02:24,1.15,1.1,FALSE,0,,FALSE,,
REC004416,CUST014,Miss Charlotte Robertson,grahamstewart@coates.info,Leeds,MTR0014,Flat,01/01/2024 23:31:12,0.22,0.39,FALSE,0,,FALSE,,
REC004417,CUST014,Miss Charlotte Robertson,grahamstewart@coates.info,Leeds,MTR0014,Flat,02/01/2024 00:00:00,1.09,1.13,FALSE,0,,FALSE,,
REC004418,CUST014,Miss Charlotte Robertson,grahamstewart@coates.info,Leeds,MTR0014,Flat,02/01/2024 00:28:48,0.75,0.8,FALSE,0,,FALSE,,
REC004419,CUST014,Miss Charlotte Robertson,grahamstewart@coates.info,Leeds,MTR0014,Flat,02/01/2024 00:57:36,0.86,0.99,FALSE,0,,FALSE,,
REC004420,CUST014,Miss Charlotte Robertson,grahamstewart@coates.info,Leeds,MTR0014,Flat,02/01/2024 01:26:24,0.36,0.3,FALSE,0,,FALSE,,
REC004421,CUST014,Miss Charlotte Robertson,grahamstewart@coates.info,Leeds,MTR0014,Flat,02/01/2024 01:55:12,1.07,0.98,FALSE,0,,FALSE,,
REC004422,CUST014,Miss Charlotte Robertson,grahamstewart@coates.info,Leeds,MTR0014,Flat,02/01/2024 02:24:00,0.66,0.67,FALSE,0,,FALSE,,
REC004423,CUST014,Miss Charlotte Robertson,grahamstewart@coates.info,Leeds,MTR0014,Flat,02/01/2024 03:07:12,0.5,0.77,FALSE,0,,FALSE,,
REC004424,CUST014,Miss Charlotte Robertson,grahamstewart@coates.info,Leeds,MTR0014,Flat,02/01/2024 03:36:00,0.88,1,FALSE,0,,FALSE,,
REC004425,CUST014,Miss Charlotte Robertson,grahamstewart@coates.info,Leeds,MTR0014,Flat,02/01/2024 04:04:48,0.66,0.77,FALSE,0,,FALSE,,
REC004426,CUST014,Miss Charlotte Robertson,grahamstewart@coates.info,Leeds,MTR0014,Flat,02/01/2024 04:33:36,0.24,0.33,FALSE,0,,FALSE,,
REC004427,CUST014,Miss Charlotte Robertson,grahamstewart@coates.info,Leeds,MTR0014,Flat,02/01/2024 05:02:24,0.77,0.82,FALSE,0,,FALSE,,
REC004428,CUST014,Miss Charlotte Robertson,grahamstewart@coates.info,Leeds,MTR0014,Flat,02/01/2024 05:31:12,0.85,0.89,FALSE,0,,FALSE,,
REC004429,CUST014,Miss Charlotte Robertson,grahamstewart@coates.info,Leeds,MTR0014,Flat,02/01/2024 06:00:00,0.91,0.91,FALSE,0,,FALSE,,
REC004430,CUST014,Miss Charlotte Robertson,grahamstewart@coates.info,Leeds,MTR0014,Flat,02/01/2024 06:28:48,1.27,1.1,FALSE,0,,FALSE,,
REC004431,CUST014,Miss Charlotte Robertson,grahamstewart@coates.info,Leeds,MTR0014,Flat,02/01/2024 06:57:36,1.19,1.14,FALSE,0,,FALSE,,
REC004432,CUST014,Miss Charlotte Robertson,grahamstewart@coates.info,Leeds,MTR0014,Flat,02/01/2024 07:26:24,0.69,0.57,FALSE,0,,FALSE,,
REC004433,CUST014,Miss Charlotte Robertson,grahamstewart@coates.info,Leeds,MTR0014,Flat,02/01/2024 07:55:12,1.09,1.18,FALSE,0,,FALSE,,
REC004434,CUST014,Miss Charlotte Robertson,grahamstewart@coates.info,Leeds,MTR0014,Flat,02/01/2024 08:24:00,0.63,0.7,FALSE,0,,FALSE,,
REC004435,CUST014,Miss Charlotte Robertson,grahamstewart@coates.info,Leeds,MTR0014,Flat,02/01/2024 09:07:12,0.36,0.35,FALSE,0,,FALSE,,
REC004436,CUST014,Miss Charlotte Robertson,grahamstewart@coates.info,Leeds,MTR0014,Flat,02/01/2024 09:36:00,0.83,0.8,FALSE,0,,FALSE,,
REC004437,CUST014,Miss Charlotte Robertson,grahamstewart@coates.info,Leeds,MTR0014,Flat,02/01/2024 10:04:48,0.84,0.89,FALSE,0,,FALSE,,
REC004438,CUST014,Miss Charlotte Robertson,grahamstewart@coates.info,Leeds,MTR0014,Flat,02/01/2024 10:33:36,0.85,0.85,FALSE,0,,FALSE,,
REC004439,CUST014,Miss Charlotte Robertson,grahamstewart@coates.info,Leeds,MTR0014,Flat,02/01/2024 11:02:24,1.09,0.94,FALSE,0,,FALSE,,
REC004440,CUST014,Miss Charlotte Robertson,grahamstewart@coates.info,Leeds,MTR0014,Flat,02/01/2024 11:31:12,0.45,0.5,FALSE,0,,FALSE,,
REC004441,CUST014,Miss Charlotte Robertson,grahamstewart@coates.info,Leeds,MTR0014,Flat,02/01/2024 12:00:00,0.46,0.5,FALSE,0,,FALSE,,
REC004442,CUST014,Miss Charlotte Robertson,grahamstewart@coates.info,Leeds,MTR0014,Flat,02/01/2024 12:28:48,0.95,1.06,FALSE,0,,FALSE,,
REC004443,CUST014,Miss Charlotte Robertson,grahamstewart@coates.info,Leeds,MTR0014,Flat,02/01/2024 12:57:36,1.18,1.05,FALSE,0,,FALSE,,
REC004444,CUST014,Miss Charlotte Robertson,grahamstewart@coates.info,Leeds,MTR0014,Flat,02/01/2024 13:26:24,0.77,0.95,FALSE,0,,FALSE,,
REC004445,CUST014,Miss Charlotte Robertson,grahamstewart@coates.info,Leeds,MTR0014,Flat,02/01/2024 13:55:12,0.54,0.52,FALSE,0,,FALSE,,
REC004446,CUST014,Miss Charlotte Robertson,grahamstewart@coates.info,Leeds,MTR0014,Flat,02/01/2024 14:24:00,0.6,0.6,FALSE,0,,FALSE,,
REC004447,CUST014,Miss Charlotte Robertson,grahamstewart@coates.info,Leeds,MTR0014,Flat,02/01/2024 15:07:12,0.86,0.93,FALSE,0,,FALSE,,
REC004448,CUST014,Miss Charlotte Robertson,grahamstewart@coates.info,Leeds,MTR0014,Flat,02/01/2024 15:36:00,0.68,0.76,FALSE,0,,FALSE,,
REC004449,CUST014,Miss Charlotte Robertson,grahamstewart@coates.info,Leeds,MTR0014,Flat,02/01/2024 16:04:48,0.54,0.59,FALSE,0,,FALSE,,
REC004450,CUST014,Miss Charlotte Robertson,grahamstewart@coates.info,Leeds,MTR0014,Flat,02/01/2024 16:33:36,0.26,0.33,FALSE,0,,FALSE,,
REC004451,CUST014,Miss Charlotte Robertson,grahamstewart@coates.info,Leeds,MTR0014,Flat,02/01/2024 17:02:24,0.84,0.93,FALSE,0,,FALSE,,
REC004452,CUST014,Miss Charlotte Robertson,grahamstewart@coates.info,Leeds,MTR0014,Flat,02/01/2024 17:31:12,0.45,0.45,FALSE,0,,FALSE,,
REC004453,CUST014,Miss Charlotte Robertson,grahamstewart@coates.info,Leeds,MTR0014,Flat,02/01/2024 18:00:00,0.31,0.39,FALSE,0,,FALSE,,
REC004454,CUST014,Miss Charlotte Robertson,grahamstewart@coates.info,Leeds,MTR0014,Flat,02/01/2024 18:28:48,1,0.98,FALSE,0,,FALSE,,
REC004455,CUST014,Miss Charlotte Robertson,grahamstewart@coates.info,Leeds,MTR0014,Flat,02/01/2024 18:57:36,0.37,0.32,FALSE,0,,FALSE,,
REC004456,CUST014,Miss Charlotte Robertson,grahamstewart@coates.info,Leeds,MTR0014,Flat,02/01/2024 19:26:24,0.92,0.95,FALSE,0,,FALSE,,
REC004457,CUST014,Miss Charlotte Robertson,grahamstewart@coates.info,Leeds,MTR0014,Flat,02/01/2024 19:55:12,0.37,0.37,FALSE,0,,FALSE,,
REC004458,CUST014,Miss Charlotte Robertson,grahamstewart@coates.info,Leeds,MTR0014,Flat,02/01/2024 20:24:00,1.19,1.06,FALSE,0,,FALSE,,
REC004459,CUST014,Miss Charlotte Robertson,grahamstewart@coates.info,Leeds,MTR0014,Flat,02/01/2024 21:07:12,0.9,0.84,FALSE,0,,FALSE,,
REC004460,CUST014,Miss Charlotte Robertson,grahamstewart@coates.info,Leeds,MTR0014,Flat,02/01/2024 21:36:00,0.58,0.71,FALSE,0,,FALSE,,
REC004461,CUST014,Miss Charlotte Robertson,grahamstewart@coates.info,Leeds,MTR0014,Flat,02/01/2024 22:04:48,0.43,0.34,FALSE,0,,FALSE,,
REC004462,CUST014,Miss Charlotte Robertson,grahamstewart@coates.info,Leeds,MTR0014,Flat,02/01/2024 22:33:36,0.99,0.8,FALSE,0,,FALSE,,
REC004463,CUST014,Miss Charlotte Robertson,grahamstewart@coates.info,Leeds,MTR0014,Flat,02/01/2024 23:02:24,0.41,0.33,FALSE,0,,FALSE,,
REC004464,CUST014,Miss Charlotte Robertson,grahamstewart@coates.info,Leeds,MTR0014,Flat,02/01/2024 23:31:12,0.65,0.66,FALSE,0,,FALSE,,
REC004465,CUST014,Miss Charlotte Robertson,grahamstewart@coates.info,Leeds,MTR0014,Flat,03/01/2024 00:00:00,0.93,0.86,FALSE,0,,FALSE,,
REC004466,CUST014,Miss Charlotte Robertson,grahamstewart@coates.info,Leeds,MTR0014,Flat,03/01/2024 00:28:48,0.84,0.77,FALSE,0,,FALSE,,
REC004467,CUST014,Miss Charlotte Robertson,grahamstewart@coates.info,Leeds,MTR0014,Flat,03/01/2024 00:57:36,1.16,1.07,FALSE,0,,FALSE,,
REC004468,CUST014,Miss Charlotte Robertson,grahamstewart@coates.info,Leeds,MTR0014,Flat,03/01/2024 01:26:24,0.5,0.52,FALSE,0,,FALSE,,
REC004469,CUST014,Miss Charlotte Robertson,grahamstewart@coates.info,Leeds,MTR0014,Flat,03/01/2024 01:55:12,0.41,0.55,FALSE,0,,FALSE,,
REC004470,CUST014,Miss Charlotte Robertson,grahamstewart@coates.info,Leeds,MTR0014,Flat,03/01/2024 02:24:00,0.47,0.51,FALSE,0,,FALSE,,
REC004471,CUST014,Miss Charlotte Robertson,grahamstewart@coates.info,Leeds,MTR0014,Flat,03/01/2024 03:07:12,1.13,1.11,FALSE,0,,FALSE,,
REC004472,CUST014,Miss Charlotte Robertson,grahamstewart@coates.info,Leeds,MTR0014,Flat,03/01/2024 03:36:00,0.97,0.85,FALSE,0,,FALSE,,
REC004473,CUST014,Miss Charlotte Robertson,grahamstewart@coates.info,Leeds,MTR0014,Flat,03/01/2024 04:04:48,0.81,0.73,FALSE,0,,FALSE,,
REC004474,CUST014,Miss Charlotte Robertson,grahamstewart@coates.info,Leeds,MTR0014,Flat,03/01/2024 04:33:36,0.39,0.41,FALSE,0,,FALSE,,
REC004475,CUST014,Miss Charlotte Robertson,grahamstewart@coates.info,Leeds,MTR0014,Flat,03/01/2024 05:02:24,0.68,0.68,FALSE,0,,FALSE,,
REC004476,CUST014,Miss Charlotte Robertson,grahamstewart@coates.info,Leeds,MTR0014,Flat,03/01/2024 05:31:12,0.49,0.71,FALSE,0,,FALSE,,
REC004477,CUST014,Miss Charlotte Robertson,grahamstewart@coates.info,Leeds,MTR0014,Flat,03/01/2024 06:00:00,0.77,0.77,FALSE,0,,FALSE,,
REC004478,CUST014,Miss Charlotte Robertson,grahamstewart@coates.info,Leeds,MTR0014,Flat,03/01/2024 06:28:48,0.41,0.52,FALSE,0,,FALSE,,
REC004479,CUST014,Miss Charlotte Robertson,grahamstewart@coates.info,Leeds,MTR0014,Flat,03/01/2024 06:57:36,0.66,0.47,TRUE,40.43,Overnight appliance,TRUE,1/3/2024 07:27,TRUE
REC004480,CUST014,Miss Charlotte Robertson,grahamstewart@coates.info,Leeds,MTR0014,Flat,03/01/2024 07:26:24,0.84,0.95,FALSE,0,,FALSE,,
REC004481,CUST014,Miss Charlotte Robertson,grahamstewart@coates.info,Leeds,MTR0014,Flat,03/01/2024 07:55:12,0.68,0.91,FALSE,0,,FALSE,,
REC004482,CUST014,Miss Charlotte Robertson,grahamstewart@coates.info,Leeds,MTR0014,Flat,03/01/2024 08:24:00,0.58,0.64,FALSE,0,,FALSE,,
REC004483,CUST014,Miss Charlotte Robertson,grahamstewart@coates.info,Leeds,MTR0014,Flat,03/01/2024 09:07:12,1,0.88,FALSE,0,,FALSE,,
REC004484,CUST014,Miss Charlotte Robertson,grahamstewart@coates.info,Leeds,MTR0014,Flat,03/01/2024 09:36:00,1.09,1.09,FALSE,0,,FALSE,,
REC004485,CUST014,Miss Charlotte Robertson,grahamstewart@coates.info,Leeds,MTR0014,Flat,03/01/2024 10:04:48,0.48,0.45,FALSE,0,,FALSE,,
REC004486,CUST014,Miss Charlotte Robertson,grahamstewart@coates.info,Leeds,MTR0014,Flat,03/01/2024 10:33:36,0.47,0.57,FALSE,0,,FALSE,,
REC004487,CUST014,Miss Charlotte Robertson,grahamstewart@coates.info,Leeds,MTR0014,Flat,03/01/2024 11:02:24,0.29,0.32,FALSE,0,,FALSE,,
REC004488,CUST014,Miss Charlotte Robertson,grahamstewart@coates.info,Leeds,MTR0014,Flat,03/01/2024 11:31:12,1.18,1.14,FALSE,0,,FALSE,,
REC004489,CUST014,Miss Charlotte Robertson,grahamstewart@coates.info,Leeds,MTR0014,Flat,03/01/2024 12:00:00,0.88,0.95,FALSE,0,,FALSE,,
REC004490,CUST014,Miss Charlotte Robertson,grahamstewart@coates.info,Leeds,MTR0014,Flat,03/01/2024 12:28:48,0.57,0.51,FALSE,0,,FALSE,,
REC004491,CUST014,Miss Charlotte Robertson,grahamstewart@coates.info,Leeds,MTR0014,Flat,03/01/2024 12:57:36,0.72,0.77,FALSE,0,,FALSE,,
REC004492,CUST014,Miss Charlotte Robertson,grahamstewart@coates.info,Leeds,MTR0014,Flat,03/01/2024 13:26:24,0.5,0.59,FALSE,0,,FALSE,,
REC004493,CUST014,Miss Charlotte Robertson,grahamstewart@coates.info,Leeds,MTR0014,Flat,03/01/2024 13:55:12,0.5,0.44,FALSE,0,,FALSE,,
REC004494,CUST014,Miss Charlotte Robertson,grahamstewart@coates.info,Leeds,MTR0014,Flat,03/01/2024 14:24:00,0.39,0.45,FALSE,0,,FALSE,,
REC004495,CUST014,Miss Charlotte Robertson,grahamstewart@coates.info,Leeds,MTR0014,Flat,03/01/2024 15:07:12,0.35,0.33,FALSE,0,,FALSE,,
REC004496,CUST014,Miss Charlotte Robertson,grahamstewart@coates.info,Leeds,MTR0014,Flat,03/01/2024 15:36:00,0.61,0.6,FALSE,0,,FALSE,,
REC004497,CUST014,Miss Charlotte Robertson,grahamstewart@coates.info,Leeds,MTR0014,Flat,03/01/2024 16:04:48,0.5,0.41,FALSE,0,,FALSE,,
REC004498,CUST014,Miss Charlotte Robertson,grahamstewart@coates.info,Leeds,MTR0014,Flat,03/01/2024 16:33:36,1.02,1.01,FALSE,0,,FALSE,,
REC004499,CUST014,Miss Charlotte Robertson,grahamstewart@coates.info,Leeds,MTR0014,Flat,03/01/2024 17:02:24,0.9,0.86,FALSE,0,,FALSE,,
REC004500,CUST014,Miss Charlotte Robertson,grahamstewart@coates.info,Leeds,MTR0014,Flat,03/01/2024 17:31:12,0.19,0.38,FALSE,0,,FALSE,,
REC004501,CUST014,Miss Charlotte Robertson,grahamstewart@coates.info,Leeds,MTR0014,Flat,03/01/2024 18:00:00,1.09,0.91,FALSE,0,,FALSE,,
REC004502,CUST014,Miss Charlotte Robertson,grahamstewart@coates.info,Leeds,MTR0014,Flat,03/01/2024 18:28:48,1.05,1.01,FALSE,0,,FALSE,,
REC004503,CUST014,Miss Charlotte Robertson,grahamstewart@coates.info,Leeds,MTR0014,Flat,03/01/2024 18:57:36,0.48,0.47,FALSE,0,,FALSE,,
REC004504,CUST014,Miss Charlotte Robertson,grahamstewart@coates.info,Leeds,MTR0014,Flat,03/01/2024 19:26:24,0.43,0.6,FALSE,0,,FALSE,,
REC004505,CUST014,Miss Charlotte Robertson,grahamstewart@coates.info,Leeds,MTR0014,Flat,03/01/2024 19:55:12,1.21,1.07,FALSE,0,,FALSE,,
REC004506,CUST014,Miss Charlotte Robertson,grahamstewart@coates.info,Leeds,MTR0014,Flat,03/01/2024 20:24:00,0.81,0.82,FALSE,0,,FALSE,,
REC004507,CUST014,Miss Charlotte Robertson,grahamstewart@coates.info,Leeds,MTR0014,Flat,03/01/2024 21:07:12,1.1,1,FALSE,0,,FALSE,,
REC004508,CUST014,Miss Charlotte Robertson,grahamstewart@coates.info,Leeds,MTR0014,Flat,03/01/2024 21:36:00,0.5,0.55,FALSE,0,,FALSE,,
REC004509,CUST014,Miss Charlotte Robertson,grahamstewart@coates.info,Leeds,MTR0014,Flat,03/01/2024 22:04:48,0.78,0.79,FALSE,0,,FALSE,,
REC004510,CUST014,Miss Charlotte Robertson,grahamstewart@coates.info,Leeds,MTR0014,Flat,03/01/2024 22:33:36,0.44,0.59,FALSE,0,,FALSE,,
REC004511,CUST014,Miss Charlotte Robertson,grahamstewart@coates.info,Leeds,MTR0014,Flat,03/01/2024 23:02:24,0.61,0.54,FALSE,0,,FALSE,,
REC004512,CUST014,Miss Charlotte Robertson,grahamstewart@coates.info,Leeds,MTR0014,Flat,03/01/2024 23:31:12,0.3,0.31,FALSE,0,,FALSE,,
REC004513,CUST014,Miss Charlotte Robertson,grahamstewart@coates.info,Leeds,MTR0014,Flat,04/01/2024 00:00:00,0.94,0.83,FALSE,0,,FALSE,,
REC004514,CUST014,Miss Charlotte Robertson,grahamstewart@coates.info,Leeds,MTR0014,Flat,04/01/2024 00:28:48,0.38,0.38,FALSE,0,,FALSE,,
REC004515,CUST014,Miss Charlotte Robertson,grahamstewart@coates.info,Leeds,MTR0014,Flat,04/01/2024 00:57:36,1.02,0.91,FALSE,0,,FALSE,,
REC004516,CUST014,Miss Charlotte Robertson,grahamstewart@coates.info,Leeds,MTR0014,Flat,04/01/2024 01:26:24,1.27,1.15,FALSE,0,,FALSE,,
REC004517,CUST014,Miss Charlotte Robertson,grahamstewart@coates.info,Leeds,MTR0014,Flat,04/01/2024 01:55:12,1.04,1.04,FALSE,0,,FALSE,,
REC004518,CUST014,Miss Charlotte Robertson,grahamstewart@coates.info,Leeds,MTR0014,Flat,04/01/2024 02:24:00,0.6,0.66,FALSE,0,,FALSE,,
REC004519,CUST014,Miss Charlotte Robertson,grahamstewart@coates.info,Leeds,MTR0014,Flat,04/01/2024 03:07:12,0.36,0.58,FALSE,0,,FALSE,,
REC004520,CUST014,Miss Charlotte Robertson,grahamstewart@coates.info,Leeds,MTR0014,Flat,04/01/2024 03:36:00,0.6,0.69,FALSE,0,,FALSE,,
REC004521,CUST014,Miss Charlotte Robertson,grahamstewart@coates.info,Leeds,MTR0014,Flat,04/01/2024 04:04:48,1.41,1.18,FALSE,0,,FALSE,,
REC004522,CUST014,Miss Charlotte Robertson,grahamstewart@coates.info,Leeds,MTR0014,Flat,04/01/2024 04:33:36,1.01,1.05,FALSE,0,,FALSE,,
REC004523,CUST014,Miss Charlotte Robertson,grahamstewart@coates.info,Leeds,MTR0014,Flat,04/01/2024 05:02:24,0.43,0.62,FALSE,0,,FALSE,,
REC004524,CUST014,Miss Charlotte Robertson,grahamstewart@coates.info,Leeds,MTR0014,Flat,04/01/2024 05:31:12,0.49,0.64,FALSE,0,,FALSE,,
REC004525,CUST014,Miss Charlotte Robertson,grahamstewart@coates.info,Leeds,MTR0014,Flat,04/01/2024 06:00:00,1.11,1.13,FALSE,0,,FALSE,,
REC004526,CUST014,Miss Charlotte Robertson,grahamstewart@coates.info,Leeds,MTR0014,Flat,04/01/2024 06:28:48,0.3,0.39,FALSE,0,,FALSE,,
REC004527,CUST014,Miss Charlotte Robertson,grahamstewart@coates.info,Leeds,MTR0014,Flat,04/01/2024 06:57:36,0.87,0.86,FALSE,0,,FALSE,,
REC004528,CUST014,Miss Charlotte Robertson,grahamstewart@coates.info,Leeds,MTR0014,Flat,04/01/2024 07:26:24,0.19,0.31,FALSE,0,,FALSE,,
REC004529,CUST014,Miss Charlotte Robertson,grahamstewart@coates.info,Leeds,MTR0014,Flat,04/01/2024 07:55:12,0.56,0.58,FALSE,0,,FALSE,,
REC004530,CUST014,Miss Charlotte Robertson,grahamstewart@coates.info,Leeds,MTR0014,Flat,04/01/2024 08:24:00,1.38,1.18,FALSE,0,,FALSE,,
REC004531,CUST014,Miss Charlotte Robertson,grahamstewart@coates.info,Leeds,MTR0014,Flat,04/01/2024 09:07:12,1.05,1.09,FALSE,0,,FALSE,,
REC004532,CUST014,Miss Charlotte Robertson,grahamstewart@coates.info,Leeds,MTR0014,Flat,04/01/2024 09:36:00,1.05,1.06,FALSE,0,,FALSE,,
REC004533,CUST014,Miss Charlotte Robertson,grahamstewart@coates.info,Leeds,MTR0014,Flat,04/01/2024 10:04:48,1.1,1.12,FALSE,0,,FALSE,,
REC004534,CUST014,Miss Charlotte Robertson,grahamstewart@coates.info,Leeds,MTR0014,Flat,04/01/2024 10:33:36,1.22,1.2,FALSE,0,,FALSE,,
REC004535,CUST014,Miss Charlotte Robertson,grahamstewart@coates.info,Leeds,MTR0014,Flat,04/01/2024 11:02:24,0.58,0.53,FALSE,0,,FALSE,,
REC004536,CUST014,Miss Charlotte Robertson,grahamstewart@coates.info,Leeds,MTR0014,Flat,04/01/2024 11:31:12,0.54,0.51,FALSE,0,,FALSE,,
REC004537,CUST014,Miss Charlotte Robertson,grahamstewart@coates.info,Leeds,MTR0014,Flat,04/01/2024 12:00:00,1.13,1.12,FALSE,0,,FALSE,,
REC004538,CUST014,Miss Charlotte Robertson,grahamstewart@coates.info,Leeds,MTR0014,Flat,04/01/2024 12:28:48,0.76,0.78,FALSE,0,,FALSE,,
REC004539,CUST014,Miss Charlotte Robertson,grahamstewart@coates.info,Leeds,MTR0014,Flat,04/01/2024 12:57:36,0.8,0.73,FALSE,0,,FALSE,,
REC004540,CUST014,Miss Charlotte Robertson,grahamstewart@coates.info,Leeds,MTR0014,Flat,04/01/2024 13:26:24,0.37,0.47,FALSE,0,,FALSE,,
REC004541,CUST014,Miss Charlotte Robertson,grahamstewart@coates.info,Leeds,MTR0014,Flat,04/01/2024 13:55:12,0.75,0.8,FALSE,0,,FALSE,,
REC004542,CUST014,Miss Charlotte Robertson,grahamstewart@coates.info,Leeds,MTR0014,Flat,04/01/2024 14:24:00,0.36,0.51,FALSE,0,,FALSE,,
REC004543,CUST014,Miss Charlotte Robertson,grahamstewart@coates.info,Leeds,MTR0014,Flat,04/01/2024 15:07:12,0.78,0.74,FALSE,0,,FALSE,,
REC004544,CUST014,Miss Charlotte Robertson,grahamstewart@coates.info,Leeds,MTR0014,Flat,04/01/2024 15:36:00,0.89,0.82,FALSE,0,,FALSE,,
REC004545,CUST014,Miss Charlotte Robertson,grahamstewart@coates.info,Leeds,MTR0014,Flat,04/01/2024 16:04:48,0.29,0.38,FALSE,0,,FALSE,,
REC004546,CUST014,Miss Charlotte Robertson,grahamstewart@coates.info,Leeds,MTR0014,Flat,04/01/2024 16:33:36,1.06,1.01,FALSE,0,,FALSE,,
REC004547,CUST014,Miss Charlotte Robertson,grahamstewart@coates.info,Leeds,MTR0014,Flat,04/01/2024 17:02:24,0.35,0.53,FALSE,0,,FALSE,,
REC004548,CUST014,Miss Charlotte Robertson,grahamstewart@coates.info,Leeds,MTR0014,Flat,04/01/2024 17:31:12,0.97,1.07,FALSE,0,,FALSE,,
REC004549,CUST014,Miss Charlotte Robertson,grahamstewart@coates.info,Leeds,MTR0014,Flat,04/01/2024 18:00:00,0.3,0.41,FALSE,0,,FALSE,,
REC004550,CUST014,Miss Charlotte Robertson,grahamstewart@coates.info,Leeds,MTR0014,Flat,04/01/2024 18:28:48,0.95,0.93,FALSE,0,,FALSE,,
REC004551,CUST014,Miss Charlotte Robertson,grahamstewart@coates.info,Leeds,MTR0014,Flat,04/01/2024 18:57:36,1.06,1.11,FALSE,0,,FALSE,,
REC004552,CUST014,Miss Charlotte Robertson,grahamstewart@coates.info,Leeds,MTR0014,Flat,04/01/2024 19:26:24,0.85,1.13,FALSE,0,,FALSE,,
REC004553,CUST014,Miss Charlotte Robertson,grahamstewart@coates.info,Leeds,MTR0014,Flat,04/01/2024 19:55:12,1.04,0.77,FALSE,0,,FALSE,,
REC004554,CUST014,Miss Charlotte Robertson,grahamstewart@coates.info,Leeds,MTR0014,Flat,04/01/2024 20:24:00,0.88,0.92,FALSE,0,,FALSE,,
REC004555,CUST014,Miss Charlotte Robertson,grahamstewart@coates.info,Leeds,MTR0014,Flat,04/01/2024 21:07:12,0.37,0.4,FALSE,0,,FALSE,,
REC004556,CUST014,Miss Charlotte Robertson,grahamstewart@coates.info,Leeds,MTR0014,Flat,04/01/2024 21:36:00,0.5,0.37,FALSE,0,,FALSE,,
REC004557,CUST014,Miss Charlotte Robertson,grahamstewart@coates.info,Leeds,MTR0014,Flat,04/01/2024 22:04:48,0.93,1.01,FALSE,0,,FALSE,,
REC004558,CUST014,Miss Charlotte Robertson,grahamstewart@coates.info,Leeds,MTR0014,Flat,04/01/2024 22:33:36,0.85,0.87,FALSE,0,,FALSE,,
REC004559,CUST014,Miss Charlotte Robertson,grahamstewart@coates.info,Leeds,MTR0014,Flat,04/01/2024 23:02:24,1.21,1.09,FALSE,0,,FALSE,,
REC004560,CUST014,Miss Charlotte Robertson,grahamstewart@coates.info,Leeds,MTR0014,Flat,04/01/2024 23:31:12,0.59,0.63,FALSE,0,,FALSE,,
REC004561,CUST014,Miss Charlotte Robertson,grahamstewart@coates.info,Leeds,MTR0014,Flat,05/01/2024 00:00:00,0.68,0.84,FALSE,0,,FALSE,,
REC004562,CUST014,Miss Charlotte Robertson,grahamstewart@coates.info,Leeds,MTR0014,Flat,05/01/2024 00:28:48,1.24,1.11,FALSE,0,,FALSE,,
REC004563,CUST014,Miss Charlotte Robertson,grahamstewart@coates.info,Leeds,MTR0014,Flat,05/01/2024 00:57:36,0.76,0.75,FALSE,0,,FALSE,,
REC004564,CUST014,Miss Charlotte Robertson,grahamstewart@coates.info,Leeds,MTR0014,Flat,05/01/2024 01:26:24,0.74,0.74,FALSE,0,,FALSE,,
REC004565,CUST014,Miss Charlotte Robertson,grahamstewart@coates.info,Leeds,MTR0014,Flat,05/01/2024 01:55:12,0.6,0.46,FALSE,0,,FALSE,,
REC004566,CUST014,Miss Charlotte Robertson,grahamstewart@coates.info,Leeds,MTR0014,Flat,05/01/2024 02:24:00,1.01,1,FALSE,0,,FALSE,,
REC004567,CUST014,Miss Charlotte Robertson,grahamstewart@coates.info,Leeds,MTR0014,Flat,05/01/2024 03:07:12,0.91,1.01,FALSE,0,,FALSE,,
REC004568,CUST014,Miss Charlotte Robertson,grahamstewart@coates.info,Leeds,MTR0014,Flat,05/01/2024 03:36:00,1.17,1.08,FALSE,0,,FALSE,,
REC004569,CUST014,Miss Charlotte Robertson,grahamstewart@coates.info,Leeds,MTR0014,Flat,05/01/2024 04:04:48,1.07,1.1,FALSE,0,,FALSE,,
REC004570,CUST014,Miss Charlotte Robertson,grahamstewart@coates.info,Leeds,MTR0014,Flat,05/01/2024 04:33:36,1.15,1.18,FALSE,0,,FALSE,,
REC004571,CUST014,Miss Charlotte Robertson,grahamstewart@coates.info,Leeds,MTR0014,Flat,05/01/2024 05:02:24,1.29,1.08,FALSE,0,,FALSE,,
REC004572,CUST014,Miss Charlotte Robertson,grahamstewart@coates.info,Leeds,MTR0014,Flat,05/01/2024 05:31:12,0.85,0.79,FALSE,0,,FALSE,,
REC004573,CUST014,Miss Charlotte Robertson,grahamstewart@coates.info,Leeds,MTR0014,Flat,05/01/2024 06:00:00,0.35,0.35,FALSE,0,,FALSE,,
REC004574,CUST014,Miss Charlotte Robertson,grahamstewart@coates.info,Leeds,MTR0014,Flat,05/01/2024 06:28:48,1.05,0.88,FALSE,0,,FALSE,,
REC004575,CUST014,Miss Charlotte Robertson,grahamstewart@coates.info,Leeds,MTR0014,Flat,05/01/2024 06:57:36,0.62,0.75,FALSE,0,,FALSE,,
REC004576,CUST014,Miss Charlotte Robertson,grahamstewart@coates.info,Leeds,MTR0014,Flat,05/01/2024 07:26:24,0.55,0.55,FALSE,0,,FALSE,,
REC004577,CUST014,Miss Charlotte Robertson,grahamstewart@coates.info,Leeds,MTR0014,Flat,05/01/2024 07:55:12,0.39,0.44,FALSE,0,,FALSE,,
REC004578,CUST014,Miss Charlotte Robertson,grahamstewart@coates.info,Leeds,MTR0014,Flat,05/01/2024 08:24:00,0.76,0.83,FALSE,0,,FALSE,,
REC004579,CUST014,Miss Charlotte Robertson,grahamstewart@coates.info,Leeds,MTR0014,Flat,05/01/2024 09:07:12,0.89,0.85,FALSE,0,,FALSE,,
REC004580,CUST014,Miss Charlotte Robertson,grahamstewart@coates.info,Leeds,MTR0014,Flat,05/01/2024 09:36:00,0.96,1.01,FALSE,0,,FALSE,,
REC004581,CUST014,Miss Charlotte Robertson,grahamstewart@coates.info,Leeds,MTR0014,Flat,05/01/2024 10:04:48,0.54,0.51,FALSE,0,,FALSE,,
REC004582,CUST014,Miss Charlotte Robertson,grahamstewart@coates.info,Leeds,MTR0014,Flat,05/01/2024 10:33:36,1.03,1.04,FALSE,0,,FALSE,,
REC004583,CUST014,Miss Charlotte Robertson,grahamstewart@coates.info,Leeds,MTR0014,Flat,05/01/2024 11:02:24,0.91,0.93,FALSE,0,,FALSE,,
REC004584,CUST014,Miss Charlotte Robertson,grahamstewart@coates.info,Leeds,MTR0014,Flat,05/01/2024 11:31:12,0.72,0.8,FALSE,0,,FALSE,,
REC004585,CUST014,Miss Charlotte Robertson,grahamstewart@coates.info,Leeds,MTR0014,Flat,05/01/2024 12:00:00,0.69,0.47,TRUE,46.81,Overnight appliance,TRUE,1/5/2024 12:02,TRUE
REC004586,CUST014,Miss Charlotte Robertson,grahamstewart@coates.info,Leeds,MTR0014,Flat,05/01/2024 12:28:48,0.48,0.59,FALSE,0,,FALSE,,
REC004587,CUST014,Miss Charlotte Robertson,grahamstewart@coates.info,Leeds,MTR0014,Flat,05/01/2024 12:57:36,0.95,1,FALSE,0,,FALSE,,
REC004588,CUST014,Miss Charlotte Robertson,grahamstewart@coates.info,Leeds,MTR0014,Flat,05/01/2024 13:26:24,1.14,1.05,FALSE,0,,FALSE,,
REC004589,CUST014,Miss Charlotte Robertson,grahamstewart@coates.info,Leeds,MTR0014,Flat,05/01/2024 13:55:12,0.36,0.39,FALSE,0,,FALSE,,
REC004590,CUST014,Miss Charlotte Robertson,grahamstewart@coates.info,Leeds,MTR0014,Flat,05/01/2024 14:24:00,0.39,0.37,FALSE,0,,FALSE,,
REC004591,CUST014,Miss Charlotte Robertson,grahamstewart@coates.info,Leeds,MTR0014,Flat,05/01/2024 15:07:12,0.97,0.88,FALSE,0,,FALSE,,
REC004592,CUST014,Miss Charlotte Robertson,grahamstewart@coates.info,Leeds,MTR0014,Flat,05/01/2024 15:36:00,0.62,0.63,FALSE,0,,FALSE,,
REC004593,CUST014,Miss Charlotte Robertson,grahamstewart@coates.info,Leeds,MTR0014,Flat,05/01/2024 16:04:48,0.25,0.56,FALSE,0,,FALSE,,
REC004594,CUST014,Miss Charlotte Robertson,grahamstewart@coates.info,Leeds,MTR0014,Flat,05/01/2024 16:33:36,0.62,0.61,FALSE,0,,FALSE,,
REC004595,CUST014,Miss Charlotte Robertson,grahamstewart@coates.info,Leeds,MTR0014,Flat,05/01/2024 17:02:24,0.98,0.92,FALSE,0,,FALSE,,
REC004596,CUST014,Miss Charlotte Robertson,grahamstewart@coates.info,Leeds,MTR0014,Flat,05/01/2024 17:31:12,1.22,1.18,FALSE,0,,FALSE,,
REC004597,CUST014,Miss Charlotte Robertson,grahamstewart@coates.info,Leeds,MTR0014,Flat,05/01/2024 18:00:00,0.46,0.54,FALSE,0,,FALSE,,
REC004598,CUST014,Miss Charlotte Robertson,grahamstewart@coates.info,Leeds,MTR0014,Flat,05/01/2024 18:28:48,1.06,0.91,FALSE,0,,FALSE,,
REC004599,CUST014,Miss Charlotte Robertson,grahamstewart@coates.info,Leeds,MTR0014,Flat,05/01/2024 18:57:36,0.57,0.73,FALSE,0,,FALSE,,
REC004600,CUST014,Miss Charlotte Robertson,grahamstewart@coates.info,Leeds,MTR0014,Flat,05/01/2024 19:26:24,0.6,0.63,FALSE,0,,FALSE,,
REC004601,CUST014,Miss Charlotte Robertson,grahamstewart@coates.info,Leeds,MTR0014,Flat,05/01/2024 19:55:12,0.39,0.32,FALSE,0,,FALSE,,
REC004602,CUST014,Miss Charlotte Robertson,grahamstewart@coates.info,Leeds,MTR0014,Flat,05/01/2024 20:24:00,1.11,0.77,TRUE,44.16,Heater malfunction,TRUE,1/5/2024 20:37,TRUE
REC004603,CUST014,Miss Charlotte Robertson,grahamstewart@coates.info,Leeds,MTR0014,Flat,05/01/2024 21:07:12,1.07,1.18,FALSE,0,,FALSE,,
REC004604,CUST014,Miss Charlotte Robertson,grahamstewart@coates.info,Leeds,MTR0014,Flat,05/01/2024 21:36:00,0.43,0.62,FALSE,0,,FALSE,,
REC004605,CUST014,Miss Charlotte Robertson,grahamstewart@coates.info,Leeds,MTR0014,Flat,05/01/2024 22:04:48,1.28,1.02,FALSE,0,,FALSE,,
REC004606,CUST014,Miss Charlotte Robertson,grahamstewart@coates.info,Leeds,MTR0014,Flat,05/01/2024 22:33:36,1.16,1.07,FALSE,0,,FALSE,,
REC004607,CUST014,Miss Charlotte Robertson,grahamstewart@coates.info,Leeds,MTR0014,Flat,05/01/2024 23:02:24,1.07,1.03,FALSE,0,,FALSE,,
REC004608,CUST014,Miss Charlotte Robertson,grahamstewart@coates.info,Leeds,MTR0014,Flat,05/01/2024 23:31:12,0.62,0.69,FALSE,0,,FALSE,,
REC004609,CUST014,Miss Charlotte Robertson,grahamstewart@coates.info,Leeds,MTR0014,Flat,06/01/2024 00:00:00,0.57,0.57,FALSE,0,,FALSE,,
REC004610,CUST014,Miss Charlotte Robertson,grahamstewart@coates.info,Leeds,MTR0014,Flat,06/01/2024 00:28:48,0.56,0.62,FALSE,0,,FALSE,,
REC004611,CUST014,Miss Charlotte Robertson,grahamstewart@coates.info,Leeds,MTR0014,Flat,06/01/2024 00:57:36,0.63,0.53,FALSE,0,,FALSE,,
REC004612,CUST014,Miss Charlotte Robertson,grahamstewart@coates.info,Leeds,MTR0014,Flat,06/01/2024 01:26:24,0.59,0.52,FALSE,0,,FALSE,,
REC004613,CUST014,Miss Charlotte Robertson,grahamstewart@coates.info,Leeds,MTR0014,Flat,06/01/2024 01:55:12,0.36,0.34,FALSE,0,,FALSE,,
REC004614,CUST014,Miss Charlotte Robertson,grahamstewart@coates.info,Leeds,MTR0014,Flat,06/01/2024 02:24:00,0.65,0.59,FALSE,0,,FALSE,,
REC004615,CUST014,Miss Charlotte Robertson,grahamstewart@coates.info,Leeds,MTR0014,Flat,06/01/2024 03:07:12,0.55,0.52,FALSE,0,,FALSE,,
REC004616,CUST014,Miss Charlotte Robertson,grahamstewart@coates.info,Leeds,MTR0014,Flat,06/01/2024 03:36:00,0.35,0.45,FALSE,0,,FALSE,,
REC004617,CUST014,Miss Charlotte Robertson,grahamstewart@coates.info,Leeds,MTR0014,Flat,06/01/2024 04:04:48,0.62,0.78,FALSE,0,,FALSE,,
REC004618,CUST014,Miss Charlotte Robertson,grahamstewart@coates.info,Leeds,MTR0014,Flat,06/01/2024 04:33:36,0.4,0.33,FALSE,0,,FALSE,,
REC004619,CUST014,Miss Charlotte Robertson,grahamstewart@coates.info,Leeds,MTR0014,Flat,06/01/2024 05:02:24,0.43,0.33,FALSE,0,,FALSE,,
REC004620,CUST014,Miss Charlotte Robertson,grahamstewart@coates.info,Leeds,MTR0014,Flat,06/01/2024 05:31:12,0.63,0.69,FALSE,0,,FALSE,,
REC004621,CUST014,Miss Charlotte Robertson,grahamstewart@coates.info,Leeds,MTR0014,Flat,06/01/2024 06:00:00,0.89,0.71,FALSE,0,,FALSE,,
REC004622,CUST014,Miss Charlotte Robertson,grahamstewart@coates.info,Leeds,MTR0014,Flat,06/01/2024 06:28:48,0.56,0.55,FALSE,0,,FALSE,,
REC004623,CUST014,Miss Charlotte Robertson,grahamstewart@coates.info,Leeds,MTR0014,Flat,06/01/2024 06:57:36,0.22,0.41,FALSE,0,,FALSE,,
REC004624,CUST014,Miss Charlotte Robertson,grahamstewart@coates.info,Leeds,MTR0014,Flat,06/01/2024 07:26:24,0.76,0.7,FALSE,0,,FALSE,,
REC004625,CUST014,Miss Charlotte Robertson,grahamstewart@coates.info,Leeds,MTR0014,Flat,06/01/2024 07:55:12,1.12,0.88,FALSE,0,,FALSE,,
REC004626,CUST014,Miss Charlotte Robertson,grahamstewart@coates.info,Leeds,MTR0014,Flat,06/01/2024 08:24:00,0.78,0.79,FALSE,0,,FALSE,,
REC004627,CUST014,Miss Charlotte Robertson,grahamstewart@coates.info,Leeds,MTR0014,Flat,06/01/2024 09:07:12,1,0.97,FALSE,0,,FALSE,,
REC004628,CUST014,Miss Charlotte Robertson,grahamstewart@coates.info,Leeds,MTR0014,Flat,06/01/2024 09:36:00,1.09,0.91,FALSE,0,,FALSE,,
REC004629,CUST014,Miss Charlotte Robertson,grahamstewart@coates.info,Leeds,MTR0014,Flat,06/01/2024 10:04:48,0.9,1.09,FALSE,0,,FALSE,,
REC004630,CUST014,Miss Charlotte Robertson,grahamstewart@coates.info,Leeds,MTR0014,Flat,06/01/2024 10:33:36,0.84,0.99,FALSE,0,,FALSE,,
REC004631,CUST014,Miss Charlotte Robertson,grahamstewart@coates.info,Leeds,MTR0014,Flat,06/01/2024 11:02:24,0.83,0.82,FALSE,0,,FALSE,,
REC004632,CUST014,Miss Charlotte Robertson,grahamstewart@coates.info,Leeds,MTR0014,Flat,06/01/2024 11:31:12,0.63,0.69,FALSE,0,,FALSE,,
REC004633,CUST014,Miss Charlotte Robertson,grahamstewart@coates.info,Leeds,MTR0014,Flat,06/01/2024 12:00:00,0.61,0.6,FALSE,0,,FALSE,,
REC004634,CUST014,Miss Charlotte Robertson,grahamstewart@coates.info,Leeds,MTR0014,Flat,06/01/2024 12:28:48,0.64,0.73,FALSE,0,,FALSE,,
REC004635,CUST014,Miss Charlotte Robertson,grahamstewart@coates.info,Leeds,MTR0014,Flat,06/01/2024 12:57:36,0.53,0.39,FALSE,0,,FALSE,,
REC004636,CUST014,Miss Charlotte Robertson,grahamstewart@coates.info,Leeds,MTR0014,Flat,06/01/2024 13:26:24,1.06,0.99,FALSE,0,,FALSE,,
REC004637,CUST014,Miss Charlotte Robertson,grahamstewart@coates.info,Leeds,MTR0014,Flat,06/01/2024 13:55:12,1.17,1.11,FALSE,0,,FALSE,,
REC004638,CUST014,Miss Charlotte Robertson,grahamstewart@coates.info,Leeds,MTR0014,Flat,06/01/2024 14:24:00,1.07,1.08,FALSE,0,,FALSE,,
REC004639,CUST014,Miss Charlotte Robertson,grahamstewart@coates.info,Leeds,MTR0014,Flat,06/01/2024 15:07:12,0.55,0.57,FALSE,0,,FALSE,,
REC004640,CUST014,Miss Charlotte Robertson,grahamstewart@coates.info,Leeds,MTR0014,Flat,06/01/2024 15:36:00,0.54,0.66,FALSE,0,,FALSE,,
REC004641,CUST014,Miss Charlotte Robertson,grahamstewart@coates.info,Leeds,MTR0014,Flat,06/01/2024 16:04:48,0.97,0.82,FALSE,0,,FALSE,,
REC004642,CUST014,Miss Charlotte Robertson,grahamstewart@coates.info,Leeds,MTR0014,Flat,06/01/2024 16:33:36,0.81,0.76,FALSE,0,,FALSE,,
REC004643,CUST014,Miss Charlotte Robertson,grahamstewart@coates.info,Leeds,MTR0014,Flat,06/01/2024 17:02:24,0.35,0.39,FALSE,0,,FALSE,,
REC004644,CUST014,Miss Charlotte Robertson,grahamstewart@coates.info,Leeds,MTR0014,Flat,06/01/2024 17:31:12,1.25,1.17,FALSE,0,,FALSE,,
REC004645,CUST014,Miss Charlotte Robertson,grahamstewart@coates.info,Leeds,MTR0014,Flat,06/01/2024 18:00:00,0.49,0.41,FALSE,0,,FALSE,,
REC004646,CUST014,Miss Charlotte Robertson,grahamstewart@coates.info,Leeds,MTR0014,Flat,06/01/2024 18:28:48,0.74,0.69,FALSE,0,,FALSE,,
REC004647,CUST014,Miss Charlotte Robertson,grahamstewart@coates.info,Leeds,MTR0014,Flat,06/01/2024 18:57:36,1.32,1.14,FALSE,0,,FALSE,,
REC004648,CUST014,Miss Charlotte Robertson,grahamstewart@coates.info,Leeds,MTR0014,Flat,06/01/2024 19:26:24,1.18,1.06,FALSE,0,,FALSE,,
REC004649,CUST014,Miss Charlotte Robertson,grahamstewart@coates.info,Leeds,MTR0014,Flat,06/01/2024 19:55:12,0.64,0.57,FALSE,0,,FALSE,,
REC004650,CUST014,Miss Charlotte Robertson,grahamstewart@coates.info,Leeds,MTR0014,Flat,06/01/2024 20:24:00,1.08,1.11,FALSE,0,,FALSE,,
REC004651,CUST014,Miss Charlotte Robertson,grahamstewart@coates.info,Leeds,MTR0014,Flat,06/01/2024 21:07:12,1.15,1.18,FALSE,0,,FALSE,,
REC004652,CUST014,Miss Charlotte Robertson,grahamstewart@coates.info,Leeds,MTR0014,Flat,06/01/2024 21:36:00,1.31,1.19,FALSE,0,,FALSE,,
REC004653,CUST014,Miss Charlotte Robertson,grahamstewart@coates.info,Leeds,MTR0014,Flat,06/01/2024 22:04:48,0.87,0.73,FALSE,0,,FALSE,,
REC004654,CUST014,Miss Charlotte Robertson,grahamstewart@coates.info,Leeds,MTR0014,Flat,06/01/2024 22:33:36,0.84,0.59,TRUE,42.37,Heater malfunction,TRUE,1/6/2024 22:48,FALSE
REC004655,CUST014,Miss Charlotte Robertson,grahamstewart@coates.info,Leeds,MTR0014,Flat,06/01/2024 23:02:24,0.38,0.37,FALSE,0,,FALSE,,
REC004656,CUST014,Miss Charlotte Robertson,grahamstewart@coates.info,Leeds,MTR0014,Flat,06/01/2024 23:31:12,0.44,0.43,FALSE,0,,FALSE,,
REC004657,CUST014,Miss Charlotte Robertson,grahamstewart@coates.info,Leeds,MTR0014,Flat,07/01/2024 00:00:00,0.87,1,FALSE,0,,FALSE,,
REC004658,CUST014,Miss Charlotte Robertson,grahamstewart@coates.info,Leeds,MTR0014,Flat,07/01/2024 00:28:48,0.71,0.53,FALSE,0,,FALSE,,
REC004659,CUST014,Miss Charlotte Robertson,grahamstewart@coates.info,Leeds,MTR0014,Flat,07/01/2024 00:57:36,1.11,1.07,FALSE,0,,FALSE,,
REC004660,CUST014,Miss Charlotte Robertson,grahamstewart@coates.info,Leeds,MTR0014,Flat,07/01/2024 01:26:24,1.03,0.85,FALSE,0,,FALSE,,
REC004661,CUST014,Miss Charlotte Robertson,grahamstewart@coates.info,Leeds,MTR0014,Flat,07/01/2024 01:55:12,0.24,0.38,FALSE,0,,FALSE,,
REC004662,CUST014,Miss Charlotte Robertson,grahamstewart@coates.info,Leeds,MTR0014,Flat,07/01/2024 02:24:00,0.48,0.49,FALSE,0,,FALSE,,
REC004663,CUST014,Miss Charlotte Robertson,grahamstewart@coates.info,Leeds,MTR0014,Flat,07/01/2024 03:07:12,0.88,0.9,FALSE,0,,FALSE,,
REC004664,CUST014,Miss Charlotte Robertson,grahamstewart@coates.info,Leeds,MTR0014,Flat,07/01/2024 03:36:00,0.57,0.49,FALSE,0,,FALSE,,
REC004665,CUST014,Miss Charlotte Robertson,grahamstewart@coates.info,Leeds,MTR0014,Flat,07/01/2024 04:04:48,0.92,0.88,FALSE,0,,FALSE,,
REC004666,CUST014,Miss Charlotte Robertson,grahamstewart@coates.info,Leeds,MTR0014,Flat,07/01/2024 04:33:36,1.14,1.08,FALSE,0,,FALSE,,
REC004667,CUST014,Miss Charlotte Robertson,grahamstewart@coates.info,Leeds,MTR0014,Flat,07/01/2024 05:02:24,0.72,0.78,FALSE,0,,FALSE,,
REC004668,CUST014,Miss Charlotte Robertson,grahamstewart@coates.info,Leeds,MTR0014,Flat,07/01/2024 05:31:12,0.65,0.61,FALSE,0,,FALSE,,
REC004669,CUST014,Miss Charlotte Robertson,grahamstewart@coates.info,Leeds,MTR0014,Flat,07/01/2024 06:00:00,0.73,0.65,FALSE,0,,FALSE,,
REC004670,CUST014,Miss Charlotte Robertson,grahamstewart@coates.info,Leeds,MTR0014,Flat,07/01/2024 06:28:48,1.09,1.09,FALSE,0,,FALSE,,
REC004671,CUST014,Miss Charlotte Robertson,grahamstewart@coates.info,Leeds,MTR0014,Flat,07/01/2024 06:57:36,0.37,0.42,FALSE,0,,FALSE,,
REC004672,CUST014,Miss Charlotte Robertson,grahamstewart@coates.info,Leeds,MTR0014,Flat,07/01/2024 07:26:24,0.45,0.56,FALSE,0,,FALSE,,
REC004673,CUST014,Miss Charlotte Robertson,grahamstewart@coates.info,Leeds,MTR0014,Flat,07/01/2024 07:55:12,0.95,0.85,FALSE,0,,FALSE,,
REC004674,CUST014,Miss Charlotte Robertson,grahamstewart@coates.info,Leeds,MTR0014,Flat,07/01/2024 08:24:00,0.82,0.77,FALSE,0,,FALSE,,
REC004675,CUST014,Miss Charlotte Robertson,grahamstewart@coates.info,Leeds,MTR0014,Flat,07/01/2024 09:07:12,0.76,0.49,TRUE,55.1,Guest visit,FALSE,,
REC004676,CUST014,Miss Charlotte Robertson,grahamstewart@coates.info,Leeds,MTR0014,Flat,07/01/2024 09:36:00,1.09,0.97,FALSE,0,,FALSE,,
REC004677,CUST014,Miss Charlotte Robertson,grahamstewart@coates.info,Leeds,MTR0014,Flat,07/01/2024 10:04:48,0.36,0.5,FALSE,0,,FALSE,,
REC004678,CUST014,Miss Charlotte Robertson,grahamstewart@coates.info,Leeds,MTR0014,Flat,07/01/2024 10:33:36,1.02,1.16,FALSE,0,,FALSE,,
REC004679,CUST014,Miss Charlotte Robertson,grahamstewart@coates.info,Leeds,MTR0014,Flat,07/01/2024 11:02:24,0.78,0.7,FALSE,0,,FALSE,,
REC004680,CUST014,Miss Charlotte Robertson,grahamstewart@coates.info,Leeds,MTR0014,Flat,07/01/2024 11:31:12,0.62,0.54,FALSE,0,,FALSE,,
REC004681,CUST014,Miss Charlotte Robertson,grahamstewart@coates.info,Leeds,MTR0014,Flat,07/01/2024 12:00:00,0.8,0.81,FALSE,0,,FALSE,,
REC004682,CUST014,Miss Charlotte Robertson,grahamstewart@coates.info,Leeds,MTR0014,Flat,07/01/2024 12:28:48,1.25,1.15,FALSE,0,,FALSE,,
REC004683,CUST014,Miss Charlotte Robertson,grahamstewart@coates.info,Leeds,MTR0014,Flat,07/01/2024 12:57:36,0.53,0.49,FALSE,0,,FALSE,,
REC004684,CUST014,Miss Charlotte Robertson,grahamstewart@coates.info,Leeds,MTR0014,Flat,07/01/2024 13:26:24,1.06,1.04,FALSE,0,,FALSE,,
REC004685,CUST014,Miss Charlotte Robertson,grahamstewart@coates.info,Leeds,MTR0014,Flat,07/01/2024 13:55:12,0.86,1.06,FALSE,0,,FALSE,,
REC004686,CUST014,Miss Charlotte Robertson,grahamstewart@coates.info,Leeds,MTR0014,Flat,07/01/2024 14:24:00,1.26,1.14,FALSE,0,,FALSE,,
REC004687,CUST014,Miss Charlotte Robertson,grahamstewart@coates.info,Leeds,MTR0014,Flat,07/01/2024 15:07:12,0.46,0.69,FALSE,0,,FALSE,,
REC004688,CUST014,Miss Charlotte Robertson,grahamstewart@coates.info,Leeds,MTR0014,Flat,07/01/2024 15:36:00,0.98,0.81,FALSE,0,,FALSE,,
REC004689,CUST014,Miss Charlotte Robertson,grahamstewart@coates.info,Leeds,MTR0014,Flat,07/01/2024 16:04:48,0.93,0.72,FALSE,0,,FALSE,,
REC004690,CUST014,Miss Charlotte Robertson,grahamstewart@coates.info,Leeds,MTR0014,Flat,07/01/2024 16:33:36,0.3,0.43,FALSE,0,,FALSE,,
REC004691,CUST014,Miss Charlotte Robertson,grahamstewart@coates.info,Leeds,MTR0014,Flat,07/01/2024 17:02:24,0.38,0.3,FALSE,0,,FALSE,,
REC004692,CUST014,Miss Charlotte Robertson,grahamstewart@coates.info,Leeds,MTR0014,Flat,07/01/2024 17:31:12,0.29,0.39,FALSE,0,,FALSE,,
REC004693,CUST014,Miss Charlotte Robertson,grahamstewart@coates.info,Leeds,MTR0014,Flat,07/01/2024 18:00:00,1.06,1.12,FALSE,0,,FALSE,,
REC004694,CUST014,Miss Charlotte Robertson,grahamstewart@coates.info,Leeds,MTR0014,Flat,07/01/2024 18:28:48,0.4,0.46,FALSE,0,,FALSE,,
REC004695,CUST014,Miss Charlotte Robertson,grahamstewart@coates.info,Leeds,MTR0014,Flat,07/01/2024 18:57:36,0.35,0.31,FALSE,0,,FALSE,,
REC004696,CUST014,Miss Charlotte Robertson,grahamstewart@coates.info,Leeds,MTR0014,Flat,07/01/2024 19:26:24,0.88,0.85,FALSE,0,,FALSE,,
REC004697,CUST014,Miss Charlotte Robertson,grahamstewart@coates.info,Leeds,MTR0014,Flat,07/01/2024 19:55:12,0.45,0.47,FALSE,0,,FALSE,,
REC004698,CUST014,Miss Charlotte Robertson,grahamstewart@coates.info,Leeds,MTR0014,Flat,07/01/2024 20:24:00,0.98,1.16,FALSE,0,,FALSE,,
REC004699,CUST014,Miss Charlotte Robertson,grahamstewart@coates.info,Leeds,MTR0014,Flat,07/01/2024 21:07:12,0.48,0.52,FALSE,0,,FALSE,,
REC004700,CUST014,Miss Charlotte Robertson,grahamstewart@coates.info,Leeds,MTR0014,Flat,07/01/2024 21:36:00,0.74,0.57,FALSE,0,,FALSE,,
REC004701,CUST014,Miss Charlotte Robertson,grahamstewart@coates.info,Leeds,MTR0014,Flat,07/01/2024 22:04:48,0.79,0.71,FALSE,0,,FALSE,,
REC004702,CUST014,Miss Charlotte Robertson,grahamstewart@coates.info,Leeds,MTR0014,Flat,07/01/2024 22:33:36,0.27,0.36,FALSE,0,,FALSE,,
REC004703,CUST014,Miss Charlotte Robertson,grahamstewart@coates.info,Leeds,MTR0014,Flat,07/01/2024 23:02:24,1.18,1.16,FALSE,0,,FALSE,,
REC004704,CUST014,Miss Charlotte Robertson,grahamstewart@coates.info,Leeds,MTR0014,Flat,07/01/2024 23:31:12,1.01,1.03,FALSE,0,,FALSE,,
REC004705,CUST015,Frederick Daniels,rebeccarowley@allen.com,London,MTR0015,Detached,01/01/2024 00:00:00,1.35,1.17,FALSE,0,,FALSE,,
REC004706,CUST015,Frederick Daniels,rebeccarowley@allen.com,London,MTR0015,Detached,01/01/2024 00:28:48,0.61,0.63,FALSE,0,,FALSE,,
REC004707,CUST015,Frederick Daniels,rebeccarowley@allen.com,London,MTR0015,Detached,01/01/2024 00:57:36,0.35,0.47,FALSE,0,,FALSE,,
REC004708,CUST015,Frederick Daniels,rebeccarowley@allen.com,London,MTR0015,Detached,01/01/2024 01:26:24,1.16,1.18,FALSE,0,,FALSE,,
REC004709,CUST015,Frederick Daniels,rebeccarowley@allen.com,London,MTR0015,Detached,01/01/2024 01:55:12,0.57,0.39,TRUE,46.15,Overnight appliance,TRUE,1/1/2024 02:08,FALSE
REC004710,CUST015,Frederick Daniels,rebeccarowley@allen.com,London,MTR0015,Detached,01/01/2024 02:24:00,0.9,0.78,FALSE,0,,FALSE,,
REC004711,CUST015,Frederick Daniels,rebeccarowley@allen.com,London,MTR0015,Detached,01/01/2024 03:07:12,0.91,0.9,FALSE,0,,FALSE,,
REC004712,CUST015,Frederick Daniels,rebeccarowley@allen.com,London,MTR0015,Detached,01/01/2024 03:36:00,0.46,0.56,FALSE,0,,FALSE,,
REC004713,CUST015,Frederick Daniels,rebeccarowley@allen.com,London,MTR0015,Detached,01/01/2024 04:04:48,1.23,1.15,FALSE,0,,FALSE,,
REC004714,CUST015,Frederick Daniels,rebeccarowley@allen.com,London,MTR0015,Detached,01/01/2024 04:33:36,0.4,0.51,FALSE,0,,FALSE,,
REC004715,CUST015,Frederick Daniels,rebeccarowley@allen.com,London,MTR0015,Detached,01/01/2024 05:02:24,0.79,0.76,FALSE,0,,FALSE,,
REC004716,CUST015,Frederick Daniels,rebeccarowley@allen.com,London,MTR0015,Detached,01/01/2024 05:31:12,0.73,0.66,FALSE,0,,FALSE,,
REC004717,CUST015,Frederick Daniels,rebeccarowley@allen.com,London,MTR0015,Detached,01/01/2024 06:00:00,0.51,0.64,FALSE,0,,FALSE,,
REC004718,CUST015,Frederick Daniels,rebeccarowley@allen.com,London,MTR0015,Detached,01/01/2024 06:28:48,0.85,0.87,FALSE,0,,FALSE,,
REC004719,CUST015,Frederick Daniels,rebeccarowley@allen.com,London,MTR0015,Detached,01/01/2024 06:57:36,0.67,0.63,FALSE,0,,FALSE,,
REC004720,CUST015,Frederick Daniels,rebeccarowley@allen.com,London,MTR0015,Detached,01/01/2024 07:26:24,0.91,0.85,FALSE,0,,FALSE,,
REC004721,CUST015,Frederick Daniels,rebeccarowley@allen.com,London,MTR0015,Detached,01/01/2024 07:55:12,0.69,0.63,FALSE,0,,FALSE,,
REC004722,CUST015,Frederick Daniels,rebeccarowley@allen.com,London,MTR0015,Detached,01/01/2024 08:24:00,0.67,0.74,FALSE,0,,FALSE,,
REC004723,CUST015,Frederick Daniels,rebeccarowley@allen.com,London,MTR0015,Detached,01/01/2024 09:07:12,0.45,0.5,FALSE,0,,FALSE,,
REC004724,CUST015,Frederick Daniels,rebeccarowley@allen.com,London,MTR0015,Detached,01/01/2024 09:36:00,0.96,1,FALSE,0,,FALSE,,
REC004725,CUST015,Frederick Daniels,rebeccarowley@allen.com,London,MTR0015,Detached,01/01/2024 10:04:48,0.25,0.51,FALSE,0,,FALSE,,
REC004726,CUST015,Frederick Daniels,rebeccarowley@allen.com,London,MTR0015,Detached,01/01/2024 10:33:36,0.96,0.82,FALSE,0,,FALSE,,
REC004727,CUST015,Frederick Daniels,rebeccarowley@allen.com,London,MTR0015,Detached,01/01/2024 11:02:24,1.08,1.09,FALSE,0,,FALSE,,
REC004728,CUST015,Frederick Daniels,rebeccarowley@allen.com,London,MTR0015,Detached,01/01/2024 11:31:12,0.42,0.31,FALSE,0,,FALSE,,
REC004729,CUST015,Frederick Daniels,rebeccarowley@allen.com,London,MTR0015,Detached,01/01/2024 12:00:00,0.79,0.68,FALSE,0,,FALSE,,
REC004730,CUST015,Frederick Daniels,rebeccarowley@allen.com,London,MTR0015,Detached,01/01/2024 12:28:48,1.1,0.89,FALSE,0,,FALSE,,
REC004731,CUST015,Frederick Daniels,rebeccarowley@allen.com,London,MTR0015,Detached,01/01/2024 12:57:36,0.33,0.44,FALSE,0,,FALSE,,
REC004732,CUST015,Frederick Daniels,rebeccarowley@allen.com,London,MTR0015,Detached,01/01/2024 13:26:24,1.03,0.98,FALSE,0,,FALSE,,
REC004733,CUST015,Frederick Daniels,rebeccarowley@allen.com,London,MTR0015,Detached,01/01/2024 13:55:12,0.6,0.61,FALSE,0,,FALSE,,
REC004734,CUST015,Frederick Daniels,rebeccarowley@allen.com,London,MTR0015,Detached,01/01/2024 14:24:00,0.67,0.67,FALSE,0,,FALSE,,
REC004735,CUST015,Frederick Daniels,rebeccarowley@allen.com,London,MTR0015,Detached,01/01/2024 15:07:12,1,0.93,FALSE,0,,FALSE,,
REC004736,CUST015,Frederick Daniels,rebeccarowley@allen.com,London,MTR0015,Detached,01/01/2024 15:36:00,0.81,0.87,FALSE,0,,FALSE,,
REC004737,CUST015,Frederick Daniels,rebeccarowley@allen.com,London,MTR0015,Detached,01/01/2024 16:04:48,0.8,0.83,FALSE,0,,FALSE,,
REC004738,CUST015,Frederick Daniels,rebeccarowley@allen.com,London,MTR0015,Detached,01/01/2024 16:33:36,0.62,0.84,FALSE,0,,FALSE,,
REC004739,CUST015,Frederick Daniels,rebeccarowley@allen.com,London,MTR0015,Detached,01/01/2024 17:02:24,0.67,0.73,FALSE,0,,FALSE,,
REC004740,CUST015,Frederick Daniels,rebeccarowley@allen.com,London,MTR0015,Detached,01/01/2024 17:31:12,0.66,0.48,FALSE,0,,FALSE,,
REC004741,CUST015,Frederick Daniels,rebeccarowley@allen.com,London,MTR0015,Detached,01/01/2024 18:00:00,0.57,0.49,FALSE,0,,FALSE,,
REC004742,CUST015,Frederick Daniels,rebeccarowley@allen.com,London,MTR0015,Detached,01/01/2024 18:28:48,0.55,0.48,FALSE,0,,FALSE,,
REC004743,CUST015,Frederick Daniels,rebeccarowley@allen.com,London,MTR0015,Detached,01/01/2024 18:57:36,1.25,1.16,FALSE,0,,FALSE,,
REC004744,CUST015,Frederick Daniels,rebeccarowley@allen.com,London,MTR0015,Detached,01/01/2024 19:26:24,0.94,0.94,FALSE,0,,FALSE,,
REC004745,CUST015,Frederick Daniels,rebeccarowley@allen.com,London,MTR0015,Detached,01/01/2024 19:55:12,1.06,0.95,FALSE,0,,FALSE,,
REC004746,CUST015,Frederick Daniels,rebeccarowley@allen.com,London,MTR0015,Detached,01/01/2024 20:24:00,0.55,0.61,FALSE,0,,FALSE,,
REC004747,CUST015,Frederick Daniels,rebeccarowley@allen.com,London,MTR0015,Detached,01/01/2024 21:07:12,1.02,1.04,FALSE,0,,FALSE,,
REC004748,CUST015,Frederick Daniels,rebeccarowley@allen.com,London,MTR0015,Detached,01/01/2024 21:36:00,0.59,0.61,FALSE,0,,FALSE,,
REC004749,CUST015,Frederick Daniels,rebeccarowley@allen.com,London,MTR0015,Detached,01/01/2024 22:04:48,0.79,0.67,FALSE,0,,FALSE,,
REC004750,CUST015,Frederick Daniels,rebeccarowley@allen.com,London,MTR0015,Detached,01/01/2024 22:33:36,0.32,0.39,FALSE,0,,FALSE,,
REC004751,CUST015,Frederick Daniels,rebeccarowley@allen.com,London,MTR0015,Detached,01/01/2024 23:02:24,0.59,0.62,FALSE,0,,FALSE,,
REC004752,CUST015,Frederick Daniels,rebeccarowley@allen.com,London,MTR0015,Detached,01/01/2024 23:31:12,0.59,0.64,FALSE,0,,FALSE,,
REC004753,CUST015,Frederick Daniels,rebeccarowley@allen.com,London,MTR0015,Detached,02/01/2024 00:00:00,1.17,1,FALSE,0,,FALSE,,
REC004754,CUST015,Frederick Daniels,rebeccarowley@allen.com,London,MTR0015,Detached,02/01/2024 00:28:48,1.09,0.98,FALSE,0,,FALSE,,
REC004755,CUST015,Frederick Daniels,rebeccarowley@allen.com,London,MTR0015,Detached,02/01/2024 00:57:36,0.46,0.41,FALSE,0,,FALSE,,
REC004756,CUST015,Frederick Daniels,rebeccarowley@allen.com,London,MTR0015,Detached,02/01/2024 01:26:24,0.9,0.82,FALSE,0,,FALSE,,
REC004757,CUST015,Frederick Daniels,rebeccarowley@allen.com,London,MTR0015,Detached,02/01/2024 01:55:12,1,1.1,FALSE,0,,FALSE,,
REC004758,CUST015,Frederick Daniels,rebeccarowley@allen.com,London,MTR0015,Detached,02/01/2024 02:24:00,0.75,0.69,FALSE,0,,FALSE,,
REC004759,CUST015,Frederick Daniels,rebeccarowley@allen.com,London,MTR0015,Detached,02/01/2024 03:07:12,0.78,0.74,FALSE,0,,FALSE,,
REC004760,CUST015,Frederick Daniels,rebeccarowley@allen.com,London,MTR0015,Detached,02/01/2024 03:36:00,0.69,0.76,FALSE,0,,FALSE,,
REC004761,CUST015,Frederick Daniels,rebeccarowley@allen.com,London,MTR0015,Detached,02/01/2024 04:04:48,0.16,0.32,FALSE,0,,FALSE,,
REC004762,CUST015,Frederick Daniels,rebeccarowley@allen.com,London,MTR0015,Detached,02/01/2024 04:33:36,0.42,0.41,FALSE,0,,FALSE,,
REC004763,CUST015,Frederick Daniels,rebeccarowley@allen.com,London,MTR0015,Detached,02/01/2024 05:02:24,0.63,0.63,FALSE,0,,FALSE,,
REC004764,CUST015,Frederick Daniels,rebeccarowley@allen.com,London,MTR0015,Detached,02/01/2024 05:31:12,1,1.17,FALSE,0,,FALSE,,
REC004765,CUST015,Frederick Daniels,rebeccarowley@allen.com,London,MTR0015,Detached,02/01/2024 06:00:00,0.85,0.82,FALSE,0,,FALSE,,
REC004766,CUST015,Frederick Daniels,rebeccarowley@allen.com,London,MTR0015,Detached,02/01/2024 06:28:48,0.81,0.73,FALSE,0,,FALSE,,
REC004767,CUST015,Frederick Daniels,rebeccarowley@allen.com,London,MTR0015,Detached,02/01/2024 06:57:36,1.18,1.07,FALSE,0,,FALSE,,
REC004768,CUST015,Frederick Daniels,rebeccarowley@allen.com,London,MTR0015,Detached,02/01/2024 07:26:24,0.55,0.56,FALSE,0,,FALSE,,
REC004769,CUST015,Frederick Daniels,rebeccarowley@allen.com,London,MTR0015,Detached,02/01/2024 07:55:12,0.45,0.42,FALSE,0,,FALSE,,
REC004770,CUST015,Frederick Daniels,rebeccarowley@allen.com,London,MTR0015,Detached,02/01/2024 08:24:00,1.21,1.1,FALSE,0,,FALSE,,
REC004771,CUST015,Frederick Daniels,rebeccarowley@allen.com,London,MTR0015,Detached,02/01/2024 09:07:12,1.14,1.14,FALSE,0,,FALSE,,
REC004772,CUST015,Frederick Daniels,rebeccarowley@allen.com,London,MTR0015,Detached,02/01/2024 09:36:00,0.57,0.64,FALSE,0,,FALSE,,
REC004773,CUST015,Frederick Daniels,rebeccarowley@allen.com,London,MTR0015,Detached,02/01/2024 10:04:48,0.79,0.86,FALSE,0,,FALSE,,
REC004774,CUST015,Frederick Daniels,rebeccarowley@allen.com,London,MTR0015,Detached,02/01/2024 10:33:36,0.89,0.8,FALSE,0,,FALSE,,
REC004775,CUST015,Frederick Daniels,rebeccarowley@allen.com,London,MTR0015,Detached,02/01/2024 11:02:24,0.96,0.94,FALSE,0,,FALSE,,
REC004776,CUST015,Frederick Daniels,rebeccarowley@allen.com,London,MTR0015,Detached,02/01/2024 11:31:12,0.82,0.85,FALSE,0,,FALSE,,
REC004777,CUST015,Frederick Daniels,rebeccarowley@allen.com,London,MTR0015,Detached,02/01/2024 12:00:00,1.07,1.15,FALSE,0,,FALSE,,
REC004778,CUST015,Frederick Daniels,rebeccarowley@allen.com,London,MTR0015,Detached,02/01/2024 12:28:48,0.73,0.76,FALSE,0,,FALSE,,
REC004779,CUST015,Frederick Daniels,rebeccarowley@allen.com,London,MTR0015,Detached,02/01/2024 12:57:36,0.4,0.38,FALSE,0,,FALSE,,
REC004780,CUST015,Frederick Daniels,rebeccarowley@allen.com,London,MTR0015,Detached,02/01/2024 13:26:24,0.79,0.63,FALSE,0,,FALSE,,
REC004781,CUST015,Frederick Daniels,rebeccarowley@allen.com,London,MTR0015,Detached,02/01/2024 13:55:12,0.49,0.36,FALSE,0,,FALSE,,
REC004782,CUST015,Frederick Daniels,rebeccarowley@allen.com,London,MTR0015,Detached,02/01/2024 14:24:00,0.73,0.55,FALSE,0,,FALSE,,
REC004783,CUST015,Frederick Daniels,rebeccarowley@allen.com,London,MTR0015,Detached,02/01/2024 15:07:12,1.07,1.12,FALSE,0,,FALSE,,
REC004784,CUST015,Frederick Daniels,rebeccarowley@allen.com,London,MTR0015,Detached,02/01/2024 15:36:00,0.61,0.79,FALSE,0,,FALSE,,
REC004785,CUST015,Frederick Daniels,rebeccarowley@allen.com,London,MTR0015,Detached,02/01/2024 16:04:48,0.37,0.39,FALSE,0,,FALSE,,
REC004786,CUST015,Frederick Daniels,rebeccarowley@allen.com,London,MTR0015,Detached,02/01/2024 16:33:36,0.43,0.37,FALSE,0,,FALSE,,
REC004787,CUST015,Frederick Daniels,rebeccarowley@allen.com,London,MTR0015,Detached,02/01/2024 17:02:24,0.68,0.65,FALSE,0,,FALSE,,
REC004788,CUST015,Frederick Daniels,rebeccarowley@allen.com,London,MTR0015,Detached,02/01/2024 17:31:12,1.18,0.93,FALSE,0,,FALSE,,
REC004789,CUST015,Frederick Daniels,rebeccarowley@allen.com,London,MTR0015,Detached,02/01/2024 18:00:00,0.43,0.35,FALSE,0,,FALSE,,
REC004790,CUST015,Frederick Daniels,rebeccarowley@allen.com,London,MTR0015,Detached,02/01/2024 18:28:48,0.31,0.37,FALSE,0,,FALSE,,
REC004791,CUST015,Frederick Daniels,rebeccarowley@allen.com,London,MTR0015,Detached,02/01/2024 18:57:36,1.2,1.07,FALSE,0,,FALSE,,
REC004792,CUST015,Frederick Daniels,rebeccarowley@allen.com,London,MTR0015,Detached,02/01/2024 19:26:24,0.28,0.44,FALSE,0,,FALSE,,
REC004793,CUST015,Frederick Daniels,rebeccarowley@allen.com,London,MTR0015,Detached,02/01/2024 19:55:12,0.32,0.36,FALSE,0,,FALSE,,
REC004794,CUST015,Frederick Daniels,rebeccarowley@allen.com,London,MTR0015,Detached,02/01/2024 20:24:00,0.55,0.58,FALSE,0,,FALSE,,
REC004795,CUST015,Frederick Daniels,rebeccarowley@allen.com,London,MTR0015,Detached,02/01/2024 21:07:12,0.9,0.76,FALSE,0,,FALSE,,
REC004796,CUST015,Frederick Daniels,rebeccarowley@allen.com,London,MTR0015,Detached,02/01/2024 21:36:00,0.93,0.89,FALSE,0,,FALSE,,
REC004797,CUST015,Frederick Daniels,rebeccarowley@allen.com,London,MTR0015,Detached,02/01/2024 22:04:48,0.78,0.85,FALSE,0,,FALSE,,
REC004798,CUST015,Frederick Daniels,rebeccarowley@allen.com,London,MTR0015,Detached,02/01/2024 22:33:36,0.42,0.67,FALSE,0,,FALSE,,
REC004799,CUST015,Frederick Daniels,rebeccarowley@allen.com,London,MTR0015,Detached,02/01/2024 23:02:24,0.95,1.06,FALSE,0,,FALSE,,
REC004800,CUST015,Frederick Daniels,rebeccarowley@allen.com,London,MTR0015,Detached,02/01/2024 23:31:12,1.16,1.1,FALSE,0,,FALSE,,
REC004801,CUST015,Frederick Daniels,rebeccarowley@allen.com,London,MTR0015,Detached,03/01/2024 00:00:00,1.32,1.07,FALSE,0,,FALSE,,
REC004802,CUST015,Frederick Daniels,rebeccarowley@allen.com,London,MTR0015,Detached,03/01/2024 00:28:48,0.54,0.55,FALSE,0,,FALSE,,
REC004803,CUST015,Frederick Daniels,rebeccarowley@allen.com,London,MTR0015,Detached,03/01/2024 00:57:36,0.78,0.95,FALSE,0,,FALSE,,
REC004804,CUST015,Frederick Daniels,rebeccarowley@allen.com,London,MTR0015,Detached,03/01/2024 01:26:24,0.41,0.32,FALSE,0,,FALSE,,
REC004805,CUST015,Frederick Daniels,rebeccarowley@allen.com,London,MTR0015,Detached,03/01/2024 01:55:12,1.03,0.98,FALSE,0,,FALSE,,
REC004806,CUST015,Frederick Daniels,rebeccarowley@allen.com,London,MTR0015,Detached,03/01/2024 02:24:00,0.63,0.68,FALSE,0,,FALSE,,
REC004807,CUST015,Frederick Daniels,rebeccarowley@allen.com,London,MTR0015,Detached,03/01/2024 03:07:12,0.7,0.82,FALSE,0,,FALSE,,
REC004808,CUST015,Frederick Daniels,rebeccarowley@allen.com,London,MTR0015,Detached,03/01/2024 03:36:00,0.95,1,FALSE,0,,FALSE,,
REC004809,CUST015,Frederick Daniels,rebeccarowley@allen.com,London,MTR0015,Detached,03/01/2024 04:04:48,0.69,0.69,FALSE,0,,FALSE,,
REC004810,CUST015,Frederick Daniels,rebeccarowley@allen.com,London,MTR0015,Detached,03/01/2024 04:33:36,0.88,0.9,FALSE,0,,FALSE,,
REC004811,CUST015,Frederick Daniels,rebeccarowley@allen.com,London,MTR0015,Detached,03/01/2024 05:02:24,0.47,0.58,FALSE,0,,FALSE,,
REC004812,CUST015,Frederick Daniels,rebeccarowley@allen.com,London,MTR0015,Detached,03/01/2024 05:31:12,0.78,0.91,FALSE,0,,FALSE,,
REC004813,CUST015,Frederick Daniels,rebeccarowley@allen.com,London,MTR0015,Detached,03/01/2024 06:00:00,0.28,0.35,FALSE,0,,FALSE,,
REC004814,CUST015,Frederick Daniels,rebeccarowley@allen.com,London,MTR0015,Detached,03/01/2024 06:28:48,0.44,0.37,FALSE,0,,FALSE,,
REC004815,CUST015,Frederick Daniels,rebeccarowley@allen.com,London,MTR0015,Detached,03/01/2024 06:57:36,1.06,1.09,FALSE,0,,FALSE,,
REC004816,CUST015,Frederick Daniels,rebeccarowley@allen.com,London,MTR0015,Detached,03/01/2024 07:26:24,1.04,0.93,FALSE,0,,FALSE,,
REC004817,CUST015,Frederick Daniels,rebeccarowley@allen.com,London,MTR0015,Detached,03/01/2024 07:55:12,0.76,0.8,FALSE,0,,FALSE,,
REC004818,CUST015,Frederick Daniels,rebeccarowley@allen.com,London,MTR0015,Detached,03/01/2024 08:24:00,0.85,0.77,FALSE,0,,FALSE,,
REC004819,CUST015,Frederick Daniels,rebeccarowley@allen.com,London,MTR0015,Detached,03/01/2024 09:07:12,0.82,0.74,FALSE,0,,FALSE,,
REC004820,CUST015,Frederick Daniels,rebeccarowley@allen.com,London,MTR0015,Detached,03/01/2024 09:36:00,0.42,0.45,FALSE,0,,FALSE,,
REC004821,CUST015,Frederick Daniels,rebeccarowley@allen.com,London,MTR0015,Detached,03/01/2024 10:04:48,0.61,0.43,TRUE,41.86,Overnight appliance,TRUE,1/3/2024 10:01,TRUE
REC004822,CUST015,Frederick Daniels,rebeccarowley@allen.com,London,MTR0015,Detached,03/01/2024 10:33:36,0.57,0.48,FALSE,0,,FALSE,,
REC004823,CUST015,Frederick Daniels,rebeccarowley@allen.com,London,MTR0015,Detached,03/01/2024 11:02:24,0.77,0.65,FALSE,0,,FALSE,,
REC004824,CUST015,Frederick Daniels,rebeccarowley@allen.com,London,MTR0015,Detached,03/01/2024 11:31:12,0.78,0.7,FALSE,0,,FALSE,,
REC004825,CUST015,Frederick Daniels,rebeccarowley@allen.com,London,MTR0015,Detached,03/01/2024 12:00:00,1.11,1.14,FALSE,0,,FALSE,,
REC004826,CUST015,Frederick Daniels,rebeccarowley@allen.com,London,MTR0015,Detached,03/01/2024 12:28:48,0.98,0.81,FALSE,0,,FALSE,,
REC004827,CUST015,Frederick Daniels,rebeccarowley@allen.com,London,MTR0015,Detached,03/01/2024 12:57:36,1.02,0.92,FALSE,0,,FALSE,,
REC004828,CUST015,Frederick Daniels,rebeccarowley@allen.com,London,MTR0015,Detached,03/01/2024 13:26:24,0.64,0.62,FALSE,0,,FALSE,,
REC004829,CUST015,Frederick Daniels,rebeccarowley@allen.com,London,MTR0015,Detached,03/01/2024 13:55:12,0.68,0.57,FALSE,0,,FALSE,,
REC004830,CUST015,Frederick Daniels,rebeccarowley@allen.com,London,MTR0015,Detached,03/01/2024 14:24:00,0.98,0.85,FALSE,0,,FALSE,,
REC004831,CUST015,Frederick Daniels,rebeccarowley@allen.com,London,MTR0015,Detached,03/01/2024 15:07:12,1.17,1.06,FALSE,0,,FALSE,,
REC004832,CUST015,Frederick Daniels,rebeccarowley@allen.com,London,MTR0015,Detached,03/01/2024 15:36:00,0.61,0.62,FALSE,0,,FALSE,,
REC004833,CUST015,Frederick Daniels,rebeccarowley@allen.com,London,MTR0015,Detached,03/01/2024 16:04:48,1.02,1.13,FALSE,0,,FALSE,,
REC004834,CUST015,Frederick Daniels,rebeccarowley@allen.com,London,MTR0015,Detached,03/01/2024 16:33:36,0.9,0.81,FALSE,0,,FALSE,,
REC004835,CUST015,Frederick Daniels,rebeccarowley@allen.com,London,MTR0015,Detached,03/01/2024 17:02:24,0.81,0.78,FALSE,0,,FALSE,,
REC004836,CUST015,Frederick Daniels,rebeccarowley@allen.com,London,MTR0015,Detached,03/01/2024 17:31:12,0.48,0.58,FALSE,0,,FALSE,,
REC004837,CUST015,Frederick Daniels,rebeccarowley@allen.com,London,MTR0015,Detached,03/01/2024 18:00:00,0.36,0.35,FALSE,0,,FALSE,,
REC004838,CUST015,Frederick Daniels,rebeccarowley@allen.com,London,MTR0015,Detached,03/01/2024 18:28:48,1.14,1.09,FALSE,0,,FALSE,,
REC004839,CUST015,Frederick Daniels,rebeccarowley@allen.com,London,MTR0015,Detached,03/01/2024 18:57:36,0.93,0.91,FALSE,0,,FALSE,,
REC004840,CUST015,Frederick Daniels,rebeccarowley@allen.com,London,MTR0015,Detached,03/01/2024 19:26:24,0.69,0.91,FALSE,0,,FALSE,,
REC004841,CUST015,Frederick Daniels,rebeccarowley@allen.com,London,MTR0015,Detached,03/01/2024 19:55:12,1.22,1.16,FALSE,0,,FALSE,,
REC004842,CUST015,Frederick Daniels,rebeccarowley@allen.com,London,MTR0015,Detached,03/01/2024 20:24:00,1.09,1.13,FALSE,0,,FALSE,,
REC004843,CUST015,Frederick Daniels,rebeccarowley@allen.com,London,MTR0015,Detached,03/01/2024 21:07:12,0.88,0.9,FALSE,0,,FALSE,,
REC004844,CUST015,Frederick Daniels,rebeccarowley@allen.com,London,MTR0015,Detached,03/01/2024 21:36:00,1.23,1.16,FALSE,0,,FALSE,,
REC004845,CUST015,Frederick Daniels,rebeccarowley@allen.com,London,MTR0015,Detached,03/01/2024 22:04:48,0.64,0.93,FALSE,0,,FALSE,,
REC004846,CUST015,Frederick Daniels,rebeccarowley@allen.com,London,MTR0015,Detached,03/01/2024 22:33:36,0.7,0.81,FALSE,0,,FALSE,,
REC004847,CUST015,Frederick Daniels,rebeccarowley@allen.com,London,MTR0015,Detached,03/01/2024 23:02:24,0.56,0.43,FALSE,0,,FALSE,,
REC004848,CUST015,Frederick Daniels,rebeccarowley@allen.com,London,MTR0015,Detached,03/01/2024 23:31:12,0.3,0.31,FALSE,0,,FALSE,,
REC004849,CUST015,Frederick Daniels,rebeccarowley@allen.com,London,MTR0015,Detached,04/01/2024 00:00:00,0.63,0.55,FALSE,0,,FALSE,,
REC004850,CUST015,Frederick Daniels,rebeccarowley@allen.com,London,MTR0015,Detached,04/01/2024 00:28:48,1.21,1.15,FALSE,0,,FALSE,,
REC004851,CUST015,Frederick Daniels,rebeccarowley@allen.com,London,MTR0015,Detached,04/01/2024 00:57:36,0.87,0.85,FALSE,0,,FALSE,,
REC004852,CUST015,Frederick Daniels,rebeccarowley@allen.com,London,MTR0015,Detached,04/01/2024 01:26:24,0.99,1,FALSE,0,,FALSE,,
REC004853,CUST015,Frederick Daniels,rebeccarowley@allen.com,London,MTR0015,Detached,04/01/2024 01:55:12,0.87,0.82,FALSE,0,,FALSE,,
REC004854,CUST015,Frederick Daniels,rebeccarowley@allen.com,London,MTR0015,Detached,04/01/2024 02:24:00,0.96,0.94,FALSE,0,,FALSE,,
REC004855,CUST015,Frederick Daniels,rebeccarowley@allen.com,London,MTR0015,Detached,04/01/2024 03:07:12,0.49,0.63,FALSE,0,,FALSE,,
REC004856,CUST015,Frederick Daniels,rebeccarowley@allen.com,London,MTR0015,Detached,04/01/2024 03:36:00,0.28,0.45,FALSE,0,,FALSE,,
REC004857,CUST015,Frederick Daniels,rebeccarowley@allen.com,London,MTR0015,Detached,04/01/2024 04:04:48,0.36,0.32,FALSE,0,,FALSE,,
REC004858,CUST015,Frederick Daniels,rebeccarowley@allen.com,London,MTR0015,Detached,04/01/2024 04:33:36,0.93,1.02,FALSE,0,,FALSE,,
REC004859,CUST015,Frederick Daniels,rebeccarowley@allen.com,London,MTR0015,Detached,04/01/2024 05:02:24,1.3,1.19,FALSE,0,,FALSE,,
REC004860,CUST015,Frederick Daniels,rebeccarowley@allen.com,London,MTR0015,Detached,04/01/2024 05:31:12,0.97,1.14,FALSE,0,,FALSE,,
REC004861,CUST015,Frederick Daniels,rebeccarowley@allen.com,London,MTR0015,Detached,04/01/2024 06:00:00,0.55,0.45,FALSE,0,,FALSE,,
REC004862,CUST015,Frederick Daniels,rebeccarowley@allen.com,London,MTR0015,Detached,04/01/2024 06:28:48,0.46,0.38,FALSE,0,,FALSE,,
REC004863,CUST015,Frederick Daniels,rebeccarowley@allen.com,London,MTR0015,Detached,04/01/2024 06:57:36,1.09,1.08,FALSE,0,,FALSE,,
REC004864,CUST015,Frederick Daniels,rebeccarowley@allen.com,London,MTR0015,Detached,04/01/2024 07:26:24,0.57,0.78,FALSE,0,,FALSE,,
REC004865,CUST015,Frederick Daniels,rebeccarowley@allen.com,London,MTR0015,Detached,04/01/2024 07:55:12,0.52,0.54,FALSE,0,,FALSE,,
REC004866,CUST015,Frederick Daniels,rebeccarowley@allen.com,London,MTR0015,Detached,04/01/2024 08:24:00,0.41,0.34,FALSE,0,,FALSE,,
REC004867,CUST015,Frederick Daniels,rebeccarowley@allen.com,London,MTR0015,Detached,04/01/2024 09:07:12,0.33,0.57,FALSE,0,,FALSE,,
REC004868,CUST015,Frederick Daniels,rebeccarowley@allen.com,London,MTR0015,Detached,04/01/2024 09:36:00,0.63,0.55,FALSE,0,,FALSE,,
REC004869,CUST015,Frederick Daniels,rebeccarowley@allen.com,London,MTR0015,Detached,04/01/2024 10:04:48,0.31,0.42,FALSE,0,,FALSE,,
REC004870,CUST015,Frederick Daniels,rebeccarowley@allen.com,London,MTR0015,Detached,04/01/2024 10:33:36,0.71,0.86,FALSE,0,,FALSE,,
REC004871,CUST015,Frederick Daniels,rebeccarowley@allen.com,London,MTR0015,Detached,04/01/2024 11:02:24,1.03,0.95,FALSE,0,,FALSE,,
REC004872,CUST015,Frederick Daniels,rebeccarowley@allen.com,London,MTR0015,Detached,04/01/2024 11:31:12,0.78,0.8,FALSE,0,,FALSE,,
REC004873,CUST015,Frederick Daniels,rebeccarowley@allen.com,London,MTR0015,Detached,04/01/2024 12:00:00,0.75,0.71,FALSE,0,,FALSE,,
REC004874,CUST015,Frederick Daniels,rebeccarowley@allen.com,London,MTR0015,Detached,04/01/2024 12:28:48,1.03,1.02,FALSE,0,,FALSE,,
REC004875,CUST015,Frederick Daniels,rebeccarowley@allen.com,London,MTR0015,Detached,04/01/2024 12:57:36,0.3,0.34,FALSE,0,,FALSE,,
REC004876,CUST015,Frederick Daniels,rebeccarowley@allen.com,London,MTR0015,Detached,04/01/2024 13:26:24,0.38,0.58,FALSE,0,,FALSE,,
REC004877,CUST015,Frederick Daniels,rebeccarowley@allen.com,London,MTR0015,Detached,04/01/2024 13:55:12,0.98,0.93,FALSE,0,,FALSE,,
REC004878,CUST015,Frederick Daniels,rebeccarowley@allen.com,London,MTR0015,Detached,04/01/2024 14:24:00,1.27,1.19,FALSE,0,,FALSE,,
REC004879,CUST015,Frederick Daniels,rebeccarowley@allen.com,London,MTR0015,Detached,04/01/2024 15:07:12,0.58,0.55,FALSE,0,,FALSE,,
REC004880,CUST015,Frederick Daniels,rebeccarowley@allen.com,London,MTR0015,Detached,04/01/2024 15:36:00,0.68,0.63,FALSE,0,,FALSE,,
REC004881,CUST015,Frederick Daniels,rebeccarowley@allen.com,London,MTR0015,Detached,04/01/2024 16:04:48,0.98,0.96,FALSE,0,,FALSE,,
REC004882,CUST015,Frederick Daniels,rebeccarowley@allen.com,London,MTR0015,Detached,04/01/2024 16:33:36,0.76,0.78,FALSE,0,,FALSE,,
REC004883,CUST015,Frederick Daniels,rebeccarowley@allen.com,London,MTR0015,Detached,04/01/2024 17:02:24,0.69,0.56,FALSE,0,,FALSE,,
REC004884,CUST015,Frederick Daniels,rebeccarowley@allen.com,London,MTR0015,Detached,04/01/2024 17:31:12,0.63,0.49,FALSE,0,,FALSE,,
REC004885,CUST015,Frederick Daniels,rebeccarowley@allen.com,London,MTR0015,Detached,04/01/2024 18:00:00,0.52,0.33,TRUE,57.58,Schedule change,TRUE,1/4/2024 18:14,FALSE
REC004886,CUST015,Frederick Daniels,rebeccarowley@allen.com,London,MTR0015,Detached,04/01/2024 18:28:48,0.91,1.09,FALSE,0,,FALSE,,
REC004887,CUST015,Frederick Daniels,rebeccarowley@allen.com,London,MTR0015,Detached,04/01/2024 18:57:36,1.3,1.14,FALSE,0,,FALSE,,
REC004888,CUST015,Frederick Daniels,rebeccarowley@allen.com,London,MTR0015,Detached,04/01/2024 19:26:24,0.72,0.7,FALSE,0,,FALSE,,
REC004889,CUST015,Frederick Daniels,rebeccarowley@allen.com,London,MTR0015,Detached,04/01/2024 19:55:12,0.92,0.97,FALSE,0,,FALSE,,
REC004890,CUST015,Frederick Daniels,rebeccarowley@allen.com,London,MTR0015,Detached,04/01/2024 20:24:00,0.75,0.87,FALSE,0,,FALSE,,
REC004891,CUST015,Frederick Daniels,rebeccarowley@allen.com,London,MTR0015,Detached,04/01/2024 21:07:12,0.4,0.32,FALSE,0,,FALSE,,
REC004892,CUST015,Frederick Daniels,rebeccarowley@allen.com,London,MTR0015,Detached,04/01/2024 21:36:00,0.71,0.66,FALSE,0,,FALSE,,
REC004893,CUST015,Frederick Daniels,rebeccarowley@allen.com,London,MTR0015,Detached,04/01/2024 22:04:48,0.74,0.7,FALSE,0,,FALSE,,
REC004894,CUST015,Frederick Daniels,rebeccarowley@allen.com,London,MTR0015,Detached,04/01/2024 22:33:36,0.61,0.56,FALSE,0,,FALSE,,
REC004895,CUST015,Frederick Daniels,rebeccarowley@allen.com,London,MTR0015,Detached,04/01/2024 23:02:24,0.66,0.59,FALSE,0,,FALSE,,
REC004896,CUST015,Frederick Daniels,rebeccarowley@allen.com,London,MTR0015,Detached,04/01/2024 23:31:12,0.64,0.45,TRUE,42.22,Overnight appliance,TRUE,1/4/2024 23:56,FALSE
REC004897,CUST015,Frederick Daniels,rebeccarowley@allen.com,London,MTR0015,Detached,05/01/2024 00:00:00,0.61,0.58,FALSE,0,,FALSE,,
REC004898,CUST015,Frederick Daniels,rebeccarowley@allen.com,London,MTR0015,Detached,05/01/2024 00:28:48,1.25,1.19,FALSE,0,,FALSE,,
REC004899,CUST015,Frederick Daniels,rebeccarowley@allen.com,London,MTR0015,Detached,05/01/2024 00:57:36,0.95,0.99,FALSE,0,,FALSE,,
REC004900,CUST015,Frederick Daniels,rebeccarowley@allen.com,London,MTR0015,Detached,05/01/2024 01:26:24,0.81,0.61,FALSE,0,,FALSE,,
REC004901,CUST015,Frederick Daniels,rebeccarowley@allen.com,London,MTR0015,Detached,05/01/2024 01:55:12,0.92,1.08,FALSE,0,,FALSE,,
REC004902,CUST015,Frederick Daniels,rebeccarowley@allen.com,London,MTR0015,Detached,05/01/2024 02:24:00,0.8,0.67,FALSE,0,,FALSE,,
REC004903,CUST015,Frederick Daniels,rebeccarowley@allen.com,London,MTR0015,Detached,05/01/2024 03:07:12,1.09,1.05,FALSE,0,,FALSE,,
REC004904,CUST015,Frederick Daniels,rebeccarowley@allen.com,London,MTR0015,Detached,05/01/2024 03:36:00,0.44,0.46,FALSE,0,,FALSE,,
REC004905,CUST015,Frederick Daniels,rebeccarowley@allen.com,London,MTR0015,Detached,05/01/2024 04:04:48,0.78,0.9,FALSE,0,,FALSE,,
REC004906,CUST015,Frederick Daniels,rebeccarowley@allen.com,London,MTR0015,Detached,05/01/2024 04:33:36,0.67,0.59,FALSE,0,,FALSE,,
REC004907,CUST015,Frederick Daniels,rebeccarowley@allen.com,London,MTR0015,Detached,05/01/2024 05:02:24,0.98,1.05,FALSE,0,,FALSE,,
REC004908,CUST015,Frederick Daniels,rebeccarowley@allen.com,London,MTR0015,Detached,05/01/2024 05:31:12,0.89,0.78,FALSE,0,,FALSE,,
REC004909,CUST015,Frederick Daniels,rebeccarowley@allen.com,London,MTR0015,Detached,05/01/2024 06:00:00,0.35,0.36,FALSE,0,,FALSE,,
REC004910,CUST015,Frederick Daniels,rebeccarowley@allen.com,London,MTR0015,Detached,05/01/2024 06:28:48,0.23,0.38,FALSE,0,,FALSE,,
REC004911,CUST015,Frederick Daniels,rebeccarowley@allen.com,London,MTR0015,Detached,05/01/2024 06:57:36,1.08,1.06,FALSE,0,,FALSE,,
REC004912,CUST015,Frederick Daniels,rebeccarowley@allen.com,London,MTR0015,Detached,05/01/2024 07:26:24,0.93,0.92,FALSE,0,,FALSE,,
REC004913,CUST015,Frederick Daniels,rebeccarowley@allen.com,London,MTR0015,Detached,05/01/2024 07:55:12,1.36,1.15,FALSE,0,,FALSE,,
REC004914,CUST015,Frederick Daniels,rebeccarowley@allen.com,London,MTR0015,Detached,05/01/2024 08:24:00,1.3,1.18,FALSE,0,,FALSE,,
REC004915,CUST015,Frederick Daniels,rebeccarowley@allen.com,London,MTR0015,Detached,05/01/2024 09:07:12,1.06,0.88,FALSE,0,,FALSE,,
REC004916,CUST015,Frederick Daniels,rebeccarowley@allen.com,London,MTR0015,Detached,05/01/2024 09:36:00,1.28,1.19,FALSE,0,,FALSE,,
REC004917,CUST015,Frederick Daniels,rebeccarowley@allen.com,London,MTR0015,Detached,05/01/2024 10:04:48,0.26,0.38,FALSE,0,,FALSE,,
REC004918,CUST015,Frederick Daniels,rebeccarowley@allen.com,London,MTR0015,Detached,05/01/2024 10:33:36,0.97,0.88,FALSE,0,,FALSE,,
REC004919,CUST015,Frederick Daniels,rebeccarowley@allen.com,London,MTR0015,Detached,05/01/2024 11:02:24,0.81,0.85,FALSE,0,,FALSE,,
REC004920,CUST015,Frederick Daniels,rebeccarowley@allen.com,London,MTR0015,Detached,05/01/2024 11:31:12,0.81,0.86,FALSE,0,,FALSE,,
REC004921,CUST015,Frederick Daniels,rebeccarowley@allen.com,London,MTR0015,Detached,05/01/2024 12:00:00,0.49,0.42,FALSE,0,,FALSE,,
REC004922,CUST015,Frederick Daniels,rebeccarowley@allen.com,London,MTR0015,Detached,05/01/2024 12:28:48,0.54,0.59,FALSE,0,,FALSE,,
REC004923,CUST015,Frederick Daniels,rebeccarowley@allen.com,London,MTR0015,Detached,05/01/2024 12:57:36,0.89,0.74,FALSE,0,,FALSE,,
REC004924,CUST015,Frederick Daniels,rebeccarowley@allen.com,London,MTR0015,Detached,05/01/2024 13:26:24,0.82,0.98,FALSE,0,,FALSE,,
REC004925,CUST015,Frederick Daniels,rebeccarowley@allen.com,London,MTR0015,Detached,05/01/2024 13:55:12,1.11,1.11,FALSE,0,,FALSE,,
REC004926,CUST015,Frederick Daniels,rebeccarowley@allen.com,London,MTR0015,Detached,05/01/2024 14:24:00,0.52,0.51,FALSE,0,,FALSE,,
REC004927,CUST015,Frederick Daniels,rebeccarowley@allen.com,London,MTR0015,Detached,05/01/2024 15:07:12,0.22,0.32,FALSE,0,,FALSE,,
REC004928,CUST015,Frederick Daniels,rebeccarowley@allen.com,London,MTR0015,Detached,05/01/2024 15:36:00,0.91,0.94,FALSE,0,,FALSE,,
REC004929,CUST015,Frederick Daniels,rebeccarowley@allen.com,London,MTR0015,Detached,05/01/2024 16:04:48,0.86,0.9,FALSE,0,,FALSE,,
REC004930,CUST015,Frederick Daniels,rebeccarowley@allen.com,London,MTR0015,Detached,05/01/2024 16:33:36,0.74,0.9,FALSE,0,,FALSE,,
REC004931,CUST015,Frederick Daniels,rebeccarowley@allen.com,London,MTR0015,Detached,05/01/2024 17:02:24,0.62,0.69,FALSE,0,,FALSE,,
REC004932,CUST015,Frederick Daniels,rebeccarowley@allen.com,London,MTR0015,Detached,05/01/2024 17:31:12,0.65,0.66,FALSE,0,,FALSE,,
REC004933,CUST015,Frederick Daniels,rebeccarowley@allen.com,London,MTR0015,Detached,05/01/2024 18:00:00,0.97,0.99,FALSE,0,,FALSE,,
REC004934,CUST015,Frederick Daniels,rebeccarowley@allen.com,London,MTR0015,Detached,05/01/2024 18:28:48,0.76,0.68,FALSE,0,,FALSE,,
REC004935,CUST015,Frederick Daniels,rebeccarowley@allen.com,London,MTR0015,Detached,05/01/2024 18:57:36,1.07,0.93,FALSE,0,,FALSE,,
REC004936,CUST015,Frederick Daniels,rebeccarowley@allen.com,London,MTR0015,Detached,05/01/2024 19:26:24,0.82,0.85,FALSE,0,,FALSE,,
REC004937,CUST015,Frederick Daniels,rebeccarowley@allen.com,London,MTR0015,Detached,05/01/2024 19:55:12,0.28,0.4,FALSE,0,,FALSE,,
REC004938,CUST015,Frederick Daniels,rebeccarowley@allen.com,London,MTR0015,Detached,05/01/2024 20:24:00,0.81,0.76,FALSE,0,,FALSE,,
REC004939,CUST015,Frederick Daniels,rebeccarowley@allen.com,London,MTR0015,Detached,05/01/2024 21:07:12,0.77,0.78,FALSE,0,,FALSE,,
REC004940,CUST015,Frederick Daniels,rebeccarowley@allen.com,London,MTR0015,Detached,05/01/2024 21:36:00,0.66,0.55,FALSE,0,,FALSE,,
REC004941,CUST015,Frederick Daniels,rebeccarowley@allen.com,London,MTR0015,Detached,05/01/2024 22:04:48,0.5,0.51,FALSE,0,,FALSE,,
REC004942,CUST015,Frederick Daniels,rebeccarowley@allen.com,London,MTR0015,Detached,05/01/2024 22:33:36,0.69,0.68,FALSE,0,,FALSE,,
REC004943,CUST015,Frederick Daniels,rebeccarowley@allen.com,London,MTR0015,Detached,05/01/2024 23:02:24,0.46,0.47,FALSE,0,,FALSE,,
REC004944,CUST015,Frederick Daniels,rebeccarowley@allen.com,London,MTR0015,Detached,05/01/2024 23:31:12,0.77,0.62,FALSE,0,,FALSE,,
REC004945,CUST015,Frederick Daniels,rebeccarowley@allen.com,London,MTR0015,Detached,06/01/2024 00:00:00,0.64,0.62,FALSE,0,,FALSE,,
REC004946,CUST015,Frederick Daniels,rebeccarowley@allen.com,London,MTR0015,Detached,06/01/2024 00:28:48,1.07,0.95,FALSE,0,,FALSE,,
REC004947,CUST015,Frederick Daniels,rebeccarowley@allen.com,London,MTR0015,Detached,06/01/2024 00:57:36,1.08,1.11,FALSE,0,,FALSE,,
REC004948,CUST015,Frederick Daniels,rebeccarowley@allen.com,London,MTR0015,Detached,06/01/2024 01:26:24,1.23,1.16,FALSE,0,,FALSE,,
REC004949,CUST015,Frederick Daniels,rebeccarowley@allen.com,London,MTR0015,Detached,06/01/2024 01:55:12,0.4,0.32,FALSE,0,,FALSE,,
REC004950,CUST015,Frederick Daniels,rebeccarowley@allen.com,London,MTR0015,Detached,06/01/2024 02:24:00,0.52,0.55,FALSE,0,,FALSE,,
REC004951,CUST015,Frederick Daniels,rebeccarowley@allen.com,London,MTR0015,Detached,06/01/2024 03:07:12,0.64,0.55,FALSE,0,,FALSE,,
REC004952,CUST015,Frederick Daniels,rebeccarowley@allen.com,London,MTR0015,Detached,06/01/2024 03:36:00,0.54,0.69,FALSE,0,,FALSE,,
REC004953,CUST015,Frederick Daniels,rebeccarowley@allen.com,London,MTR0015,Detached,06/01/2024 04:04:48,0.98,0.95,FALSE,0,,FALSE,,
REC004954,CUST015,Frederick Daniels,rebeccarowley@allen.com,London,MTR0015,Detached,06/01/2024 04:33:36,0.55,0.48,FALSE,0,,FALSE,,
REC004955,CUST015,Frederick Daniels,rebeccarowley@allen.com,London,MTR0015,Detached,06/01/2024 05:02:24,1.07,1.14,FALSE,0,,FALSE,,
REC004956,CUST015,Frederick Daniels,rebeccarowley@allen.com,London,MTR0015,Detached,06/01/2024 05:31:12,0.33,0.38,FALSE,0,,FALSE,,
REC004957,CUST015,Frederick Daniels,rebeccarowley@allen.com,London,MTR0015,Detached,06/01/2024 06:00:00,0.7,0.81,FALSE,0,,FALSE,,
REC004958,CUST015,Frederick Daniels,rebeccarowley@allen.com,London,MTR0015,Detached,06/01/2024 06:28:48,0.74,0.84,FALSE,0,,FALSE,,
REC004959,CUST015,Frederick Daniels,rebeccarowley@allen.com,London,MTR0015,Detached,06/01/2024 06:57:36,0.96,1.04,FALSE,0,,FALSE,,
REC004960,CUST015,Frederick Daniels,rebeccarowley@allen.com,London,MTR0015,Detached,06/01/2024 07:26:24,0.61,0.52,FALSE,0,,FALSE,,
REC004961,CUST015,Frederick Daniels,rebeccarowley@allen.com,London,MTR0015,Detached,06/01/2024 07:55:12,1.1,1.17,FALSE,0,,FALSE,,
REC004962,CUST015,Frederick Daniels,rebeccarowley@allen.com,London,MTR0015,Detached,06/01/2024 08:24:00,0.74,0.94,FALSE,0,,FALSE,,
REC004963,CUST015,Frederick Daniels,rebeccarowley@allen.com,London,MTR0015,Detached,06/01/2024 09:07:12,0.89,0.83,FALSE,0,,FALSE,,
REC004964,CUST015,Frederick Daniels,rebeccarowley@allen.com,London,MTR0015,Detached,06/01/2024 09:36:00,0.77,0.96,FALSE,0,,FALSE,,
REC004965,CUST015,Frederick Daniels,rebeccarowley@allen.com,London,MTR0015,Detached,06/01/2024 10:04:48,0.34,0.34,FALSE,0,,FALSE,,
REC004966,CUST015,Frederick Daniels,rebeccarowley@allen.com,London,MTR0015,Detached,06/01/2024 10:33:36,0.39,0.42,FALSE,0,,FALSE,,
REC004967,CUST015,Frederick Daniels,rebeccarowley@allen.com,London,MTR0015,Detached,06/01/2024 11:02:24,0.87,0.9,FALSE,0,,FALSE,,
REC004968,CUST015,Frederick Daniels,rebeccarowley@allen.com,London,MTR0015,Detached,06/01/2024 11:31:12,0.34,0.48,FALSE,0,,FALSE,,
REC004969,CUST015,Frederick Daniels,rebeccarowley@allen.com,London,MTR0015,Detached,06/01/2024 12:00:00,0.83,0.79,FALSE,0,,FALSE,,
REC004970,CUST015,Frederick Daniels,rebeccarowley@allen.com,London,MTR0015,Detached,06/01/2024 12:28:48,0.28,0.36,FALSE,0,,FALSE,,
REC004971,CUST015,Frederick Daniels,rebeccarowley@allen.com,London,MTR0015,Detached,06/01/2024 12:57:36,0.1,0.4,FALSE,0,,FALSE,,
REC004972,CUST015,Frederick Daniels,rebeccarowley@allen.com,London,MTR0015,Detached,06/01/2024 13:26:24,1.24,1.16,FALSE,0,,FALSE,,
REC004973,CUST015,Frederick Daniels,rebeccarowley@allen.com,London,MTR0015,Detached,06/01/2024 13:55:12,1.2,1.15,FALSE,0,,FALSE,,
REC004974,CUST015,Frederick Daniels,rebeccarowley@allen.com,London,MTR0015,Detached,06/01/2024 14:24:00,0.85,0.71,FALSE,0,,FALSE,,
REC004975,CUST015,Frederick Daniels,rebeccarowley@allen.com,London,MTR0015,Detached,06/01/2024 15:07:12,0.63,0.62,FALSE,0,,FALSE,,
REC004976,CUST015,Frederick Daniels,rebeccarowley@allen.com,London,MTR0015,Detached,06/01/2024 15:36:00,0.88,0.82,FALSE,0,,FALSE,,
REC004977,CUST015,Frederick Daniels,rebeccarowley@allen.com,London,MTR0015,Detached,06/01/2024 16:04:48,0.45,0.51,FALSE,0,,FALSE,,
REC004978,CUST015,Frederick Daniels,rebeccarowley@allen.com,London,MTR0015,Detached,06/01/2024 16:33:36,0.21,0.4,FALSE,0,,FALSE,,
REC004979,CUST015,Frederick Daniels,rebeccarowley@allen.com,London,MTR0015,Detached,06/01/2024 17:02:24,0.97,1.05,FALSE,0,,FALSE,,
REC004980,CUST015,Frederick Daniels,rebeccarowley@allen.com,London,MTR0015,Detached,06/01/2024 17:31:12,0.86,0.81,FALSE,0,,FALSE,,
REC004981,CUST015,Frederick Daniels,rebeccarowley@allen.com,London,MTR0015,Detached,06/01/2024 18:00:00,0.61,0.58,FALSE,0,,FALSE,,
REC004982,CUST015,Frederick Daniels,rebeccarowley@allen.com,London,MTR0015,Detached,06/01/2024 18:28:48,0.63,0.66,FALSE,0,,FALSE,,
REC004983,CUST015,Frederick Daniels,rebeccarowley@allen.com,London,MTR0015,Detached,06/01/2024 18:57:36,0.62,0.66,FALSE,0,,FALSE,,
REC004984,CUST015,Frederick Daniels,rebeccarowley@allen.com,London,MTR0015,Detached,06/01/2024 19:26:24,0.97,1.08,FALSE,0,,FALSE,,
REC004985,CUST015,Frederick Daniels,rebeccarowley@allen.com,London,MTR0015,Detached,06/01/2024 19:55:12,0.6,0.63,FALSE,0,,FALSE,,
REC004986,CUST015,Frederick Daniels,rebeccarowley@allen.com,London,MTR0015,Detached,06/01/2024 20:24:00,1.05,1.08,FALSE,0,,FALSE,,
REC004987,CUST015,Frederick Daniels,rebeccarowley@allen.com,London,MTR0015,Detached,06/01/2024 21:07:12,0.78,0.65,FALSE,0,,FALSE,,
REC004988,CUST015,Frederick Daniels,rebeccarowley@allen.com,London,MTR0015,Detached,06/01/2024 21:36:00,0.46,0.42,FALSE,0,,FALSE,,
REC004989,CUST015,Frederick Daniels,rebeccarowley@allen.com,London,MTR0015,Detached,06/01/2024 22:04:48,0.41,0.4,FALSE,0,,FALSE,,
REC004990,CUST015,Frederick Daniels,rebeccarowley@allen.com,London,MTR0015,Detached,06/01/2024 22:33:36,0.85,0.83,FALSE,0,,FALSE,,
REC004991,CUST015,Frederick Daniels,rebeccarowley@allen.com,London,MTR0015,Detached,06/01/2024 23:02:24,1.14,0.99,FALSE,0,,FALSE,,
REC004992,CUST015,Frederick Daniels,rebeccarowley@allen.com,London,MTR0015,Detached,06/01/2024 23:31:12,0.59,0.63,FALSE,0,,FALSE,,
REC004993,CUST015,Frederick Daniels,rebeccarowley@allen.com,London,MTR0015,Detached,07/01/2024 00:00:00,0.46,0.52,FALSE,0,,FALSE,,
REC004994,CUST015,Frederick Daniels,rebeccarowley@allen.com,London,MTR0015,Detached,07/01/2024 00:28:48,1.34,1.18,FALSE,0,,FALSE,,
REC004995,CUST015,Frederick Daniels,rebeccarowley@allen.com,London,MTR0015,Detached,07/01/2024 00:57:36,0.68,0.61,FALSE,0,,FALSE,,
REC004996,CUST015,Frederick Daniels,rebeccarowley@allen.com,London,MTR0015,Detached,07/01/2024 01:26:24,0.63,0.69,FALSE,0,,FALSE,,
REC004997,CUST015,Frederick Daniels,rebeccarowley@allen.com,London,MTR0015,Detached,07/01/2024 01:55:12,1.29,1.13,FALSE,0,,FALSE,,
REC004998,CUST015,Frederick Daniels,rebeccarowley@allen.com,London,MTR0015,Detached,07/01/2024 02:24:00,0.69,0.72,FALSE,0,,FALSE,,
REC004999,CUST015,Frederick Daniels,rebeccarowley@allen.com,London,MTR0015,Detached,07/01/2024 03:07:12,0.48,0.51,FALSE,0,,FALSE,,
REC005000,CUST015,Frederick Daniels,rebeccarowley@allen.com,London,MTR0015,Detached,07/01/2024 03:36:00,0.85,0.98,FALSE,0,,FALSE,,
REC005001,CUST015,Frederick Daniels,rebeccarowley@allen.com,London,MTR0015,Detached,07/01/2024 04:04:48,0.73,0.84,FALSE,0,,FALSE,,
REC005002,CUST015,Frederick Daniels,rebeccarowley@allen.com,London,MTR0015,Detached,07/01/2024 04:33:36,0.83,0.73,FALSE,0,,FALSE,,
REC005003,CUST015,Frederick Daniels,rebeccarowley@allen.com,London,MTR0015,Detached,07/01/2024 05:02:24,0.33,0.34,FALSE,0,,FALSE,,
REC005004,CUST015,Frederick Daniels,rebeccarowley@allen.com,London,MTR0015,Detached,07/01/2024 05:31:12,0.45,0.45,FALSE,0,,FALSE,,
REC005005,CUST015,Frederick Daniels,rebeccarowley@allen.com,London,MTR0015,Detached,07/01/2024 06:00:00,1.02,0.89,FALSE,0,,FALSE,,
REC005006,CUST015,Frederick Daniels,rebeccarowley@allen.com,London,MTR0015,Detached,07/01/2024 06:28:48,0.58,0.53,FALSE,0,,FALSE,,
REC005007,CUST015,Frederick Daniels,rebeccarowley@allen.com,London,MTR0015,Detached,07/01/2024 06:57:36,0.88,0.99,FALSE,0,,FALSE,,
REC005008,CUST015,Frederick Daniels,rebeccarowley@allen.com,London,MTR0015,Detached,07/01/2024 07:26:24,0.91,0.79,FALSE,0,,FALSE,,
REC005009,CUST015,Frederick Daniels,rebeccarowley@allen.com,London,MTR0015,Detached,07/01/2024 07:55:12,0.53,0.43,FALSE,0,,FALSE,,
REC005010,CUST015,Frederick Daniels,rebeccarowley@allen.com,London,MTR0015,Detached,07/01/2024 08:24:00,0.67,0.68,FALSE,0,,FALSE,,
REC005011,CUST015,Frederick Daniels,rebeccarowley@allen.com,London,MTR0015,Detached,07/01/2024 09:07:12,0.93,1.06,FALSE,0,,FALSE,,
REC005012,CUST015,Frederick Daniels,rebeccarowley@allen.com,London,MTR0015,Detached,07/01/2024 09:36:00,0.86,0.82,FALSE,0,,FALSE,,
REC005013,CUST015,Frederick Daniels,rebeccarowley@allen.com,London,MTR0015,Detached,07/01/2024 10:04:48,0.67,0.76,FALSE,0,,FALSE,,
REC005014,CUST015,Frederick Daniels,rebeccarowley@allen.com,London,MTR0015,Detached,07/01/2024 10:33:36,0.65,0.68,FALSE,0,,FALSE,,
REC005015,CUST015,Frederick Daniels,rebeccarowley@allen.com,London,MTR0015,Detached,07/01/2024 11:02:24,0.35,0.37,FALSE,0,,FALSE,,
REC005016,CUST015,Frederick Daniels,rebeccarowley@allen.com,London,MTR0015,Detached,07/01/2024 11:31:12,0.48,0.57,FALSE,0,,FALSE,,
REC005017,CUST015,Frederick Daniels,rebeccarowley@allen.com,London,MTR0015,Detached,07/01/2024 12:00:00,1.26,1.13,FALSE,0,,FALSE,,
REC005018,CUST015,Frederick Daniels,rebeccarowley@allen.com,London,MTR0015,Detached,07/01/2024 12:28:48,0.72,0.78,FALSE,0,,FALSE,,
REC005019,CUST015,Frederick Daniels,rebeccarowley@allen.com,London,MTR0015,Detached,07/01/2024 12:57:36,1.06,0.93,FALSE,0,,FALSE,,
REC005020,CUST015,Frederick Daniels,rebeccarowley@allen.com,London,MTR0015,Detached,07/01/2024 13:26:24,0.64,0.63,FALSE,0,,FALSE,,
REC005021,CUST015,Frederick Daniels,rebeccarowley@allen.com,London,MTR0015,Detached,07/01/2024 13:55:12,0.25,0.39,FALSE,0,,FALSE,,
REC005022,CUST015,Frederick Daniels,rebeccarowley@allen.com,London,MTR0015,Detached,07/01/2024 14:24:00,0.85,0.86,FALSE,0,,FALSE,,
REC005023,CUST015,Frederick Daniels,rebeccarowley@allen.com,London,MTR0015,Detached,07/01/2024 15:07:12,1.31,1.18,FALSE,0,,FALSE,,
REC005024,CUST015,Frederick Daniels,rebeccarowley@allen.com,London,MTR0015,Detached,07/01/2024 15:36:00,0.75,0.76,FALSE,0,,FALSE,,
REC005025,CUST015,Frederick Daniels,rebeccarowley@allen.com,London,MTR0015,Detached,07/01/2024 16:04:48,0.68,0.75,FALSE,0,,FALSE,,
REC005026,CUST015,Frederick Daniels,rebeccarowley@allen.com,London,MTR0015,Detached,07/01/2024 16:33:36,0.89,0.79,FALSE,0,,FALSE,,
REC005027,CUST015,Frederick Daniels,rebeccarowley@allen.com,London,MTR0015,Detached,07/01/2024 17:02:24,0.42,0.5,FALSE,0,,FALSE,,
REC005028,CUST015,Frederick Daniels,rebeccarowley@allen.com,London,MTR0015,Detached,07/01/2024 17:31:12,0.77,1.05,FALSE,0,,FALSE,,
REC005029,CUST015,Frederick Daniels,rebeccarowley@allen.com,London,MTR0015,Detached,07/01/2024 18:00:00,1.08,1.11,FALSE,0,,FALSE,,
REC005030,CUST015,Frederick Daniels,rebeccarowley@allen.com,London,MTR0015,Detached,07/01/2024 18:28:48,1.07,1.08,FALSE,0,,FALSE,,
REC005031,CUST015,Frederick Daniels,rebeccarowley@allen.com,London,MTR0015,Detached,07/01/2024 18:57:36,0.43,0.46,FALSE,0,,FALSE,,
REC005032,CUST015,Frederick Daniels,rebeccarowley@allen.com,London,MTR0015,Detached,07/01/2024 19:26:24,0.67,0.66,FALSE,0,,FALSE,,
REC005033,CUST015,Frederick Daniels,rebeccarowley@allen.com,London,MTR0015,Detached,07/01/2024 19:55:12,1.17,1.19,FALSE,0,,FALSE,,
REC005034,CUST015,Frederick Daniels,rebeccarowley@allen.com,London,MTR0015,Detached,07/01/2024 20:24:00,0.49,0.58,FALSE,0,,FALSE,,
REC005035,CUST015,Frederick Daniels,rebeccarowley@allen.com,London,MTR0015,Detached,07/01/2024 21:07:12,1.07,1.11,FALSE,0,,FALSE,,
REC005036,CUST015,Frederick Daniels,rebeccarowley@allen.com,London,MTR0015,Detached,07/01/2024 21:36:00,0.42,0.37,FALSE,0,,FALSE,,
REC005037,CUST015,Frederick Daniels,rebeccarowley@allen.com,London,MTR0015,Detached,07/01/2024 22:04:48,0.99,0.86,FALSE,0,,FALSE,,
REC005038,CUST015,Frederick Daniels,rebeccarowley@allen.com,London,MTR0015,Detached,07/01/2024 22:33:36,0.21,0.33,FALSE,0,,FALSE,,
REC005039,CUST015,Frederick Daniels,rebeccarowley@allen.com,London,MTR0015,Detached,07/01/2024 23:02:24,0.32,0.42,FALSE,0,,FALSE,,
REC005040,CUST015,Frederick Daniels,rebeccarowley@allen.com,London,MTR0015,Detached,07/01/2024 23:31:12,1.14,1.07,FALSE,0,,FALSE,,
REC005041,CUST016,Miss Sian Hughes,znewman@outlook.com,Glasgow,MTR0016,Flat,01/01/2024 00:00:00,0.53,0.35,TRUE,51.43,Guest visit,TRUE,1/1/2024 00:28,TRUE
REC005042,CUST016,Miss Sian Hughes,znewman@outlook.com,Glasgow,MTR0016,Flat,01/01/2024 00:28:48,0.4,0.46,FALSE,0,,FALSE,,
REC005043,CUST016,Miss Sian Hughes,znewman@outlook.com,Glasgow,MTR0016,Flat,01/01/2024 00:57:36,0.76,0.85,FALSE,0,,FALSE,,
REC005044,CUST016,Miss Sian Hughes,znewman@outlook.com,Glasgow,MTR0016,Flat,01/01/2024 01:26:24,1.16,1.05,FALSE,0,,FALSE,,
REC005045,CUST016,Miss Sian Hughes,znewman@outlook.com,Glasgow,MTR0016,Flat,01/01/2024 01:55:12,0.95,0.84,FALSE,0,,FALSE,,
REC005046,CUST016,Miss Sian Hughes,znewman@outlook.com,Glasgow,MTR0016,Flat,01/01/2024 02:24:00,0.61,0.82,FALSE,0,,FALSE,,
REC005047,CUST016,Miss Sian Hughes,znewman@outlook.com,Glasgow,MTR0016,Flat,01/01/2024 03:07:12,0.28,0.45,FALSE,0,,FALSE,,
REC005048,CUST016,Miss Sian Hughes,znewman@outlook.com,Glasgow,MTR0016,Flat,01/01/2024 03:36:00,0.55,0.66,FALSE,0,,FALSE,,
REC005049,CUST016,Miss Sian Hughes,znewman@outlook.com,Glasgow,MTR0016,Flat,01/01/2024 04:04:48,1.05,0.98,FALSE,0,,FALSE,,
REC005050,CUST016,Miss Sian Hughes,znewman@outlook.com,Glasgow,MTR0016,Flat,01/01/2024 04:33:36,0.56,0.56,FALSE,0,,FALSE,,
REC005051,CUST016,Miss Sian Hughes,znewman@outlook.com,Glasgow,MTR0016,Flat,01/01/2024 05:02:24,0.69,0.67,FALSE,0,,FALSE,,
REC005052,CUST016,Miss Sian Hughes,znewman@outlook.com,Glasgow,MTR0016,Flat,01/01/2024 05:31:12,0.94,0.79,FALSE,0,,FALSE,,
REC005053,CUST016,Miss Sian Hughes,znewman@outlook.com,Glasgow,MTR0016,Flat,01/01/2024 06:00:00,0.2,0.35,FALSE,0,,FALSE,,
REC005054,CUST016,Miss Sian Hughes,znewman@outlook.com,Glasgow,MTR0016,Flat,01/01/2024 06:28:48,1.13,1.2,FALSE,0,,FALSE,,
REC005055,CUST016,Miss Sian Hughes,znewman@outlook.com,Glasgow,MTR0016,Flat,01/01/2024 06:57:36,0.61,0.58,FALSE,0,,FALSE,,
REC005056,CUST016,Miss Sian Hughes,znewman@outlook.com,Glasgow,MTR0016,Flat,01/01/2024 07:26:24,0.68,0.61,FALSE,0,,FALSE,,
REC005057,CUST016,Miss Sian Hughes,znewman@outlook.com,Glasgow,MTR0016,Flat,01/01/2024 07:55:12,0.74,0.79,FALSE,0,,FALSE,,
REC005058,CUST016,Miss Sian Hughes,znewman@outlook.com,Glasgow,MTR0016,Flat,01/01/2024 08:24:00,0.5,0.6,FALSE,0,,FALSE,,
REC005059,CUST016,Miss Sian Hughes,znewman@outlook.com,Glasgow,MTR0016,Flat,01/01/2024 09:07:12,0.45,0.34,FALSE,0,,FALSE,,
REC005060,CUST016,Miss Sian Hughes,znewman@outlook.com,Glasgow,MTR0016,Flat,01/01/2024 09:36:00,0.67,0.64,FALSE,0,,FALSE,,
REC005061,CUST016,Miss Sian Hughes,znewman@outlook.com,Glasgow,MTR0016,Flat,01/01/2024 10:04:48,0.83,0.97,FALSE,0,,FALSE,,
REC005062,CUST016,Miss Sian Hughes,znewman@outlook.com,Glasgow,MTR0016,Flat,01/01/2024 10:33:36,0.58,0.43,FALSE,0,,FALSE,,
REC005063,CUST016,Miss Sian Hughes,znewman@outlook.com,Glasgow,MTR0016,Flat,01/01/2024 11:02:24,0.98,0.94,FALSE,0,,FALSE,,
REC005064,CUST016,Miss Sian Hughes,znewman@outlook.com,Glasgow,MTR0016,Flat,01/01/2024 11:31:12,0.4,0.32,FALSE,0,,FALSE,,
REC005065,CUST016,Miss Sian Hughes,znewman@outlook.com,Glasgow,MTR0016,Flat,01/01/2024 12:00:00,0.5,0.49,FALSE,0,,FALSE,,
REC005066,CUST016,Miss Sian Hughes,znewman@outlook.com,Glasgow,MTR0016,Flat,01/01/2024 12:28:48,0.91,0.98,FALSE,0,,FALSE,,
REC005067,CUST016,Miss Sian Hughes,znewman@outlook.com,Glasgow,MTR0016,Flat,01/01/2024 12:57:36,0.42,0.4,FALSE,0,,FALSE,,
REC005068,CUST016,Miss Sian Hughes,znewman@outlook.com,Glasgow,MTR0016,Flat,01/01/2024 13:26:24,1.04,0.92,FALSE,0,,FALSE,,
REC005069,CUST016,Miss Sian Hughes,znewman@outlook.com,Glasgow,MTR0016,Flat,01/01/2024 13:55:12,1.14,1.17,FALSE,0,,FALSE,,
REC005070,CUST016,Miss Sian Hughes,znewman@outlook.com,Glasgow,MTR0016,Flat,01/01/2024 14:24:00,0.97,1.07,FALSE,0,,FALSE,,
REC005071,CUST016,Miss Sian Hughes,znewman@outlook.com,Glasgow,MTR0016,Flat,01/01/2024 15:07:12,1.38,1.12,FALSE,0,,FALSE,,
REC005072,CUST016,Miss Sian Hughes,znewman@outlook.com,Glasgow,MTR0016,Flat,01/01/2024 15:36:00,0.96,0.94,FALSE,0,,FALSE,,
REC005073,CUST016,Miss Sian Hughes,znewman@outlook.com,Glasgow,MTR0016,Flat,01/01/2024 16:04:48,1.07,1.05,FALSE,0,,FALSE,,
REC005074,CUST016,Miss Sian Hughes,znewman@outlook.com,Glasgow,MTR0016,Flat,01/01/2024 16:33:36,0.71,0.73,FALSE,0,,FALSE,,
REC005075,CUST016,Miss Sian Hughes,znewman@outlook.com,Glasgow,MTR0016,Flat,01/01/2024 17:02:24,0.74,0.71,FALSE,0,,FALSE,,
REC005076,CUST016,Miss Sian Hughes,znewman@outlook.com,Glasgow,MTR0016,Flat,01/01/2024 17:31:12,0.88,1.15,FALSE,0,,FALSE,,
REC005077,CUST016,Miss Sian Hughes,znewman@outlook.com,Glasgow,MTR0016,Flat,01/01/2024 18:00:00,0.87,0.79,FALSE,0,,FALSE,,
REC005078,CUST016,Miss Sian Hughes,znewman@outlook.com,Glasgow,MTR0016,Flat,01/01/2024 18:28:48,0.97,0.91,FALSE,0,,FALSE,,
REC005079,CUST016,Miss Sian Hughes,znewman@outlook.com,Glasgow,MTR0016,Flat,01/01/2024 18:57:36,0.96,0.85,FALSE,0,,FALSE,,
REC005080,CUST016,Miss Sian Hughes,znewman@outlook.com,Glasgow,MTR0016,Flat,01/01/2024 19:26:24,1.06,1.04,FALSE,0,,FALSE,,
REC005081,CUST016,Miss Sian Hughes,znewman@outlook.com,Glasgow,MTR0016,Flat,01/01/2024 19:55:12,0.38,0.41,FALSE,0,,FALSE,,
REC005082,CUST016,Miss Sian Hughes,znewman@outlook.com,Glasgow,MTR0016,Flat,01/01/2024 20:24:00,0.64,0.53,FALSE,0,,FALSE,,
REC005083,CUST016,Miss Sian Hughes,znewman@outlook.com,Glasgow,MTR0016,Flat,01/01/2024 21:07:12,1.21,1.08,FALSE,0,,FALSE,,
REC005084,CUST016,Miss Sian Hughes,znewman@outlook.com,Glasgow,MTR0016,Flat,01/01/2024 21:36:00,0.51,0.54,FALSE,0,,FALSE,,
REC005085,CUST016,Miss Sian Hughes,znewman@outlook.com,Glasgow,MTR0016,Flat,01/01/2024 22:04:48,0.21,0.3,FALSE,0,,FALSE,,
REC005086,CUST016,Miss Sian Hughes,znewman@outlook.com,Glasgow,MTR0016,Flat,01/01/2024 22:33:36,0.98,0.98,FALSE,0,,FALSE,,
REC005087,CUST016,Miss Sian Hughes,znewman@outlook.com,Glasgow,MTR0016,Flat,01/01/2024 23:02:24,0.47,0.55,FALSE,0,,FALSE,,
REC005088,CUST016,Miss Sian Hughes,znewman@outlook.com,Glasgow,MTR0016,Flat,01/01/2024 23:31:12,0.55,0.56,FALSE,0,,FALSE,,
REC005089,CUST016,Miss Sian Hughes,znewman@outlook.com,Glasgow,MTR0016,Flat,02/01/2024 00:00:00,1.04,1,FALSE,0,,FALSE,,
REC005090,CUST016,Miss Sian Hughes,znewman@outlook.com,Glasgow,MTR0016,Flat,02/01/2024 00:28:48,1.03,1.13,FALSE,0,,FALSE,,
REC005091,CUST016,Miss Sian Hughes,znewman@outlook.com,Glasgow,MTR0016,Flat,02/01/2024 00:57:36,0.91,0.91,FALSE,0,,FALSE,,
REC005092,CUST016,Miss Sian Hughes,znewman@outlook.com,Glasgow,MTR0016,Flat,02/01/2024 01:26:24,0.53,0.53,FALSE,0,,FALSE,,
REC005093,CUST016,Miss Sian Hughes,znewman@outlook.com,Glasgow,MTR0016,Flat,02/01/2024 01:55:12,1.2,1.11,FALSE,0,,FALSE,,
REC005094,CUST016,Miss Sian Hughes,znewman@outlook.com,Glasgow,MTR0016,Flat,02/01/2024 02:24:00,1.04,0.9,FALSE,0,,FALSE,,
REC005095,CUST016,Miss Sian Hughes,znewman@outlook.com,Glasgow,MTR0016,Flat,02/01/2024 03:07:12,0.64,0.67,FALSE,0,,FALSE,,
REC005096,CUST016,Miss Sian Hughes,znewman@outlook.com,Glasgow,MTR0016,Flat,02/01/2024 03:36:00,1.31,1.11,FALSE,0,,FALSE,,
REC005097,CUST016,Miss Sian Hughes,znewman@outlook.com,Glasgow,MTR0016,Flat,02/01/2024 04:04:48,0.67,0.6,FALSE,0,,FALSE,,
REC005098,CUST016,Miss Sian Hughes,znewman@outlook.com,Glasgow,MTR0016,Flat,02/01/2024 04:33:36,0.98,1.02,FALSE,0,,FALSE,,
REC005099,CUST016,Miss Sian Hughes,znewman@outlook.com,Glasgow,MTR0016,Flat,02/01/2024 05:02:24,0.73,0.76,FALSE,0,,FALSE,,
REC005100,CUST016,Miss Sian Hughes,znewman@outlook.com,Glasgow,MTR0016,Flat,02/01/2024 05:31:12,0.85,0.89,FALSE,0,,FALSE,,
REC005101,CUST016,Miss Sian Hughes,znewman@outlook.com,Glasgow,MTR0016,Flat,02/01/2024 06:00:00,0.6,0.65,FALSE,0,,FALSE,,
REC005102,CUST016,Miss Sian Hughes,znewman@outlook.com,Glasgow,MTR0016,Flat,02/01/2024 06:28:48,1.13,1.01,FALSE,0,,FALSE,,
REC005103,CUST016,Miss Sian Hughes,znewman@outlook.com,Glasgow,MTR0016,Flat,02/01/2024 06:57:36,0.7,0.62,FALSE,0,,FALSE,,
REC005104,CUST016,Miss Sian Hughes,znewman@outlook.com,Glasgow,MTR0016,Flat,02/01/2024 07:26:24,0.5,0.52,FALSE,0,,FALSE,,
REC005105,CUST016,Miss Sian Hughes,znewman@outlook.com,Glasgow,MTR0016,Flat,02/01/2024 07:55:12,0.42,0.49,FALSE,0,,FALSE,,
REC005106,CUST016,Miss Sian Hughes,znewman@outlook.com,Glasgow,MTR0016,Flat,02/01/2024 08:24:00,0.44,0.33,FALSE,0,,FALSE,,
REC005107,CUST016,Miss Sian Hughes,znewman@outlook.com,Glasgow,MTR0016,Flat,02/01/2024 09:07:12,1.15,1.13,FALSE,0,,FALSE,,
REC005108,CUST016,Miss Sian Hughes,znewman@outlook.com,Glasgow,MTR0016,Flat,02/01/2024 09:36:00,0.44,0.55,FALSE,0,,FALSE,,
REC005109,CUST016,Miss Sian Hughes,znewman@outlook.com,Glasgow,MTR0016,Flat,02/01/2024 10:04:48,0.15,0.36,FALSE,0,,FALSE,,
REC005110,CUST016,Miss Sian Hughes,znewman@outlook.com,Glasgow,MTR0016,Flat,02/01/2024 10:33:36,0.66,0.68,FALSE,0,,FALSE,,
REC005111,CUST016,Miss Sian Hughes,znewman@outlook.com,Glasgow,MTR0016,Flat,02/01/2024 11:02:24,1.17,1.14,FALSE,0,,FALSE,,
REC005112,CUST016,Miss Sian Hughes,znewman@outlook.com,Glasgow,MTR0016,Flat,02/01/2024 11:31:12,1.15,1.1,FALSE,0,,FALSE,,
REC005113,CUST016,Miss Sian Hughes,znewman@outlook.com,Glasgow,MTR0016,Flat,02/01/2024 12:00:00,0.74,0.59,FALSE,0,,FALSE,,
REC005114,CUST016,Miss Sian Hughes,znewman@outlook.com,Glasgow,MTR0016,Flat,02/01/2024 12:28:48,0.71,0.86,FALSE,0,,FALSE,,
REC005115,CUST016,Miss Sian Hughes,znewman@outlook.com,Glasgow,MTR0016,Flat,02/01/2024 12:57:36,0.75,0.73,FALSE,0,,FALSE,,
REC005116,CUST016,Miss Sian Hughes,znewman@outlook.com,Glasgow,MTR0016,Flat,02/01/2024 13:26:24,1.04,1.04,FALSE,0,,FALSE,,
REC005117,CUST016,Miss Sian Hughes,znewman@outlook.com,Glasgow,MTR0016,Flat,02/01/2024 13:55:12,0.6,0.69,FALSE,0,,FALSE,,
REC005118,CUST016,Miss Sian Hughes,znewman@outlook.com,Glasgow,MTR0016,Flat,02/01/2024 14:24:00,0.48,0.39,FALSE,0,,FALSE,,
REC005119,CUST016,Miss Sian Hughes,znewman@outlook.com,Glasgow,MTR0016,Flat,02/01/2024 15:07:12,0.6,0.62,FALSE,0,,FALSE,,
REC005120,CUST016,Miss Sian Hughes,znewman@outlook.com,Glasgow,MTR0016,Flat,02/01/2024 15:36:00,1.03,1.03,FALSE,0,,FALSE,,
REC005121,CUST016,Miss Sian Hughes,znewman@outlook.com,Glasgow,MTR0016,Flat,02/01/2024 16:04:48,0.55,0.62,FALSE,0,,FALSE,,
REC005122,CUST016,Miss Sian Hughes,znewman@outlook.com,Glasgow,MTR0016,Flat,02/01/2024 16:33:36,0.47,0.46,FALSE,0,,FALSE,,
REC005123,CUST016,Miss Sian Hughes,znewman@outlook.com,Glasgow,MTR0016,Flat,02/01/2024 17:02:24,1.15,1.1,FALSE,0,,FALSE,,
REC005124,CUST016,Miss Sian Hughes,znewman@outlook.com,Glasgow,MTR0016,Flat,02/01/2024 17:31:12,1.21,1.2,FALSE,0,,FALSE,,
REC005125,CUST016,Miss Sian Hughes,znewman@outlook.com,Glasgow,MTR0016,Flat,02/01/2024 18:00:00,0.71,0.63,FALSE,0,,FALSE,,
REC005126,CUST016,Miss Sian Hughes,znewman@outlook.com,Glasgow,MTR0016,Flat,02/01/2024 18:28:48,1.16,1.2,FALSE,0,,FALSE,,
REC005127,CUST016,Miss Sian Hughes,znewman@outlook.com,Glasgow,MTR0016,Flat,02/01/2024 18:57:36,0.93,0.87,FALSE,0,,FALSE,,
REC005128,CUST016,Miss Sian Hughes,znewman@outlook.com,Glasgow,MTR0016,Flat,02/01/2024 19:26:24,0.69,0.62,FALSE,0,,FALSE,,
REC005129,CUST016,Miss Sian Hughes,znewman@outlook.com,Glasgow,MTR0016,Flat,02/01/2024 19:55:12,0.87,0.82,FALSE,0,,FALSE,,
REC005130,CUST016,Miss Sian Hughes,znewman@outlook.com,Glasgow,MTR0016,Flat,02/01/2024 20:24:00,0.41,0.32,FALSE,0,,FALSE,,
REC005131,CUST016,Miss Sian Hughes,znewman@outlook.com,Glasgow,MTR0016,Flat,02/01/2024 21:07:12,0.56,0.6,FALSE,0,,FALSE,,
REC005132,CUST016,Miss Sian Hughes,znewman@outlook.com,Glasgow,MTR0016,Flat,02/01/2024 21:36:00,1.06,1.11,FALSE,0,,FALSE,,
REC005133,CUST016,Miss Sian Hughes,znewman@outlook.com,Glasgow,MTR0016,Flat,02/01/2024 22:04:48,0.26,0.33,FALSE,0,,FALSE,,
REC005134,CUST016,Miss Sian Hughes,znewman@outlook.com,Glasgow,MTR0016,Flat,02/01/2024 22:33:36,0.76,0.86,FALSE,0,,FALSE,,
REC005135,CUST016,Miss Sian Hughes,znewman@outlook.com,Glasgow,MTR0016,Flat,02/01/2024 23:02:24,0.72,0.78,FALSE,0,,FALSE,,
REC005136,CUST016,Miss Sian Hughes,znewman@outlook.com,Glasgow,MTR0016,Flat,02/01/2024 23:31:12,0.46,0.51,FALSE,0,,FALSE,,
REC005137,CUST016,Miss Sian Hughes,znewman@outlook.com,Glasgow,MTR0016,Flat,03/01/2024 00:00:00,0.68,0.75,FALSE,0,,FALSE,,
REC005138,CUST016,Miss Sian Hughes,znewman@outlook.com,Glasgow,MTR0016,Flat,03/01/2024 00:28:48,0.95,0.96,FALSE,0,,FALSE,,
REC005139,CUST016,Miss Sian Hughes,znewman@outlook.com,Glasgow,MTR0016,Flat,03/01/2024 00:57:36,0.47,0.6,FALSE,0,,FALSE,,
REC005140,CUST016,Miss Sian Hughes,znewman@outlook.com,Glasgow,MTR0016,Flat,03/01/2024 01:26:24,0.9,0.81,FALSE,0,,FALSE,,
REC005141,CUST016,Miss Sian Hughes,znewman@outlook.com,Glasgow,MTR0016,Flat,03/01/2024 01:55:12,0.98,0.99,FALSE,0,,FALSE,,
REC005142,CUST016,Miss Sian Hughes,znewman@outlook.com,Glasgow,MTR0016,Flat,03/01/2024 02:24:00,0.62,0.6,FALSE,0,,FALSE,,
REC005143,CUST016,Miss Sian Hughes,znewman@outlook.com,Glasgow,MTR0016,Flat,03/01/2024 03:07:12,0.62,0.72,FALSE,0,,FALSE,,
REC005144,CUST016,Miss Sian Hughes,znewman@outlook.com,Glasgow,MTR0016,Flat,03/01/2024 03:36:00,0.61,0.61,FALSE,0,,FALSE,,
REC005145,CUST016,Miss Sian Hughes,znewman@outlook.com,Glasgow,MTR0016,Flat,03/01/2024 04:04:48,0.48,0.43,FALSE,0,,FALSE,,
REC005146,CUST016,Miss Sian Hughes,znewman@outlook.com,Glasgow,MTR0016,Flat,03/01/2024 04:33:36,1.21,1.2,FALSE,0,,FALSE,,
REC005147,CUST016,Miss Sian Hughes,znewman@outlook.com,Glasgow,MTR0016,Flat,03/01/2024 05:02:24,0.75,0.64,FALSE,0,,FALSE,,
REC005148,CUST016,Miss Sian Hughes,znewman@outlook.com,Glasgow,MTR0016,Flat,03/01/2024 05:31:12,0.44,0.41,FALSE,0,,FALSE,,
REC005149,CUST016,Miss Sian Hughes,znewman@outlook.com,Glasgow,MTR0016,Flat,03/01/2024 06:00:00,0.79,0.92,FALSE,0,,FALSE,,
REC005150,CUST016,Miss Sian Hughes,znewman@outlook.com,Glasgow,MTR0016,Flat,03/01/2024 06:28:48,0.62,0.66,FALSE,0,,FALSE,,
REC005151,CUST016,Miss Sian Hughes,znewman@outlook.com,Glasgow,MTR0016,Flat,03/01/2024 06:57:36,0.26,0.37,FALSE,0,,FALSE,,
REC005152,CUST016,Miss Sian Hughes,znewman@outlook.com,Glasgow,MTR0016,Flat,03/01/2024 07:26:24,0.66,0.58,FALSE,0,,FALSE,,
REC005153,CUST016,Miss Sian Hughes,znewman@outlook.com,Glasgow,MTR0016,Flat,03/01/2024 07:55:12,0.41,0.41,FALSE,0,,FALSE,,
REC005154,CUST016,Miss Sian Hughes,znewman@outlook.com,Glasgow,MTR0016,Flat,03/01/2024 08:24:00,0.92,0.81,FALSE,0,,FALSE,,
REC005155,CUST016,Miss Sian Hughes,znewman@outlook.com,Glasgow,MTR0016,Flat,03/01/2024 09:07:12,0.68,0.81,FALSE,0,,FALSE,,
REC005156,CUST016,Miss Sian Hughes,znewman@outlook.com,Glasgow,MTR0016,Flat,03/01/2024 09:36:00,0.93,0.97,FALSE,0,,FALSE,,
REC005157,CUST016,Miss Sian Hughes,znewman@outlook.com,Glasgow,MTR0016,Flat,03/01/2024 10:04:48,0.44,0.41,FALSE,0,,FALSE,,
REC005158,CUST016,Miss Sian Hughes,znewman@outlook.com,Glasgow,MTR0016,Flat,03/01/2024 10:33:36,0.43,0.49,FALSE,0,,FALSE,,
REC005159,CUST016,Miss Sian Hughes,znewman@outlook.com,Glasgow,MTR0016,Flat,03/01/2024 11:02:24,0.31,0.58,FALSE,0,,FALSE,,
REC005160,CUST016,Miss Sian Hughes,znewman@outlook.com,Glasgow,MTR0016,Flat,03/01/2024 11:31:12,0.81,0.94,FALSE,0,,FALSE,,
REC005161,CUST016,Miss Sian Hughes,znewman@outlook.com,Glasgow,MTR0016,Flat,03/01/2024 12:00:00,0.99,0.86,FALSE,0,,FALSE,,
REC005162,CUST016,Miss Sian Hughes,znewman@outlook.com,Glasgow,MTR0016,Flat,03/01/2024 12:28:48,0.65,0.56,FALSE,0,,FALSE,,
REC005163,CUST016,Miss Sian Hughes,znewman@outlook.com,Glasgow,MTR0016,Flat,03/01/2024 12:57:36,0.41,0.59,FALSE,0,,FALSE,,
REC005164,CUST016,Miss Sian Hughes,znewman@outlook.com,Glasgow,MTR0016,Flat,03/01/2024 13:26:24,1.13,1.19,FALSE,0,,FALSE,,
REC005165,CUST016,Miss Sian Hughes,znewman@outlook.com,Glasgow,MTR0016,Flat,03/01/2024 13:55:12,1.04,1.03,FALSE,0,,FALSE,,
REC005166,CUST016,Miss Sian Hughes,znewman@outlook.com,Glasgow,MTR0016,Flat,03/01/2024 14:24:00,0.97,1.07,FALSE,0,,FALSE,,
REC005167,CUST016,Miss Sian Hughes,znewman@outlook.com,Glasgow,MTR0016,Flat,03/01/2024 15:07:12,0.91,0.96,FALSE,0,,FALSE,,
REC005168,CUST016,Miss Sian Hughes,znewman@outlook.com,Glasgow,MTR0016,Flat,03/01/2024 15:36:00,0.63,0.76,FALSE,0,,FALSE,,
REC005169,CUST016,Miss Sian Hughes,znewman@outlook.com,Glasgow,MTR0016,Flat,03/01/2024 16:04:48,1.22,1.03,FALSE,0,,FALSE,,
REC005170,CUST016,Miss Sian Hughes,znewman@outlook.com,Glasgow,MTR0016,Flat,03/01/2024 16:33:36,0.41,0.4,FALSE,0,,FALSE,,
REC005171,CUST016,Miss Sian Hughes,znewman@outlook.com,Glasgow,MTR0016,Flat,03/01/2024 17:02:24,0.77,0.81,FALSE,0,,FALSE,,
REC005172,CUST016,Miss Sian Hughes,znewman@outlook.com,Glasgow,MTR0016,Flat,03/01/2024 17:31:12,0.71,0.87,FALSE,0,,FALSE,,
REC005173,CUST016,Miss Sian Hughes,znewman@outlook.com,Glasgow,MTR0016,Flat,03/01/2024 18:00:00,0.5,0.53,FALSE,0,,FALSE,,
REC005174,CUST016,Miss Sian Hughes,znewman@outlook.com,Glasgow,MTR0016,Flat,03/01/2024 18:28:48,0.46,0.5,FALSE,0,,FALSE,,
REC005175,CUST016,Miss Sian Hughes,znewman@outlook.com,Glasgow,MTR0016,Flat,03/01/2024 18:57:36,1.12,1.19,FALSE,0,,FALSE,,
REC005176,CUST016,Miss Sian Hughes,znewman@outlook.com,Glasgow,MTR0016,Flat,03/01/2024 19:26:24,0.75,0.79,FALSE,0,,FALSE,,
REC005177,CUST016,Miss Sian Hughes,znewman@outlook.com,Glasgow,MTR0016,Flat,03/01/2024 19:55:12,0.95,1.07,FALSE,0,,FALSE,,
REC005178,CUST016,Miss Sian Hughes,znewman@outlook.com,Glasgow,MTR0016,Flat,03/01/2024 20:24:00,0.91,0.81,FALSE,0,,FALSE,,
REC005179,CUST016,Miss Sian Hughes,znewman@outlook.com,Glasgow,MTR0016,Flat,03/01/2024 21:07:12,1.03,0.94,FALSE,0,,FALSE,,
REC005180,CUST016,Miss Sian Hughes,znewman@outlook.com,Glasgow,MTR0016,Flat,03/01/2024 21:36:00,1.2,1.08,FALSE,0,,FALSE,,
REC005181,CUST016,Miss Sian Hughes,znewman@outlook.com,Glasgow,MTR0016,Flat,03/01/2024 22:04:48,0.91,1.08,FALSE,0,,FALSE,,
REC005182,CUST016,Miss Sian Hughes,znewman@outlook.com,Glasgow,MTR0016,Flat,03/01/2024 22:33:36,1.07,0.88,FALSE,0,,FALSE,,
REC005183,CUST016,Miss Sian Hughes,znewman@outlook.com,Glasgow,MTR0016,Flat,03/01/2024 23:02:24,1.03,1.04,FALSE,0,,FALSE,,
REC005184,CUST016,Miss Sian Hughes,znewman@outlook.com,Glasgow,MTR0016,Flat,03/01/2024 23:31:12,0.95,1.08,FALSE,0,,FALSE,,
REC005185,CUST016,Miss Sian Hughes,znewman@outlook.com,Glasgow,MTR0016,Flat,04/01/2024 00:00:00,0.39,0.5,FALSE,0,,FALSE,,
REC005186,CUST016,Miss Sian Hughes,znewman@outlook.com,Glasgow,MTR0016,Flat,04/01/2024 00:28:48,0.65,0.66,FALSE,0,,FALSE,,
REC005187,CUST016,Miss Sian Hughes,znewman@outlook.com,Glasgow,MTR0016,Flat,04/01/2024 00:57:36,0.32,0.46,FALSE,0,,FALSE,,
REC005188,CUST016,Miss Sian Hughes,znewman@outlook.com,Glasgow,MTR0016,Flat,04/01/2024 01:26:24,1.04,1.19,FALSE,0,,FALSE,,
REC005189,CUST016,Miss Sian Hughes,znewman@outlook.com,Glasgow,MTR0016,Flat,04/01/2024 01:55:12,1.23,1.2,FALSE,0,,FALSE,,
REC005190,CUST016,Miss Sian Hughes,znewman@outlook.com,Glasgow,MTR0016,Flat,04/01/2024 02:24:00,0.29,0.35,FALSE,0,,FALSE,,
REC005191,CUST016,Miss Sian Hughes,znewman@outlook.com,Glasgow,MTR0016,Flat,04/01/2024 03:07:12,0.28,0.33,FALSE,0,,FALSE,,
REC005192,CUST016,Miss Sian Hughes,znewman@outlook.com,Glasgow,MTR0016,Flat,04/01/2024 03:36:00,0.7,0.76,FALSE,0,,FALSE,,
REC005193,CUST016,Miss Sian Hughes,znewman@outlook.com,Glasgow,MTR0016,Flat,04/01/2024 04:04:48,0.88,0.81,FALSE,0,,FALSE,,
REC005194,CUST016,Miss Sian Hughes,znewman@outlook.com,Glasgow,MTR0016,Flat,04/01/2024 04:33:36,0.5,0.58,FALSE,0,,FALSE,,
REC005195,CUST016,Miss Sian Hughes,znewman@outlook.com,Glasgow,MTR0016,Flat,04/01/2024 05:02:24,1.05,1.13,FALSE,0,,FALSE,,
REC005196,CUST016,Miss Sian Hughes,znewman@outlook.com,Glasgow,MTR0016,Flat,04/01/2024 05:31:12,1.2,1.01,FALSE,0,,FALSE,,
REC005197,CUST016,Miss Sian Hughes,znewman@outlook.com,Glasgow,MTR0016,Flat,04/01/2024 06:00:00,0.94,1.04,FALSE,0,,FALSE,,
REC005198,CUST016,Miss Sian Hughes,znewman@outlook.com,Glasgow,MTR0016,Flat,04/01/2024 06:28:48,1.01,1.14,FALSE,0,,FALSE,,
REC005199,CUST016,Miss Sian Hughes,znewman@outlook.com,Glasgow,MTR0016,Flat,04/01/2024 06:57:36,0.44,0.45,FALSE,0,,FALSE,,
REC005200,CUST016,Miss Sian Hughes,znewman@outlook.com,Glasgow,MTR0016,Flat,04/01/2024 07:26:24,0.96,1.02,FALSE,0,,FALSE,,
REC005201,CUST016,Miss Sian Hughes,znewman@outlook.com,Glasgow,MTR0016,Flat,04/01/2024 07:55:12,1,0.99,FALSE,0,,FALSE,,
REC005202,CUST016,Miss Sian Hughes,znewman@outlook.com,Glasgow,MTR0016,Flat,04/01/2024 08:24:00,0.47,0.39,FALSE,0,,FALSE,,
REC005203,CUST016,Miss Sian Hughes,znewman@outlook.com,Glasgow,MTR0016,Flat,04/01/2024 09:07:12,0.81,0.83,FALSE,0,,FALSE,,
REC005204,CUST016,Miss Sian Hughes,znewman@outlook.com,Glasgow,MTR0016,Flat,04/01/2024 09:36:00,0.47,0.46,FALSE,0,,FALSE,,
REC005205,CUST016,Miss Sian Hughes,znewman@outlook.com,Glasgow,MTR0016,Flat,04/01/2024 10:04:48,0.4,0.31,FALSE,0,,FALSE,,
REC005206,CUST016,Miss Sian Hughes,znewman@outlook.com,Glasgow,MTR0016,Flat,04/01/2024 10:33:36,0.92,0.9,FALSE,0,,FALSE,,
REC005207,CUST016,Miss Sian Hughes,znewman@outlook.com,Glasgow,MTR0016,Flat,04/01/2024 11:02:24,1.12,1.18,FALSE,0,,FALSE,,
REC005208,CUST016,Miss Sian Hughes,znewman@outlook.com,Glasgow,MTR0016,Flat,04/01/2024 11:31:12,1.28,1.18,FALSE,0,,FALSE,,
REC005209,CUST016,Miss Sian Hughes,znewman@outlook.com,Glasgow,MTR0016,Flat,04/01/2024 12:00:00,0.6,0.56,FALSE,0,,FALSE,,
REC005210,CUST016,Miss Sian Hughes,znewman@outlook.com,Glasgow,MTR0016,Flat,04/01/2024 12:28:48,0.56,0.41,FALSE,0,,FALSE,,
REC005211,CUST016,Miss Sian Hughes,znewman@outlook.com,Glasgow,MTR0016,Flat,04/01/2024 12:57:36,0.9,0.78,FALSE,0,,FALSE,,
REC005212,CUST016,Miss Sian Hughes,znewman@outlook.com,Glasgow,MTR0016,Flat,04/01/2024 13:26:24,0.92,0.98,FALSE,0,,FALSE,,
REC005213,CUST016,Miss Sian Hughes,znewman@outlook.com,Glasgow,MTR0016,Flat,04/01/2024 13:55:12,1.12,1.12,FALSE,0,,FALSE,,
REC005214,CUST016,Miss Sian Hughes,znewman@outlook.com,Glasgow,MTR0016,Flat,04/01/2024 14:24:00,0.85,0.87,FALSE,0,,FALSE,,
REC005215,CUST016,Miss Sian Hughes,znewman@outlook.com,Glasgow,MTR0016,Flat,04/01/2024 15:07:12,1.02,1.19,FALSE,0,,FALSE,,
REC005216,CUST016,Miss Sian Hughes,znewman@outlook.com,Glasgow,MTR0016,Flat,04/01/2024 15:36:00,0.76,0.86,FALSE,0,,FALSE,,
REC005217,CUST016,Miss Sian Hughes,znewman@outlook.com,Glasgow,MTR0016,Flat,04/01/2024 16:04:48,1.23,1.04,FALSE,0,,FALSE,,
REC005218,CUST016,Miss Sian Hughes,znewman@outlook.com,Glasgow,MTR0016,Flat,04/01/2024 16:33:36,0.97,1.07,FALSE,0,,FALSE,,
REC005219,CUST016,Miss Sian Hughes,znewman@outlook.com,Glasgow,MTR0016,Flat,04/01/2024 17:02:24,0.68,0.74,FALSE,0,,FALSE,,
REC005220,CUST016,Miss Sian Hughes,znewman@outlook.com,Glasgow,MTR0016,Flat,04/01/2024 17:31:12,0.25,0.3,FALSE,0,,FALSE,,
REC005221,CUST016,Miss Sian Hughes,znewman@outlook.com,Glasgow,MTR0016,Flat,04/01/2024 18:00:00,0.92,0.95,FALSE,0,,FALSE,,
REC005222,CUST016,Miss Sian Hughes,znewman@outlook.com,Glasgow,MTR0016,Flat,04/01/2024 18:28:48,0.53,0.57,FALSE,0,,FALSE,,
REC005223,CUST016,Miss Sian Hughes,znewman@outlook.com,Glasgow,MTR0016,Flat,04/01/2024 18:57:36,0.96,0.8,FALSE,0,,FALSE,,
REC005224,CUST016,Miss Sian Hughes,znewman@outlook.com,Glasgow,MTR0016,Flat,04/01/2024 19:26:24,0.25,0.35,FALSE,0,,FALSE,,
REC005225,CUST016,Miss Sian Hughes,znewman@outlook.com,Glasgow,MTR0016,Flat,04/01/2024 19:55:12,0.2,0.41,FALSE,0,,FALSE,,
REC005226,CUST016,Miss Sian Hughes,znewman@outlook.com,Glasgow,MTR0016,Flat,04/01/2024 20:24:00,0.57,0.57,FALSE,0,,FALSE,,
REC005227,CUST016,Miss Sian Hughes,znewman@outlook.com,Glasgow,MTR0016,Flat,04/01/2024 21:07:12,0.39,0.36,FALSE,0,,FALSE,,
REC005228,CUST016,Miss Sian Hughes,znewman@outlook.com,Glasgow,MTR0016,Flat,04/01/2024 21:36:00,0.47,0.41,FALSE,0,,FALSE,,
REC005229,CUST016,Miss Sian Hughes,znewman@outlook.com,Glasgow,MTR0016,Flat,04/01/2024 22:04:48,0.53,0.36,TRUE,47.22,Overnight appliance,TRUE,1/4/2024 22:15,TRUE
REC005230,CUST016,Miss Sian Hughes,znewman@outlook.com,Glasgow,MTR0016,Flat,04/01/2024 22:33:36,0.91,0.98,FALSE,0,,FALSE,,
REC005231,CUST016,Miss Sian Hughes,znewman@outlook.com,Glasgow,MTR0016,Flat,04/01/2024 23:02:24,0.74,1,FALSE,0,,FALSE,,
REC005232,CUST016,Miss Sian Hughes,znewman@outlook.com,Glasgow,MTR0016,Flat,04/01/2024 23:31:12,0.23,0.31,FALSE,0,,FALSE,,
REC005233,CUST016,Miss Sian Hughes,znewman@outlook.com,Glasgow,MTR0016,Flat,05/01/2024 00:00:00,1,1.13,FALSE,0,,FALSE,,
REC005234,CUST016,Miss Sian Hughes,znewman@outlook.com,Glasgow,MTR0016,Flat,05/01/2024 00:28:48,1.17,1.13,FALSE,0,,FALSE,,
REC005235,CUST016,Miss Sian Hughes,znewman@outlook.com,Glasgow,MTR0016,Flat,05/01/2024 00:57:36,1.15,1.12,FALSE,0,,FALSE,,
REC005236,CUST016,Miss Sian Hughes,znewman@outlook.com,Glasgow,MTR0016,Flat,05/01/2024 01:26:24,0.55,0.51,FALSE,0,,FALSE,,
REC005237,CUST016,Miss Sian Hughes,znewman@outlook.com,Glasgow,MTR0016,Flat,05/01/2024 01:55:12,0.39,0.39,FALSE,0,,FALSE,,
REC005238,CUST016,Miss Sian Hughes,znewman@outlook.com,Glasgow,MTR0016,Flat,05/01/2024 02:24:00,0.47,0.51,FALSE,0,,FALSE,,
REC005239,CUST016,Miss Sian Hughes,znewman@outlook.com,Glasgow,MTR0016,Flat,05/01/2024 03:07:12,0.84,0.92,FALSE,0,,FALSE,,
REC005240,CUST016,Miss Sian Hughes,znewman@outlook.com,Glasgow,MTR0016,Flat,05/01/2024 03:36:00,0.46,0.45,FALSE,0,,FALSE,,
REC005241,CUST016,Miss Sian Hughes,znewman@outlook.com,Glasgow,MTR0016,Flat,05/01/2024 04:04:48,0.7,0.65,FALSE,0,,FALSE,,
REC005242,CUST016,Miss Sian Hughes,znewman@outlook.com,Glasgow,MTR0016,Flat,05/01/2024 04:33:36,0.61,0.67,FALSE,0,,FALSE,,
REC005243,CUST016,Miss Sian Hughes,znewman@outlook.com,Glasgow,MTR0016,Flat,05/01/2024 05:02:24,0.29,0.38,FALSE,0,,FALSE,,
REC005244,CUST016,Miss Sian Hughes,znewman@outlook.com,Glasgow,MTR0016,Flat,05/01/2024 05:31:12,0.42,0.42,FALSE,0,,FALSE,,
REC005245,CUST016,Miss Sian Hughes,znewman@outlook.com,Glasgow,MTR0016,Flat,05/01/2024 06:00:00,0.47,0.52,FALSE,0,,FALSE,,
REC005246,CUST016,Miss Sian Hughes,znewman@outlook.com,Glasgow,MTR0016,Flat,05/01/2024 06:28:48,0.65,0.55,FALSE,0,,FALSE,,
REC005247,CUST016,Miss Sian Hughes,znewman@outlook.com,Glasgow,MTR0016,Flat,05/01/2024 06:57:36,0.88,0.79,FALSE,0,,FALSE,,
REC005248,CUST016,Miss Sian Hughes,znewman@outlook.com,Glasgow,MTR0016,Flat,05/01/2024 07:26:24,1.11,1.06,FALSE,0,,FALSE,,
REC005249,CUST016,Miss Sian Hughes,znewman@outlook.com,Glasgow,MTR0016,Flat,05/01/2024 07:55:12,0.91,0.91,FALSE,0,,FALSE,,
REC005250,CUST016,Miss Sian Hughes,znewman@outlook.com,Glasgow,MTR0016,Flat,05/01/2024 08:24:00,1.18,1.12,FALSE,0,,FALSE,,
REC005251,CUST016,Miss Sian Hughes,znewman@outlook.com,Glasgow,MTR0016,Flat,05/01/2024 09:07:12,1.12,1.17,FALSE,0,,FALSE,,
REC005252,CUST016,Miss Sian Hughes,znewman@outlook.com,Glasgow,MTR0016,Flat,05/01/2024 09:36:00,0.56,0.48,FALSE,0,,FALSE,,
REC005253,CUST016,Miss Sian Hughes,znewman@outlook.com,Glasgow,MTR0016,Flat,05/01/2024 10:04:48,0.89,0.79,FALSE,0,,FALSE,,
REC005254,CUST016,Miss Sian Hughes,znewman@outlook.com,Glasgow,MTR0016,Flat,05/01/2024 10:33:36,0.38,0.39,FALSE,0,,FALSE,,
REC005255,CUST016,Miss Sian Hughes,znewman@outlook.com,Glasgow,MTR0016,Flat,05/01/2024 11:02:24,0.49,0.53,FALSE,0,,FALSE,,
REC005256,CUST016,Miss Sian Hughes,znewman@outlook.com,Glasgow,MTR0016,Flat,05/01/2024 11:31:12,0.61,0.59,FALSE,0,,FALSE,,
REC005257,CUST016,Miss Sian Hughes,znewman@outlook.com,Glasgow,MTR0016,Flat,05/01/2024 12:00:00,0.54,0.65,FALSE,0,,FALSE,,
REC005258,CUST016,Miss Sian Hughes,znewman@outlook.com,Glasgow,MTR0016,Flat,05/01/2024 12:28:48,1.11,1.07,FALSE,0,,FALSE,,
REC005259,CUST016,Miss Sian Hughes,znewman@outlook.com,Glasgow,MTR0016,Flat,05/01/2024 12:57:36,0.69,0.7,FALSE,0,,FALSE,,
REC005260,CUST016,Miss Sian Hughes,znewman@outlook.com,Glasgow,MTR0016,Flat,05/01/2024 13:26:24,0.63,0.55,FALSE,0,,FALSE,,
REC005261,CUST016,Miss Sian Hughes,znewman@outlook.com,Glasgow,MTR0016,Flat,05/01/2024 13:55:12,0.43,0.43,FALSE,0,,FALSE,,
REC005262,CUST016,Miss Sian Hughes,znewman@outlook.com,Glasgow,MTR0016,Flat,05/01/2024 14:24:00,0.39,0.4,FALSE,0,,FALSE,,
REC005263,CUST016,Miss Sian Hughes,znewman@outlook.com,Glasgow,MTR0016,Flat,05/01/2024 15:07:12,0.49,0.65,FALSE,0,,FALSE,,
REC005264,CUST016,Miss Sian Hughes,znewman@outlook.com,Glasgow,MTR0016,Flat,05/01/2024 15:36:00,0.52,0.46,FALSE,0,,FALSE,,
REC005265,CUST016,Miss Sian Hughes,znewman@outlook.com,Glasgow,MTR0016,Flat,05/01/2024 16:04:48,1.04,1,FALSE,0,,FALSE,,
REC005266,CUST016,Miss Sian Hughes,znewman@outlook.com,Glasgow,MTR0016,Flat,05/01/2024 16:33:36,0.57,0.59,FALSE,0,,FALSE,,
REC005267,CUST016,Miss Sian Hughes,znewman@outlook.com,Glasgow,MTR0016,Flat,05/01/2024 17:02:24,0.88,0.89,FALSE,0,,FALSE,,
REC005268,CUST016,Miss Sian Hughes,znewman@outlook.com,Glasgow,MTR0016,Flat,05/01/2024 17:31:12,0.98,1,FALSE,0,,FALSE,,
REC005269,CUST016,Miss Sian Hughes,znewman@outlook.com,Glasgow,MTR0016,Flat,05/01/2024 18:00:00,0.77,0.78,FALSE,0,,FALSE,,
REC005270,CUST016,Miss Sian Hughes,znewman@outlook.com,Glasgow,MTR0016,Flat,05/01/2024 18:28:48,1.15,1.08,FALSE,0,,FALSE,,
REC005271,CUST016,Miss Sian Hughes,znewman@outlook.com,Glasgow,MTR0016,Flat,05/01/2024 18:57:36,0.78,0.7,FALSE,0,,FALSE,,
REC005272,CUST016,Miss Sian Hughes,znewman@outlook.com,Glasgow,MTR0016,Flat,05/01/2024 19:26:24,1.03,1.06,FALSE,0,,FALSE,,
REC005273,CUST016,Miss Sian Hughes,znewman@outlook.com,Glasgow,MTR0016,Flat,05/01/2024 19:55:12,0.42,0.49,FALSE,0,,FALSE,,
REC005274,CUST016,Miss Sian Hughes,znewman@outlook.com,Glasgow,MTR0016,Flat,05/01/2024 20:24:00,1.07,1.05,FALSE,0,,FALSE,,
REC005275,CUST016,Miss Sian Hughes,znewman@outlook.com,Glasgow,MTR0016,Flat,05/01/2024 21:07:12,0.44,0.46,FALSE,0,,FALSE,,
REC005276,CUST016,Miss Sian Hughes,znewman@outlook.com,Glasgow,MTR0016,Flat,05/01/2024 21:36:00,0.75,0.82,FALSE,0,,FALSE,,
REC005277,CUST016,Miss Sian Hughes,znewman@outlook.com,Glasgow,MTR0016,Flat,05/01/2024 22:04:48,1.06,1.07,FALSE,0,,FALSE,,
REC005278,CUST016,Miss Sian Hughes,znewman@outlook.com,Glasgow,MTR0016,Flat,05/01/2024 22:33:36,0.39,0.35,FALSE,0,,FALSE,,
REC005279,CUST016,Miss Sian Hughes,znewman@outlook.com,Glasgow,MTR0016,Flat,05/01/2024 23:02:24,0.8,0.97,FALSE,0,,FALSE,,
REC005280,CUST016,Miss Sian Hughes,znewman@outlook.com,Glasgow,MTR0016,Flat,05/01/2024 23:31:12,0.79,0.58,FALSE,0,,FALSE,,
REC005281,CUST016,Miss Sian Hughes,znewman@outlook.com,Glasgow,MTR0016,Flat,06/01/2024 00:00:00,0.87,0.75,FALSE,0,,FALSE,,
REC005282,CUST016,Miss Sian Hughes,znewman@outlook.com,Glasgow,MTR0016,Flat,06/01/2024 00:28:48,0.71,0.79,FALSE,0,,FALSE,,
REC005283,CUST016,Miss Sian Hughes,znewman@outlook.com,Glasgow,MTR0016,Flat,06/01/2024 00:57:36,0.93,1.09,FALSE,0,,FALSE,,
REC005284,CUST016,Miss Sian Hughes,znewman@outlook.com,Glasgow,MTR0016,Flat,06/01/2024 01:26:24,1.1,1.07,FALSE,0,,FALSE,,
REC005285,CUST016,Miss Sian Hughes,znewman@outlook.com,Glasgow,MTR0016,Flat,06/01/2024 01:55:12,0.85,0.8,FALSE,0,,FALSE,,
REC005286,CUST016,Miss Sian Hughes,znewman@outlook.com,Glasgow,MTR0016,Flat,06/01/2024 02:24:00,0.5,0.62,FALSE,0,,FALSE,,
REC005287,CUST016,Miss Sian Hughes,znewman@outlook.com,Glasgow,MTR0016,Flat,06/01/2024 03:07:12,1.23,1.06,FALSE,0,,FALSE,,
REC005288,CUST016,Miss Sian Hughes,znewman@outlook.com,Glasgow,MTR0016,Flat,06/01/2024 03:36:00,0.35,0.39,FALSE,0,,FALSE,,
REC005289,CUST016,Miss Sian Hughes,znewman@outlook.com,Glasgow,MTR0016,Flat,06/01/2024 04:04:48,0.61,0.66,FALSE,0,,FALSE,,
REC005290,CUST016,Miss Sian Hughes,znewman@outlook.com,Glasgow,MTR0016,Flat,06/01/2024 04:33:36,0.52,0.6,FALSE,0,,FALSE,,
REC005291,CUST016,Miss Sian Hughes,znewman@outlook.com,Glasgow,MTR0016,Flat,06/01/2024 05:02:24,0.97,0.89,FALSE,0,,FALSE,,
REC005292,CUST016,Miss Sian Hughes,znewman@outlook.com,Glasgow,MTR0016,Flat,06/01/2024 05:31:12,0.84,0.76,FALSE,0,,FALSE,,
REC005293,CUST016,Miss Sian Hughes,znewman@outlook.com,Glasgow,MTR0016,Flat,06/01/2024 06:00:00,0.93,1.03,FALSE,0,,FALSE,,
REC005294,CUST016,Miss Sian Hughes,znewman@outlook.com,Glasgow,MTR0016,Flat,06/01/2024 06:28:48,0.79,0.81,FALSE,0,,FALSE,,
REC005295,CUST016,Miss Sian Hughes,znewman@outlook.com,Glasgow,MTR0016,Flat,06/01/2024 06:57:36,1.2,1.16,FALSE,0,,FALSE,,
REC005296,CUST016,Miss Sian Hughes,znewman@outlook.com,Glasgow,MTR0016,Flat,06/01/2024 07:26:24,1.02,0.88,FALSE,0,,FALSE,,
REC005297,CUST016,Miss Sian Hughes,znewman@outlook.com,Glasgow,MTR0016,Flat,06/01/2024 07:55:12,0.96,1.14,FALSE,0,,FALSE,,
REC005298,CUST016,Miss Sian Hughes,znewman@outlook.com,Glasgow,MTR0016,Flat,06/01/2024 08:24:00,1.1,1.18,FALSE,0,,FALSE,,
REC005299,CUST016,Miss Sian Hughes,znewman@outlook.com,Glasgow,MTR0016,Flat,06/01/2024 09:07:12,1.04,1.08,FALSE,0,,FALSE,,
REC005300,CUST016,Miss Sian Hughes,znewman@outlook.com,Glasgow,MTR0016,Flat,06/01/2024 09:36:00,0.47,0.67,FALSE,0,,FALSE,,
REC005301,CUST016,Miss Sian Hughes,znewman@outlook.com,Glasgow,MTR0016,Flat,06/01/2024 10:04:48,0.42,0.43,FALSE,0,,FALSE,,
REC005302,CUST016,Miss Sian Hughes,znewman@outlook.com,Glasgow,MTR0016,Flat,06/01/2024 10:33:36,1.14,1.09,FALSE,0,,FALSE,,
REC005303,CUST016,Miss Sian Hughes,znewman@outlook.com,Glasgow,MTR0016,Flat,06/01/2024 11:02:24,0.43,0.47,FALSE,0,,FALSE,,
REC005304,CUST016,Miss Sian Hughes,znewman@outlook.com,Glasgow,MTR0016,Flat,06/01/2024 11:31:12,0.99,0.99,FALSE,0,,FALSE,,
REC005305,CUST016,Miss Sian Hughes,znewman@outlook.com,Glasgow,MTR0016,Flat,06/01/2024 12:00:00,0.77,0.82,FALSE,0,,FALSE,,
REC005306,CUST016,Miss Sian Hughes,znewman@outlook.com,Glasgow,MTR0016,Flat,06/01/2024 12:28:48,0.5,0.49,FALSE,0,,FALSE,,
REC005307,CUST016,Miss Sian Hughes,znewman@outlook.com,Glasgow,MTR0016,Flat,06/01/2024 12:57:36,0.46,0.37,FALSE,0,,FALSE,,
REC005308,CUST016,Miss Sian Hughes,znewman@outlook.com,Glasgow,MTR0016,Flat,06/01/2024 13:26:24,0.67,0.81,FALSE,0,,FALSE,,
REC005309,CUST016,Miss Sian Hughes,znewman@outlook.com,Glasgow,MTR0016,Flat,06/01/2024 13:55:12,0.68,0.85,FALSE,0,,FALSE,,
REC005310,CUST016,Miss Sian Hughes,znewman@outlook.com,Glasgow,MTR0016,Flat,06/01/2024 14:24:00,0.56,0.52,FALSE,0,,FALSE,,
REC005311,CUST016,Miss Sian Hughes,znewman@outlook.com,Glasgow,MTR0016,Flat,06/01/2024 15:07:12,0.46,0.42,FALSE,0,,FALSE,,
REC005312,CUST016,Miss Sian Hughes,znewman@outlook.com,Glasgow,MTR0016,Flat,06/01/2024 15:36:00,0.58,0.47,FALSE,0,,FALSE,,
REC005313,CUST016,Miss Sian Hughes,znewman@outlook.com,Glasgow,MTR0016,Flat,06/01/2024 16:04:48,0.5,0.46,FALSE,0,,FALSE,,
REC005314,CUST016,Miss Sian Hughes,znewman@outlook.com,Glasgow,MTR0016,Flat,06/01/2024 16:33:36,0.95,0.89,FALSE,0,,FALSE,,
REC005315,CUST016,Miss Sian Hughes,znewman@outlook.com,Glasgow,MTR0016,Flat,06/01/2024 17:02:24,0.61,0.67,FALSE,0,,FALSE,,
REC005316,CUST016,Miss Sian Hughes,znewman@outlook.com,Glasgow,MTR0016,Flat,06/01/2024 17:31:12,1.16,1.06,FALSE,0,,FALSE,,
REC005317,CUST016,Miss Sian Hughes,znewman@outlook.com,Glasgow,MTR0016,Flat,06/01/2024 18:00:00,0.92,0.98,FALSE,0,,FALSE,,
REC005318,CUST016,Miss Sian Hughes,znewman@outlook.com,Glasgow,MTR0016,Flat,06/01/2024 18:28:48,0.3,0.47,FALSE,0,,FALSE,,
REC005319,CUST016,Miss Sian Hughes,znewman@outlook.com,Glasgow,MTR0016,Flat,06/01/2024 18:57:36,0.3,0.4,FALSE,0,,FALSE,,
REC005320,CUST016,Miss Sian Hughes,znewman@outlook.com,Glasgow,MTR0016,Flat,06/01/2024 19:26:24,1.13,1.04,FALSE,0,,FALSE,,
REC005321,CUST016,Miss Sian Hughes,znewman@outlook.com,Glasgow,MTR0016,Flat,06/01/2024 19:55:12,1.19,1.2,FALSE,0,,FALSE,,
REC005322,CUST016,Miss Sian Hughes,znewman@outlook.com,Glasgow,MTR0016,Flat,06/01/2024 20:24:00,0.94,1.02,FALSE,0,,FALSE,,
REC005323,CUST016,Miss Sian Hughes,znewman@outlook.com,Glasgow,MTR0016,Flat,06/01/2024 21:07:12,0.94,1.01,FALSE,0,,FALSE,,
REC005324,CUST016,Miss Sian Hughes,znewman@outlook.com,Glasgow,MTR0016,Flat,06/01/2024 21:36:00,0.83,0.71,FALSE,0,,FALSE,,
REC005325,CUST016,Miss Sian Hughes,znewman@outlook.com,Glasgow,MTR0016,Flat,06/01/2024 22:04:48,0.82,0.84,FALSE,0,,FALSE,,
REC005326,CUST016,Miss Sian Hughes,znewman@outlook.com,Glasgow,MTR0016,Flat,06/01/2024 22:33:36,1.22,1.19,FALSE,0,,FALSE,,
REC005327,CUST016,Miss Sian Hughes,znewman@outlook.com,Glasgow,MTR0016,Flat,06/01/2024 23:02:24,1.13,0.9,FALSE,0,,FALSE,,
REC005328,CUST016,Miss Sian Hughes,znewman@outlook.com,Glasgow,MTR0016,Flat,06/01/2024 23:31:12,0.48,0.55,FALSE,0,,FALSE,,
REC005329,CUST016,Miss Sian Hughes,znewman@outlook.com,Glasgow,MTR0016,Flat,07/01/2024 00:00:00,0.67,0.55,FALSE,0,,FALSE,,
REC005330,CUST016,Miss Sian Hughes,znewman@outlook.com,Glasgow,MTR0016,Flat,07/01/2024 00:28:48,0.78,0.85,FALSE,0,,FALSE,,
REC005331,CUST016,Miss Sian Hughes,znewman@outlook.com,Glasgow,MTR0016,Flat,07/01/2024 00:57:36,0.42,0.39,FALSE,0,,FALSE,,
REC005332,CUST016,Miss Sian Hughes,znewman@outlook.com,Glasgow,MTR0016,Flat,07/01/2024 01:26:24,1.27,1.16,FALSE,0,,FALSE,,
REC005333,CUST016,Miss Sian Hughes,znewman@outlook.com,Glasgow,MTR0016,Flat,07/01/2024 01:55:12,0.89,0.9,FALSE,0,,FALSE,,
REC005334,CUST016,Miss Sian Hughes,znewman@outlook.com,Glasgow,MTR0016,Flat,07/01/2024 02:24:00,0.75,0.88,FALSE,0,,FALSE,,
REC005335,CUST016,Miss Sian Hughes,znewman@outlook.com,Glasgow,MTR0016,Flat,07/01/2024 03:07:12,0.29,0.33,FALSE,0,,FALSE,,
REC005336,CUST016,Miss Sian Hughes,znewman@outlook.com,Glasgow,MTR0016,Flat,07/01/2024 03:36:00,0.58,0.74,FALSE,0,,FALSE,,
REC005337,CUST016,Miss Sian Hughes,znewman@outlook.com,Glasgow,MTR0016,Flat,07/01/2024 04:04:48,0.51,0.42,FALSE,0,,FALSE,,
REC005338,CUST016,Miss Sian Hughes,znewman@outlook.com,Glasgow,MTR0016,Flat,07/01/2024 04:33:36,0.74,0.57,FALSE,0,,FALSE,,
REC005339,CUST016,Miss Sian Hughes,znewman@outlook.com,Glasgow,MTR0016,Flat,07/01/2024 05:02:24,0.29,0.31,FALSE,0,,FALSE,,
REC005340,CUST016,Miss Sian Hughes,znewman@outlook.com,Glasgow,MTR0016,Flat,07/01/2024 05:31:12,0.37,0.44,FALSE,0,,FALSE,,
REC005341,CUST016,Miss Sian Hughes,znewman@outlook.com,Glasgow,MTR0016,Flat,07/01/2024 06:00:00,0.72,0.64,FALSE,0,,FALSE,,
REC005342,CUST016,Miss Sian Hughes,znewman@outlook.com,Glasgow,MTR0016,Flat,07/01/2024 06:28:48,0.72,0.51,TRUE,41.18,Overnight appliance,TRUE,1/7/2024 06:52,TRUE
REC005343,CUST016,Miss Sian Hughes,znewman@outlook.com,Glasgow,MTR0016,Flat,07/01/2024 06:57:36,0.71,0.61,FALSE,0,,FALSE,,
REC005344,CUST016,Miss Sian Hughes,znewman@outlook.com,Glasgow,MTR0016,Flat,07/01/2024 07:26:24,1.01,0.98,FALSE,0,,FALSE,,
REC005345,CUST016,Miss Sian Hughes,znewman@outlook.com,Glasgow,MTR0016,Flat,07/01/2024 07:55:12,0.66,0.8,FALSE,0,,FALSE,,
REC005346,CUST016,Miss Sian Hughes,znewman@outlook.com,Glasgow,MTR0016,Flat,07/01/2024 08:24:00,0.95,1.09,FALSE,0,,FALSE,,
REC005347,CUST016,Miss Sian Hughes,znewman@outlook.com,Glasgow,MTR0016,Flat,07/01/2024 09:07:12,0.32,0.34,FALSE,0,,FALSE,,
REC005348,CUST016,Miss Sian Hughes,znewman@outlook.com,Glasgow,MTR0016,Flat,07/01/2024 09:36:00,0.85,0.84,FALSE,0,,FALSE,,
REC005349,CUST016,Miss Sian Hughes,znewman@outlook.com,Glasgow,MTR0016,Flat,07/01/2024 10:04:48,0.71,0.74,FALSE,0,,FALSE,,
REC005350,CUST016,Miss Sian Hughes,znewman@outlook.com,Glasgow,MTR0016,Flat,07/01/2024 10:33:36,1.04,1.1,FALSE,0,,FALSE,,
REC005351,CUST016,Miss Sian Hughes,znewman@outlook.com,Glasgow,MTR0016,Flat,07/01/2024 11:02:24,0.72,0.79,FALSE,0,,FALSE,,
REC005352,CUST016,Miss Sian Hughes,znewman@outlook.com,Glasgow,MTR0016,Flat,07/01/2024 11:31:12,0.93,0.94,FALSE,0,,FALSE,,
REC005353,CUST016,Miss Sian Hughes,znewman@outlook.com,Glasgow,MTR0016,Flat,07/01/2024 12:00:00,0.95,0.93,FALSE,0,,FALSE,,
REC005354,CUST016,Miss Sian Hughes,znewman@outlook.com,Glasgow,MTR0016,Flat,07/01/2024 12:28:48,0.93,0.69,FALSE,0,,FALSE,,
REC005355,CUST016,Miss Sian Hughes,znewman@outlook.com,Glasgow,MTR0016,Flat,07/01/2024 12:57:36,0.66,0.83,FALSE,0,,FALSE,,
REC005356,CUST016,Miss Sian Hughes,znewman@outlook.com,Glasgow,MTR0016,Flat,07/01/2024 13:26:24,0.78,0.7,FALSE,0,,FALSE,,
REC005357,CUST016,Miss Sian Hughes,znewman@outlook.com,Glasgow,MTR0016,Flat,07/01/2024 13:55:12,0.98,1.03,FALSE,0,,FALSE,,
REC005358,CUST016,Miss Sian Hughes,znewman@outlook.com,Glasgow,MTR0016,Flat,07/01/2024 14:24:00,0.83,0.91,FALSE,0,,FALSE,,
REC005359,CUST016,Miss Sian Hughes,znewman@outlook.com,Glasgow,MTR0016,Flat,07/01/2024 15:07:12,0.54,0.58,FALSE,0,,FALSE,,
REC005360,CUST016,Miss Sian Hughes,znewman@outlook.com,Glasgow,MTR0016,Flat,07/01/2024 15:36:00,1.02,0.99,FALSE,0,,FALSE,,
REC005361,CUST016,Miss Sian Hughes,znewman@outlook.com,Glasgow,MTR0016,Flat,07/01/2024 16:04:48,0.18,0.36,FALSE,0,,FALSE,,
REC005362,CUST016,Miss Sian Hughes,znewman@outlook.com,Glasgow,MTR0016,Flat,07/01/2024 16:33:36,0.61,0.51,FALSE,0,,FALSE,,
REC005363,CUST016,Miss Sian Hughes,znewman@outlook.com,Glasgow,MTR0016,Flat,07/01/2024 17:02:24,0.89,0.86,FALSE,0,,FALSE,,
REC005364,CUST016,Miss Sian Hughes,znewman@outlook.com,Glasgow,MTR0016,Flat,07/01/2024 17:31:12,1.18,1.18,FALSE,0,,FALSE,,
REC005365,CUST016,Miss Sian Hughes,znewman@outlook.com,Glasgow,MTR0016,Flat,07/01/2024 18:00:00,0.82,0.87,FALSE,0,,FALSE,,
REC005366,CUST016,Miss Sian Hughes,znewman@outlook.com,Glasgow,MTR0016,Flat,07/01/2024 18:28:48,0.62,0.91,FALSE,0,,FALSE,,
REC005367,CUST016,Miss Sian Hughes,znewman@outlook.com,Glasgow,MTR0016,Flat,07/01/2024 18:57:36,0.34,0.39,FALSE,0,,FALSE,,
REC005368,CUST016,Miss Sian Hughes,znewman@outlook.com,Glasgow,MTR0016,Flat,07/01/2024 19:26:24,0.35,0.37,FALSE,0,,FALSE,,
REC005369,CUST016,Miss Sian Hughes,znewman@outlook.com,Glasgow,MTR0016,Flat,07/01/2024 19:55:12,0.63,0.48,FALSE,0,,FALSE,,
REC005370,CUST016,Miss Sian Hughes,znewman@outlook.com,Glasgow,MTR0016,Flat,07/01/2024 20:24:00,0.73,0.74,FALSE,0,,FALSE,,
REC005371,CUST016,Miss Sian Hughes,znewman@outlook.com,Glasgow,MTR0016,Flat,07/01/2024 21:07:12,0.61,0.6,FALSE,0,,FALSE,,
REC005372,CUST016,Miss Sian Hughes,znewman@outlook.com,Glasgow,MTR0016,Flat,07/01/2024 21:36:00,0.46,0.54,FALSE,0,,FALSE,,
REC005373,CUST016,Miss Sian Hughes,znewman@outlook.com,Glasgow,MTR0016,Flat,07/01/2024 22:04:48,0.84,0.85,FALSE,0,,FALSE,,
REC005374,CUST016,Miss Sian Hughes,znewman@outlook.com,Glasgow,MTR0016,Flat,07/01/2024 22:33:36,1.02,1.17,FALSE,0,,FALSE,,
REC005375,CUST016,Miss Sian Hughes,znewman@outlook.com,Glasgow,MTR0016,Flat,07/01/2024 23:02:24,0.96,0.99,FALSE,0,,FALSE,,
REC005376,CUST016,Miss Sian Hughes,znewman@outlook.com,Glasgow,MTR0016,Flat,07/01/2024 23:31:12,1.26,1.19,FALSE,0,,FALSE,,
REC005377,CUST017,Molly Fisher,annamurray@hotmail.co.uk,Bristol,MTR0017,Detached,01/01/2024 00:00:00,0.37,0.39,FALSE,0,,FALSE,,
REC005378,CUST017,Molly Fisher,annamurray@hotmail.co.uk,Bristol,MTR0017,Detached,01/01/2024 00:28:48,1.15,1.17,FALSE,0,,FALSE,,
REC005379,CUST017,Molly Fisher,annamurray@hotmail.co.uk,Bristol,MTR0017,Detached,01/01/2024 00:57:36,0.97,0.9,FALSE,0,,FALSE,,
REC005380,CUST017,Molly Fisher,annamurray@hotmail.co.uk,Bristol,MTR0017,Detached,01/01/2024 01:26:24,0.85,0.78,FALSE,0,,FALSE,,
REC005381,CUST017,Molly Fisher,annamurray@hotmail.co.uk,Bristol,MTR0017,Detached,01/01/2024 01:55:12,0.85,1.02,FALSE,0,,FALSE,,
REC005382,CUST017,Molly Fisher,annamurray@hotmail.co.uk,Bristol,MTR0017,Detached,01/01/2024 02:24:00,0.89,0.8,FALSE,0,,FALSE,,
REC005383,CUST017,Molly Fisher,annamurray@hotmail.co.uk,Bristol,MTR0017,Detached,01/01/2024 03:07:12,0.93,0.78,FALSE,0,,FALSE,,
REC005384,CUST017,Molly Fisher,annamurray@hotmail.co.uk,Bristol,MTR0017,Detached,01/01/2024 03:36:00,0.34,0.39,FALSE,0,,FALSE,,
REC005385,CUST017,Molly Fisher,annamurray@hotmail.co.uk,Bristol,MTR0017,Detached,01/01/2024 04:04:48,0.96,1,FALSE,0,,FALSE,,
REC005386,CUST017,Molly Fisher,annamurray@hotmail.co.uk,Bristol,MTR0017,Detached,01/01/2024 04:33:36,0.62,0.63,FALSE,0,,FALSE,,
REC005387,CUST017,Molly Fisher,annamurray@hotmail.co.uk,Bristol,MTR0017,Detached,01/01/2024 05:02:24,0.75,0.85,FALSE,0,,FALSE,,
REC005388,CUST017,Molly Fisher,annamurray@hotmail.co.uk,Bristol,MTR0017,Detached,01/01/2024 05:31:12,0.77,0.65,FALSE,0,,FALSE,,
REC005389,CUST017,Molly Fisher,annamurray@hotmail.co.uk,Bristol,MTR0017,Detached,01/01/2024 06:00:00,1.14,0.97,FALSE,0,,FALSE,,
REC005390,CUST017,Molly Fisher,annamurray@hotmail.co.uk,Bristol,MTR0017,Detached,01/01/2024 06:28:48,0.75,0.65,FALSE,0,,FALSE,,
REC005391,CUST017,Molly Fisher,annamurray@hotmail.co.uk,Bristol,MTR0017,Detached,01/01/2024 06:57:36,0.57,0.74,FALSE,0,,FALSE,,
REC005392,CUST017,Molly Fisher,annamurray@hotmail.co.uk,Bristol,MTR0017,Detached,01/01/2024 07:26:24,0.92,0.99,FALSE,0,,FALSE,,
REC005393,CUST017,Molly Fisher,annamurray@hotmail.co.uk,Bristol,MTR0017,Detached,01/01/2024 07:55:12,0.94,0.99,FALSE,0,,FALSE,,
REC005394,CUST017,Molly Fisher,annamurray@hotmail.co.uk,Bristol,MTR0017,Detached,01/01/2024 08:24:00,0.29,0.31,FALSE,0,,FALSE,,
REC005395,CUST017,Molly Fisher,annamurray@hotmail.co.uk,Bristol,MTR0017,Detached,01/01/2024 09:07:12,0.7,0.68,FALSE,0,,FALSE,,
REC005396,CUST017,Molly Fisher,annamurray@hotmail.co.uk,Bristol,MTR0017,Detached,01/01/2024 09:36:00,0.72,0.72,FALSE,0,,FALSE,,
REC005397,CUST017,Molly Fisher,annamurray@hotmail.co.uk,Bristol,MTR0017,Detached,01/01/2024 10:04:48,0.53,0.53,FALSE,0,,FALSE,,
REC005398,CUST017,Molly Fisher,annamurray@hotmail.co.uk,Bristol,MTR0017,Detached,01/01/2024 10:33:36,0.94,0.84,FALSE,0,,FALSE,,
REC005399,CUST017,Molly Fisher,annamurray@hotmail.co.uk,Bristol,MTR0017,Detached,01/01/2024 11:02:24,0.45,0.39,FALSE,0,,FALSE,,
REC005400,CUST017,Molly Fisher,annamurray@hotmail.co.uk,Bristol,MTR0017,Detached,01/01/2024 11:31:12,0.82,0.83,FALSE,0,,FALSE,,
REC005401,CUST017,Molly Fisher,annamurray@hotmail.co.uk,Bristol,MTR0017,Detached,01/01/2024 12:00:00,0.68,0.61,FALSE,0,,FALSE,,
REC005402,CUST017,Molly Fisher,annamurray@hotmail.co.uk,Bristol,MTR0017,Detached,01/01/2024 12:28:48,0.57,0.55,FALSE,0,,FALSE,,
REC005403,CUST017,Molly Fisher,annamurray@hotmail.co.uk,Bristol,MTR0017,Detached,01/01/2024 12:57:36,0.83,0.75,FALSE,0,,FALSE,,
REC005404,CUST017,Molly Fisher,annamurray@hotmail.co.uk,Bristol,MTR0017,Detached,01/01/2024 13:26:24,1.06,0.91,FALSE,0,,FALSE,,
REC005405,CUST017,Molly Fisher,annamurray@hotmail.co.uk,Bristol,MTR0017,Detached,01/01/2024 13:55:12,0.73,0.62,FALSE,0,,FALSE,,
REC005406,CUST017,Molly Fisher,annamurray@hotmail.co.uk,Bristol,MTR0017,Detached,01/01/2024 14:24:00,0.38,0.49,FALSE,0,,FALSE,,
REC005407,CUST017,Molly Fisher,annamurray@hotmail.co.uk,Bristol,MTR0017,Detached,01/01/2024 15:07:12,0.67,0.68,FALSE,0,,FALSE,,
REC005408,CUST017,Molly Fisher,annamurray@hotmail.co.uk,Bristol,MTR0017,Detached,01/01/2024 15:36:00,1.21,1.17,FALSE,0,,FALSE,,
REC005409,CUST017,Molly Fisher,annamurray@hotmail.co.uk,Bristol,MTR0017,Detached,01/01/2024 16:04:48,0.3,0.43,FALSE,0,,FALSE,,
REC005410,CUST017,Molly Fisher,annamurray@hotmail.co.uk,Bristol,MTR0017,Detached,01/01/2024 16:33:36,1.05,1.01,FALSE,0,,FALSE,,
REC005411,CUST017,Molly Fisher,annamurray@hotmail.co.uk,Bristol,MTR0017,Detached,01/01/2024 17:02:24,1.06,1.01,FALSE,0,,FALSE,,
REC005412,CUST017,Molly Fisher,annamurray@hotmail.co.uk,Bristol,MTR0017,Detached,01/01/2024 17:31:12,1.07,1.19,FALSE,0,,FALSE,,
REC005413,CUST017,Molly Fisher,annamurray@hotmail.co.uk,Bristol,MTR0017,Detached,01/01/2024 18:00:00,1.08,1.09,FALSE,0,,FALSE,,
REC005414,CUST017,Molly Fisher,annamurray@hotmail.co.uk,Bristol,MTR0017,Detached,01/01/2024 18:28:48,0.44,0.4,FALSE,0,,FALSE,,
REC005415,CUST017,Molly Fisher,annamurray@hotmail.co.uk,Bristol,MTR0017,Detached,01/01/2024 18:57:36,0.62,0.47,FALSE,0,,FALSE,,
REC005416,CUST017,Molly Fisher,annamurray@hotmail.co.uk,Bristol,MTR0017,Detached,01/01/2024 19:26:24,0.44,0.44,FALSE,0,,FALSE,,
REC005417,CUST017,Molly Fisher,annamurray@hotmail.co.uk,Bristol,MTR0017,Detached,01/01/2024 19:55:12,0.77,0.89,FALSE,0,,FALSE,,
REC005418,CUST017,Molly Fisher,annamurray@hotmail.co.uk,Bristol,MTR0017,Detached,01/01/2024 20:24:00,0.77,0.9,FALSE,0,,FALSE,,
REC005419,CUST017,Molly Fisher,annamurray@hotmail.co.uk,Bristol,MTR0017,Detached,01/01/2024 21:07:12,0.68,0.72,FALSE,0,,FALSE,,
REC005420,CUST017,Molly Fisher,annamurray@hotmail.co.uk,Bristol,MTR0017,Detached,01/01/2024 21:36:00,1.05,1.01,FALSE,0,,FALSE,,
REC005421,CUST017,Molly Fisher,annamurray@hotmail.co.uk,Bristol,MTR0017,Detached,01/01/2024 22:04:48,0.42,0.36,FALSE,0,,FALSE,,
REC005422,CUST017,Molly Fisher,annamurray@hotmail.co.uk,Bristol,MTR0017,Detached,01/01/2024 22:33:36,0.96,1.07,FALSE,0,,FALSE,,
REC005423,CUST017,Molly Fisher,annamurray@hotmail.co.uk,Bristol,MTR0017,Detached,01/01/2024 23:02:24,0.57,0.53,FALSE,0,,FALSE,,
REC005424,CUST017,Molly Fisher,annamurray@hotmail.co.uk,Bristol,MTR0017,Detached,01/01/2024 23:31:12,0.29,0.49,FALSE,0,,FALSE,,
REC005425,CUST017,Molly Fisher,annamurray@hotmail.co.uk,Bristol,MTR0017,Detached,02/01/2024 00:00:00,0.98,1.03,FALSE,0,,FALSE,,
REC005426,CUST017,Molly Fisher,annamurray@hotmail.co.uk,Bristol,MTR0017,Detached,02/01/2024 00:28:48,0.76,0.72,FALSE,0,,FALSE,,
REC005427,CUST017,Molly Fisher,annamurray@hotmail.co.uk,Bristol,MTR0017,Detached,02/01/2024 00:57:36,1.12,1,FALSE,0,,FALSE,,
REC005428,CUST017,Molly Fisher,annamurray@hotmail.co.uk,Bristol,MTR0017,Detached,02/01/2024 01:26:24,0.21,0.35,FALSE,0,,FALSE,,
REC005429,CUST017,Molly Fisher,annamurray@hotmail.co.uk,Bristol,MTR0017,Detached,02/01/2024 01:55:12,0.88,0.85,FALSE,0,,FALSE,,
REC005430,CUST017,Molly Fisher,annamurray@hotmail.co.uk,Bristol,MTR0017,Detached,02/01/2024 02:24:00,0.59,0.62,FALSE,0,,FALSE,,
REC005431,CUST017,Molly Fisher,annamurray@hotmail.co.uk,Bristol,MTR0017,Detached,02/01/2024 03:07:12,0.39,0.55,FALSE,0,,FALSE,,
REC005432,CUST017,Molly Fisher,annamurray@hotmail.co.uk,Bristol,MTR0017,Detached,02/01/2024 03:36:00,0.43,0.56,FALSE,0,,FALSE,,
REC005433,CUST017,Molly Fisher,annamurray@hotmail.co.uk,Bristol,MTR0017,Detached,02/01/2024 04:04:48,1.14,1.12,FALSE,0,,FALSE,,
REC005434,CUST017,Molly Fisher,annamurray@hotmail.co.uk,Bristol,MTR0017,Detached,02/01/2024 04:33:36,1.29,1.11,FALSE,0,,FALSE,,
REC005435,CUST017,Molly Fisher,annamurray@hotmail.co.uk,Bristol,MTR0017,Detached,02/01/2024 05:02:24,0.58,0.58,FALSE,0,,FALSE,,
REC005436,CUST017,Molly Fisher,annamurray@hotmail.co.uk,Bristol,MTR0017,Detached,02/01/2024 05:31:12,1.02,0.74,FALSE,0,,FALSE,,
REC005437,CUST017,Molly Fisher,annamurray@hotmail.co.uk,Bristol,MTR0017,Detached,02/01/2024 06:00:00,0.78,0.71,FALSE,0,,FALSE,,
REC005438,CUST017,Molly Fisher,annamurray@hotmail.co.uk,Bristol,MTR0017,Detached,02/01/2024 06:28:48,0.63,0.71,FALSE,0,,FALSE,,
REC005439,CUST017,Molly Fisher,annamurray@hotmail.co.uk,Bristol,MTR0017,Detached,02/01/2024 06:57:36,1.25,1.16,FALSE,0,,FALSE,,
REC005440,CUST017,Molly Fisher,annamurray@hotmail.co.uk,Bristol,MTR0017,Detached,02/01/2024 07:26:24,1.04,1.15,FALSE,0,,FALSE,,
REC005441,CUST017,Molly Fisher,annamurray@hotmail.co.uk,Bristol,MTR0017,Detached,02/01/2024 07:55:12,0.91,0.9,FALSE,0,,FALSE,,
REC005442,CUST017,Molly Fisher,annamurray@hotmail.co.uk,Bristol,MTR0017,Detached,02/01/2024 08:24:00,0.63,0.62,FALSE,0,,FALSE,,
REC005443,CUST017,Molly Fisher,annamurray@hotmail.co.uk,Bristol,MTR0017,Detached,02/01/2024 09:07:12,0.85,0.84,FALSE,0,,FALSE,,
REC005444,CUST017,Molly Fisher,annamurray@hotmail.co.uk,Bristol,MTR0017,Detached,02/01/2024 09:36:00,0.39,0.51,FALSE,0,,FALSE,,
REC005445,CUST017,Molly Fisher,annamurray@hotmail.co.uk,Bristol,MTR0017,Detached,02/01/2024 10:04:48,0.72,0.97,FALSE,0,,FALSE,,
REC005446,CUST017,Molly Fisher,annamurray@hotmail.co.uk,Bristol,MTR0017,Detached,02/01/2024 10:33:36,0.62,0.54,FALSE,0,,FALSE,,
REC005447,CUST017,Molly Fisher,annamurray@hotmail.co.uk,Bristol,MTR0017,Detached,02/01/2024 11:02:24,1.17,1.2,FALSE,0,,FALSE,,
REC005448,CUST017,Molly Fisher,annamurray@hotmail.co.uk,Bristol,MTR0017,Detached,02/01/2024 11:31:12,1.21,1.17,FALSE,0,,FALSE,,
REC005449,CUST017,Molly Fisher,annamurray@hotmail.co.uk,Bristol,MTR0017,Detached,02/01/2024 12:00:00,0.57,0.43,FALSE,0,,FALSE,,
REC005450,CUST017,Molly Fisher,annamurray@hotmail.co.uk,Bristol,MTR0017,Detached,02/01/2024 12:28:48,0.67,0.63,FALSE,0,,FALSE,,
REC005451,CUST017,Molly Fisher,annamurray@hotmail.co.uk,Bristol,MTR0017,Detached,02/01/2024 12:57:36,1.07,1.18,FALSE,0,,FALSE,,
REC005452,CUST017,Molly Fisher,annamurray@hotmail.co.uk,Bristol,MTR0017,Detached,02/01/2024 13:26:24,0.7,0.72,FALSE,0,,FALSE,,
REC005453,CUST017,Molly Fisher,annamurray@hotmail.co.uk,Bristol,MTR0017,Detached,02/01/2024 13:55:12,0.89,0.91,FALSE,0,,FALSE,,
REC005454,CUST017,Molly Fisher,annamurray@hotmail.co.uk,Bristol,MTR0017,Detached,02/01/2024 14:24:00,0.96,0.83,FALSE,0,,FALSE,,
REC005455,CUST017,Molly Fisher,annamurray@hotmail.co.uk,Bristol,MTR0017,Detached,02/01/2024 15:07:12,0.38,0.54,FALSE,0,,FALSE,,
REC005456,CUST017,Molly Fisher,annamurray@hotmail.co.uk,Bristol,MTR0017,Detached,02/01/2024 15:36:00,1.2,1.16,FALSE,0,,FALSE,,
REC005457,CUST017,Molly Fisher,annamurray@hotmail.co.uk,Bristol,MTR0017,Detached,02/01/2024 16:04:48,0.64,0.74,FALSE,0,,FALSE,,
REC005458,CUST017,Molly Fisher,annamurray@hotmail.co.uk,Bristol,MTR0017,Detached,02/01/2024 16:33:36,0.47,0.52,FALSE,0,,FALSE,,
REC005459,CUST017,Molly Fisher,annamurray@hotmail.co.uk,Bristol,MTR0017,Detached,02/01/2024 17:02:24,1.13,1.05,FALSE,0,,FALSE,,
REC005460,CUST017,Molly Fisher,annamurray@hotmail.co.uk,Bristol,MTR0017,Detached,02/01/2024 17:31:12,0.53,0.51,FALSE,0,,FALSE,,
REC005461,CUST017,Molly Fisher,annamurray@hotmail.co.uk,Bristol,MTR0017,Detached,02/01/2024 18:00:00,0.41,0.41,FALSE,0,,FALSE,,
REC005462,CUST017,Molly Fisher,annamurray@hotmail.co.uk,Bristol,MTR0017,Detached,02/01/2024 18:28:48,1.18,1.2,FALSE,0,,FALSE,,
REC005463,CUST017,Molly Fisher,annamurray@hotmail.co.uk,Bristol,MTR0017,Detached,02/01/2024 18:57:36,1,0.93,FALSE,0,,FALSE,,
REC005464,CUST017,Molly Fisher,annamurray@hotmail.co.uk,Bristol,MTR0017,Detached,02/01/2024 19:26:24,0.96,1,FALSE,0,,FALSE,,
REC005465,CUST017,Molly Fisher,annamurray@hotmail.co.uk,Bristol,MTR0017,Detached,02/01/2024 19:55:12,0.25,0.31,FALSE,0,,FALSE,,
REC005466,CUST017,Molly Fisher,annamurray@hotmail.co.uk,Bristol,MTR0017,Detached,02/01/2024 20:24:00,0.52,0.43,FALSE,0,,FALSE,,
REC005467,CUST017,Molly Fisher,annamurray@hotmail.co.uk,Bristol,MTR0017,Detached,02/01/2024 21:07:12,0.25,0.5,FALSE,0,,FALSE,,
REC005468,CUST017,Molly Fisher,annamurray@hotmail.co.uk,Bristol,MTR0017,Detached,02/01/2024 21:36:00,0.46,0.56,FALSE,0,,FALSE,,
REC005469,CUST017,Molly Fisher,annamurray@hotmail.co.uk,Bristol,MTR0017,Detached,02/01/2024 22:04:48,0.38,0.45,FALSE,0,,FALSE,,
REC005470,CUST017,Molly Fisher,annamurray@hotmail.co.uk,Bristol,MTR0017,Detached,02/01/2024 22:33:36,0.62,0.52,FALSE,0,,FALSE,,
REC005471,CUST017,Molly Fisher,annamurray@hotmail.co.uk,Bristol,MTR0017,Detached,02/01/2024 23:02:24,0.52,0.5,FALSE,0,,FALSE,,
REC005472,CUST017,Molly Fisher,annamurray@hotmail.co.uk,Bristol,MTR0017,Detached,02/01/2024 23:31:12,0.73,0.84,FALSE,0,,FALSE,,
REC005473,CUST017,Molly Fisher,annamurray@hotmail.co.uk,Bristol,MTR0017,Detached,03/01/2024 00:00:00,0.81,0.93,FALSE,0,,FALSE,,
REC005474,CUST017,Molly Fisher,annamurray@hotmail.co.uk,Bristol,MTR0017,Detached,03/01/2024 00:28:48,0.7,0.6,FALSE,0,,FALSE,,
REC005475,CUST017,Molly Fisher,annamurray@hotmail.co.uk,Bristol,MTR0017,Detached,03/01/2024 00:57:36,0.79,0.91,FALSE,0,,FALSE,,
REC005476,CUST017,Molly Fisher,annamurray@hotmail.co.uk,Bristol,MTR0017,Detached,03/01/2024 01:26:24,0.58,0.64,FALSE,0,,FALSE,,
REC005477,CUST017,Molly Fisher,annamurray@hotmail.co.uk,Bristol,MTR0017,Detached,03/01/2024 01:55:12,0.5,0.54,FALSE,0,,FALSE,,
REC005478,CUST017,Molly Fisher,annamurray@hotmail.co.uk,Bristol,MTR0017,Detached,03/01/2024 02:24:00,0.41,0.36,FALSE,0,,FALSE,,
REC005479,CUST017,Molly Fisher,annamurray@hotmail.co.uk,Bristol,MTR0017,Detached,03/01/2024 03:07:12,0.91,0.96,FALSE,0,,FALSE,,
REC005480,CUST017,Molly Fisher,annamurray@hotmail.co.uk,Bristol,MTR0017,Detached,03/01/2024 03:36:00,0.23,0.36,FALSE,0,,FALSE,,
REC005481,CUST017,Molly Fisher,annamurray@hotmail.co.uk,Bristol,MTR0017,Detached,03/01/2024 04:04:48,0.56,0.5,FALSE,0,,FALSE,,
REC005482,CUST017,Molly Fisher,annamurray@hotmail.co.uk,Bristol,MTR0017,Detached,03/01/2024 04:33:36,0.55,0.49,FALSE,0,,FALSE,,
REC005483,CUST017,Molly Fisher,annamurray@hotmail.co.uk,Bristol,MTR0017,Detached,03/01/2024 05:02:24,0.76,0.6,FALSE,0,,FALSE,,
REC005484,CUST017,Molly Fisher,annamurray@hotmail.co.uk,Bristol,MTR0017,Detached,03/01/2024 05:31:12,1.08,1.06,FALSE,0,,FALSE,,
REC005485,CUST017,Molly Fisher,annamurray@hotmail.co.uk,Bristol,MTR0017,Detached,03/01/2024 06:00:00,0.91,1.03,FALSE,0,,FALSE,,
REC005486,CUST017,Molly Fisher,annamurray@hotmail.co.uk,Bristol,MTR0017,Detached,03/01/2024 06:28:48,1.33,1.18,FALSE,0,,FALSE,,
REC005487,CUST017,Molly Fisher,annamurray@hotmail.co.uk,Bristol,MTR0017,Detached,03/01/2024 06:57:36,0.86,0.9,FALSE,0,,FALSE,,
REC005488,CUST017,Molly Fisher,annamurray@hotmail.co.uk,Bristol,MTR0017,Detached,03/01/2024 07:26:24,1.27,1.19,FALSE,0,,FALSE,,
REC005489,CUST017,Molly Fisher,annamurray@hotmail.co.uk,Bristol,MTR0017,Detached,03/01/2024 07:55:12,0.59,0.44,FALSE,0,,FALSE,,
REC005490,CUST017,Molly Fisher,annamurray@hotmail.co.uk,Bristol,MTR0017,Detached,03/01/2024 08:24:00,0.7,0.69,FALSE,0,,FALSE,,
REC005491,CUST017,Molly Fisher,annamurray@hotmail.co.uk,Bristol,MTR0017,Detached,03/01/2024 09:07:12,0.72,0.72,FALSE,0,,FALSE,,
REC005492,CUST017,Molly Fisher,annamurray@hotmail.co.uk,Bristol,MTR0017,Detached,03/01/2024 09:36:00,0.87,0.84,FALSE,0,,FALSE,,
REC005493,CUST017,Molly Fisher,annamurray@hotmail.co.uk,Bristol,MTR0017,Detached,03/01/2024 10:04:48,0.39,0.35,FALSE,0,,FALSE,,
REC005494,CUST017,Molly Fisher,annamurray@hotmail.co.uk,Bristol,MTR0017,Detached,03/01/2024 10:33:36,0.76,0.66,FALSE,0,,FALSE,,
REC005495,CUST017,Molly Fisher,annamurray@hotmail.co.uk,Bristol,MTR0017,Detached,03/01/2024 11:02:24,0.29,0.31,FALSE,0,,FALSE,,
REC005496,CUST017,Molly Fisher,annamurray@hotmail.co.uk,Bristol,MTR0017,Detached,03/01/2024 11:31:12,0.3,0.3,FALSE,0,,FALSE,,
REC005497,CUST017,Molly Fisher,annamurray@hotmail.co.uk,Bristol,MTR0017,Detached,03/01/2024 12:00:00,0.8,0.85,FALSE,0,,FALSE,,
REC005498,CUST017,Molly Fisher,annamurray@hotmail.co.uk,Bristol,MTR0017,Detached,03/01/2024 12:28:48,0.84,0.89,FALSE,0,,FALSE,,
REC005499,CUST017,Molly Fisher,annamurray@hotmail.co.uk,Bristol,MTR0017,Detached,03/01/2024 12:57:36,0.27,0.35,FALSE,0,,FALSE,,
REC005500,CUST017,Molly Fisher,annamurray@hotmail.co.uk,Bristol,MTR0017,Detached,03/01/2024 13:26:24,0.77,0.82,FALSE,0,,FALSE,,
REC005501,CUST017,Molly Fisher,annamurray@hotmail.co.uk,Bristol,MTR0017,Detached,03/01/2024 13:55:12,0.8,0.9,FALSE,0,,FALSE,,
REC005502,CUST017,Molly Fisher,annamurray@hotmail.co.uk,Bristol,MTR0017,Detached,03/01/2024 14:24:00,0.47,0.38,FALSE,0,,FALSE,,
REC005503,CUST017,Molly Fisher,annamurray@hotmail.co.uk,Bristol,MTR0017,Detached,03/01/2024 15:07:12,0.43,0.37,FALSE,0,,FALSE,,
REC005504,CUST017,Molly Fisher,annamurray@hotmail.co.uk,Bristol,MTR0017,Detached,03/01/2024 15:36:00,0.49,0.5,FALSE,0,,FALSE,,
REC005505,CUST017,Molly Fisher,annamurray@hotmail.co.uk,Bristol,MTR0017,Detached,03/01/2024 16:04:48,0.55,0.53,FALSE,0,,FALSE,,
REC005506,CUST017,Molly Fisher,annamurray@hotmail.co.uk,Bristol,MTR0017,Detached,03/01/2024 16:33:36,0.83,0.91,FALSE,0,,FALSE,,
REC005507,CUST017,Molly Fisher,annamurray@hotmail.co.uk,Bristol,MTR0017,Detached,03/01/2024 17:02:24,0.88,0.88,FALSE,0,,FALSE,,
REC005508,CUST017,Molly Fisher,annamurray@hotmail.co.uk,Bristol,MTR0017,Detached,03/01/2024 17:31:12,0.53,0.42,FALSE,0,,FALSE,,
REC005509,CUST017,Molly Fisher,annamurray@hotmail.co.uk,Bristol,MTR0017,Detached,03/01/2024 18:00:00,0.67,0.56,FALSE,0,,FALSE,,
REC005510,CUST017,Molly Fisher,annamurray@hotmail.co.uk,Bristol,MTR0017,Detached,03/01/2024 18:28:48,0.94,0.78,FALSE,0,,FALSE,,
REC005511,CUST017,Molly Fisher,annamurray@hotmail.co.uk,Bristol,MTR0017,Detached,03/01/2024 18:57:36,1,0.91,FALSE,0,,FALSE,,
REC005512,CUST017,Molly Fisher,annamurray@hotmail.co.uk,Bristol,MTR0017,Detached,03/01/2024 19:26:24,0.86,0.83,FALSE,0,,FALSE,,
REC005513,CUST017,Molly Fisher,annamurray@hotmail.co.uk,Bristol,MTR0017,Detached,03/01/2024 19:55:12,1.08,1,FALSE,0,,FALSE,,
REC005514,CUST017,Molly Fisher,annamurray@hotmail.co.uk,Bristol,MTR0017,Detached,03/01/2024 20:24:00,1,1.11,FALSE,0,,FALSE,,
REC005515,CUST017,Molly Fisher,annamurray@hotmail.co.uk,Bristol,MTR0017,Detached,03/01/2024 21:07:12,0.72,0.65,FALSE,0,,FALSE,,
REC005516,CUST017,Molly Fisher,annamurray@hotmail.co.uk,Bristol,MTR0017,Detached,03/01/2024 21:36:00,0.44,0.35,FALSE,0,,FALSE,,
REC005517,CUST017,Molly Fisher,annamurray@hotmail.co.uk,Bristol,MTR0017,Detached,03/01/2024 22:04:48,0.81,0.82,FALSE,0,,FALSE,,
REC005518,CUST017,Molly Fisher,annamurray@hotmail.co.uk,Bristol,MTR0017,Detached,03/01/2024 22:33:36,0.41,0.41,FALSE,0,,FALSE,,
REC005519,CUST017,Molly Fisher,annamurray@hotmail.co.uk,Bristol,MTR0017,Detached,03/01/2024 23:02:24,0.81,0.84,FALSE,0,,FALSE,,
REC005520,CUST017,Molly Fisher,annamurray@hotmail.co.uk,Bristol,MTR0017,Detached,03/01/2024 23:31:12,0.78,0.79,FALSE,0,,FALSE,,
REC005521,CUST017,Molly Fisher,annamurray@hotmail.co.uk,Bristol,MTR0017,Detached,04/01/2024 00:00:00,0.67,0.65,FALSE,0,,FALSE,,
REC005522,CUST017,Molly Fisher,annamurray@hotmail.co.uk,Bristol,MTR0017,Detached,04/01/2024 00:28:48,1.07,1.04,FALSE,0,,FALSE,,
REC005523,CUST017,Molly Fisher,annamurray@hotmail.co.uk,Bristol,MTR0017,Detached,04/01/2024 00:57:36,0.41,0.49,FALSE,0,,FALSE,,
REC005524,CUST017,Molly Fisher,annamurray@hotmail.co.uk,Bristol,MTR0017,Detached,04/01/2024 01:26:24,0.92,0.99,FALSE,0,,FALSE,,
REC005525,CUST017,Molly Fisher,annamurray@hotmail.co.uk,Bristol,MTR0017,Detached,04/01/2024 01:55:12,1.21,1.15,FALSE,0,,FALSE,,
REC005526,CUST017,Molly Fisher,annamurray@hotmail.co.uk,Bristol,MTR0017,Detached,04/01/2024 02:24:00,0.91,0.87,FALSE,0,,FALSE,,
REC005527,CUST017,Molly Fisher,annamurray@hotmail.co.uk,Bristol,MTR0017,Detached,04/01/2024 03:07:12,0.57,0.65,FALSE,0,,FALSE,,
REC005528,CUST017,Molly Fisher,annamurray@hotmail.co.uk,Bristol,MTR0017,Detached,04/01/2024 03:36:00,0.32,0.33,FALSE,0,,FALSE,,
REC005529,CUST017,Molly Fisher,annamurray@hotmail.co.uk,Bristol,MTR0017,Detached,04/01/2024 04:04:48,1.1,0.93,FALSE,0,,FALSE,,
REC005530,CUST017,Molly Fisher,annamurray@hotmail.co.uk,Bristol,MTR0017,Detached,04/01/2024 04:33:36,0.59,0.8,FALSE,0,,FALSE,,
REC005531,CUST017,Molly Fisher,annamurray@hotmail.co.uk,Bristol,MTR0017,Detached,04/01/2024 05:02:24,0.3,0.55,FALSE,0,,FALSE,,
REC005532,CUST017,Molly Fisher,annamurray@hotmail.co.uk,Bristol,MTR0017,Detached,04/01/2024 05:31:12,0.45,0.65,FALSE,0,,FALSE,,
REC005533,CUST017,Molly Fisher,annamurray@hotmail.co.uk,Bristol,MTR0017,Detached,04/01/2024 06:00:00,1.26,1.04,FALSE,0,,FALSE,,
REC005534,CUST017,Molly Fisher,annamurray@hotmail.co.uk,Bristol,MTR0017,Detached,04/01/2024 06:28:48,1.01,1.11,FALSE,0,,FALSE,,
REC005535,CUST017,Molly Fisher,annamurray@hotmail.co.uk,Bristol,MTR0017,Detached,04/01/2024 06:57:36,1.05,1.08,FALSE,0,,FALSE,,
REC005536,CUST017,Molly Fisher,annamurray@hotmail.co.uk,Bristol,MTR0017,Detached,04/01/2024 07:26:24,0.38,0.33,FALSE,0,,FALSE,,
REC005537,CUST017,Molly Fisher,annamurray@hotmail.co.uk,Bristol,MTR0017,Detached,04/01/2024 07:55:12,0.58,0.53,FALSE,0,,FALSE,,
REC005538,CUST017,Molly Fisher,annamurray@hotmail.co.uk,Bristol,MTR0017,Detached,04/01/2024 08:24:00,0.85,0.88,FALSE,0,,FALSE,,
REC005539,CUST017,Molly Fisher,annamurray@hotmail.co.uk,Bristol,MTR0017,Detached,04/01/2024 09:07:12,0.51,0.37,FALSE,0,,FALSE,,
REC005540,CUST017,Molly Fisher,annamurray@hotmail.co.uk,Bristol,MTR0017,Detached,04/01/2024 09:36:00,1.15,1.07,FALSE,0,,FALSE,,
REC005541,CUST017,Molly Fisher,annamurray@hotmail.co.uk,Bristol,MTR0017,Detached,04/01/2024 10:04:48,1.09,1.15,FALSE,0,,FALSE,,
REC005542,CUST017,Molly Fisher,annamurray@hotmail.co.uk,Bristol,MTR0017,Detached,04/01/2024 10:33:36,0.42,0.52,FALSE,0,,FALSE,,
REC005543,CUST017,Molly Fisher,annamurray@hotmail.co.uk,Bristol,MTR0017,Detached,04/01/2024 11:02:24,0.63,0.62,FALSE,0,,FALSE,,
REC005544,CUST017,Molly Fisher,annamurray@hotmail.co.uk,Bristol,MTR0017,Detached,04/01/2024 11:31:12,1.04,0.96,FALSE,0,,FALSE,,
REC005545,CUST017,Molly Fisher,annamurray@hotmail.co.uk,Bristol,MTR0017,Detached,04/01/2024 12:00:00,0.92,0.74,FALSE,0,,FALSE,,
REC005546,CUST017,Molly Fisher,annamurray@hotmail.co.uk,Bristol,MTR0017,Detached,04/01/2024 12:28:48,0.52,0.49,FALSE,0,,FALSE,,
REC005547,CUST017,Molly Fisher,annamurray@hotmail.co.uk,Bristol,MTR0017,Detached,04/01/2024 12:57:36,0.91,0.95,FALSE,0,,FALSE,,
REC005548,CUST017,Molly Fisher,annamurray@hotmail.co.uk,Bristol,MTR0017,Detached,04/01/2024 13:26:24,1.1,0.97,FALSE,0,,FALSE,,
REC005549,CUST017,Molly Fisher,annamurray@hotmail.co.uk,Bristol,MTR0017,Detached,04/01/2024 13:55:12,0.77,0.66,FALSE,0,,FALSE,,
REC005550,CUST017,Molly Fisher,annamurray@hotmail.co.uk,Bristol,MTR0017,Detached,04/01/2024 14:24:00,1.27,1.19,FALSE,0,,FALSE,,
REC005551,CUST017,Molly Fisher,annamurray@hotmail.co.uk,Bristol,MTR0017,Detached,04/01/2024 15:07:12,0.49,0.61,FALSE,0,,FALSE,,
REC005552,CUST017,Molly Fisher,annamurray@hotmail.co.uk,Bristol,MTR0017,Detached,04/01/2024 15:36:00,0.45,0.48,FALSE,0,,FALSE,,
REC005553,CUST017,Molly Fisher,annamurray@hotmail.co.uk,Bristol,MTR0017,Detached,04/01/2024 16:04:48,0.9,0.92,FALSE,0,,FALSE,,
REC005554,CUST017,Molly Fisher,annamurray@hotmail.co.uk,Bristol,MTR0017,Detached,04/01/2024 16:33:36,0.54,0.46,FALSE,0,,FALSE,,
REC005555,CUST017,Molly Fisher,annamurray@hotmail.co.uk,Bristol,MTR0017,Detached,04/01/2024 17:02:24,0.38,0.56,FALSE,0,,FALSE,,
REC005556,CUST017,Molly Fisher,annamurray@hotmail.co.uk,Bristol,MTR0017,Detached,04/01/2024 17:31:12,0.47,0.51,FALSE,0,,FALSE,,
REC005557,CUST017,Molly Fisher,annamurray@hotmail.co.uk,Bristol,MTR0017,Detached,04/01/2024 18:00:00,0.96,0.96,FALSE,0,,FALSE,,
REC005558,CUST017,Molly Fisher,annamurray@hotmail.co.uk,Bristol,MTR0017,Detached,04/01/2024 18:28:48,0.99,1.01,FALSE,0,,FALSE,,
REC005559,CUST017,Molly Fisher,annamurray@hotmail.co.uk,Bristol,MTR0017,Detached,04/01/2024 18:57:36,0.7,0.54,FALSE,0,,FALSE,,
REC005560,CUST017,Molly Fisher,annamurray@hotmail.co.uk,Bristol,MTR0017,Detached,04/01/2024 19:26:24,0.99,0.89,FALSE,0,,FALSE,,
REC005561,CUST017,Molly Fisher,annamurray@hotmail.co.uk,Bristol,MTR0017,Detached,04/01/2024 19:55:12,0.8,0.7,FALSE,0,,FALSE,,
REC005562,CUST017,Molly Fisher,annamurray@hotmail.co.uk,Bristol,MTR0017,Detached,04/01/2024 20:24:00,0.93,0.98,FALSE,0,,FALSE,,
REC005563,CUST017,Molly Fisher,annamurray@hotmail.co.uk,Bristol,MTR0017,Detached,04/01/2024 21:07:12,0.61,0.59,FALSE,0,,FALSE,,
REC005564,CUST017,Molly Fisher,annamurray@hotmail.co.uk,Bristol,MTR0017,Detached,04/01/2024 21:36:00,0.26,0.35,FALSE,0,,FALSE,,
REC005565,CUST017,Molly Fisher,annamurray@hotmail.co.uk,Bristol,MTR0017,Detached,04/01/2024 22:04:48,0.52,0.6,FALSE,0,,FALSE,,
REC005566,CUST017,Molly Fisher,annamurray@hotmail.co.uk,Bristol,MTR0017,Detached,04/01/2024 22:33:36,1.09,0.99,FALSE,0,,FALSE,,
REC005567,CUST017,Molly Fisher,annamurray@hotmail.co.uk,Bristol,MTR0017,Detached,04/01/2024 23:02:24,1.05,0.97,FALSE,0,,FALSE,,
REC005568,CUST017,Molly Fisher,annamurray@hotmail.co.uk,Bristol,MTR0017,Detached,04/01/2024 23:31:12,0.88,0.97,FALSE,0,,FALSE,,
REC005569,CUST017,Molly Fisher,annamurray@hotmail.co.uk,Bristol,MTR0017,Detached,05/01/2024 00:00:00,0.67,0.66,FALSE,0,,FALSE,,
REC005570,CUST017,Molly Fisher,annamurray@hotmail.co.uk,Bristol,MTR0017,Detached,05/01/2024 00:28:48,0.98,1.13,FALSE,0,,FALSE,,
REC005571,CUST017,Molly Fisher,annamurray@hotmail.co.uk,Bristol,MTR0017,Detached,05/01/2024 00:57:36,0.93,0.88,FALSE,0,,FALSE,,
REC005572,CUST017,Molly Fisher,annamurray@hotmail.co.uk,Bristol,MTR0017,Detached,05/01/2024 01:26:24,0.59,0.68,FALSE,0,,FALSE,,
REC005573,CUST017,Molly Fisher,annamurray@hotmail.co.uk,Bristol,MTR0017,Detached,05/01/2024 01:55:12,0.84,0.83,FALSE,0,,FALSE,,
REC005574,CUST017,Molly Fisher,annamurray@hotmail.co.uk,Bristol,MTR0017,Detached,05/01/2024 02:24:00,1.2,1.03,FALSE,0,,FALSE,,
REC005575,CUST017,Molly Fisher,annamurray@hotmail.co.uk,Bristol,MTR0017,Detached,05/01/2024 03:07:12,0.84,0.95,FALSE,0,,FALSE,,
REC005576,CUST017,Molly Fisher,annamurray@hotmail.co.uk,Bristol,MTR0017,Detached,05/01/2024 03:36:00,1.08,1.05,FALSE,0,,FALSE,,
REC005577,CUST017,Molly Fisher,annamurray@hotmail.co.uk,Bristol,MTR0017,Detached,05/01/2024 04:04:48,1.14,1.14,FALSE,0,,FALSE,,
REC005578,CUST017,Molly Fisher,annamurray@hotmail.co.uk,Bristol,MTR0017,Detached,05/01/2024 04:33:36,0.42,0.53,FALSE,0,,FALSE,,
REC005579,CUST017,Molly Fisher,annamurray@hotmail.co.uk,Bristol,MTR0017,Detached,05/01/2024 05:02:24,0.91,0.98,FALSE,0,,FALSE,,
REC005580,CUST017,Molly Fisher,annamurray@hotmail.co.uk,Bristol,MTR0017,Detached,05/01/2024 05:31:12,1.13,1.09,FALSE,0,,FALSE,,
REC005581,CUST017,Molly Fisher,annamurray@hotmail.co.uk,Bristol,MTR0017,Detached,05/01/2024 06:00:00,0.44,0.46,FALSE,0,,FALSE,,
REC005582,CUST017,Molly Fisher,annamurray@hotmail.co.uk,Bristol,MTR0017,Detached,05/01/2024 06:28:48,0.74,0.6,FALSE,0,,FALSE,,
REC005583,CUST017,Molly Fisher,annamurray@hotmail.co.uk,Bristol,MTR0017,Detached,05/01/2024 06:57:36,0.49,0.44,FALSE,0,,FALSE,,
REC005584,CUST017,Molly Fisher,annamurray@hotmail.co.uk,Bristol,MTR0017,Detached,05/01/2024 07:26:24,0.7,0.8,FALSE,0,,FALSE,,
REC005585,CUST017,Molly Fisher,annamurray@hotmail.co.uk,Bristol,MTR0017,Detached,05/01/2024 07:55:12,0.5,0.41,FALSE,0,,FALSE,,
REC005586,CUST017,Molly Fisher,annamurray@hotmail.co.uk,Bristol,MTR0017,Detached,05/01/2024 08:24:00,0.45,0.35,FALSE,0,,FALSE,,
REC005587,CUST017,Molly Fisher,annamurray@hotmail.co.uk,Bristol,MTR0017,Detached,05/01/2024 09:07:12,0.83,0.8,FALSE,0,,FALSE,,
REC005588,CUST017,Molly Fisher,annamurray@hotmail.co.uk,Bristol,MTR0017,Detached,05/01/2024 09:36:00,1.19,1.13,FALSE,0,,FALSE,,
REC005589,CUST017,Molly Fisher,annamurray@hotmail.co.uk,Bristol,MTR0017,Detached,05/01/2024 10:04:48,1.06,1.03,FALSE,0,,FALSE,,
REC005590,CUST017,Molly Fisher,annamurray@hotmail.co.uk,Bristol,MTR0017,Detached,05/01/2024 10:33:36,0.7,0.58,FALSE,0,,FALSE,,
REC005591,CUST017,Molly Fisher,annamurray@hotmail.co.uk,Bristol,MTR0017,Detached,05/01/2024 11:02:24,0.61,0.5,FALSE,0,,FALSE,,
REC005592,CUST017,Molly Fisher,annamurray@hotmail.co.uk,Bristol,MTR0017,Detached,05/01/2024 11:31:12,0.31,0.46,FALSE,0,,FALSE,,
REC005593,CUST017,Molly Fisher,annamurray@hotmail.co.uk,Bristol,MTR0017,Detached,05/01/2024 12:00:00,0.37,0.53,FALSE,0,,FALSE,,
REC005594,CUST017,Molly Fisher,annamurray@hotmail.co.uk,Bristol,MTR0017,Detached,05/01/2024 12:28:48,0.81,0.83,FALSE,0,,FALSE,,
REC005595,CUST017,Molly Fisher,annamurray@hotmail.co.uk,Bristol,MTR0017,Detached,05/01/2024 12:57:36,1.21,1.13,FALSE,0,,FALSE,,
REC005596,CUST017,Molly Fisher,annamurray@hotmail.co.uk,Bristol,MTR0017,Detached,05/01/2024 13:26:24,0.94,0.82,FALSE,0,,FALSE,,
REC005597,CUST017,Molly Fisher,annamurray@hotmail.co.uk,Bristol,MTR0017,Detached,05/01/2024 13:55:12,0.71,0.74,FALSE,0,,FALSE,,
REC005598,CUST017,Molly Fisher,annamurray@hotmail.co.uk,Bristol,MTR0017,Detached,05/01/2024 14:24:00,0.96,0.98,FALSE,0,,FALSE,,
REC005599,CUST017,Molly Fisher,annamurray@hotmail.co.uk,Bristol,MTR0017,Detached,05/01/2024 15:07:12,0.43,0.46,FALSE,0,,FALSE,,
REC005600,CUST017,Molly Fisher,annamurray@hotmail.co.uk,Bristol,MTR0017,Detached,05/01/2024 15:36:00,0.41,0.42,FALSE,0,,FALSE,,
REC005601,CUST017,Molly Fisher,annamurray@hotmail.co.uk,Bristol,MTR0017,Detached,05/01/2024 16:04:48,0.48,0.46,FALSE,0,,FALSE,,
REC005602,CUST017,Molly Fisher,annamurray@hotmail.co.uk,Bristol,MTR0017,Detached,05/01/2024 16:33:36,1,1.05,FALSE,0,,FALSE,,
REC005603,CUST017,Molly Fisher,annamurray@hotmail.co.uk,Bristol,MTR0017,Detached,05/01/2024 17:02:24,0.61,0.64,FALSE,0,,FALSE,,
REC005604,CUST017,Molly Fisher,annamurray@hotmail.co.uk,Bristol,MTR0017,Detached,05/01/2024 17:31:12,0.63,0.59,FALSE,0,,FALSE,,
REC005605,CUST017,Molly Fisher,annamurray@hotmail.co.uk,Bristol,MTR0017,Detached,05/01/2024 18:00:00,0.32,0.44,FALSE,0,,FALSE,,
REC005606,CUST017,Molly Fisher,annamurray@hotmail.co.uk,Bristol,MTR0017,Detached,05/01/2024 18:28:48,1.04,0.85,FALSE,0,,FALSE,,
REC005607,CUST017,Molly Fisher,annamurray@hotmail.co.uk,Bristol,MTR0017,Detached,05/01/2024 18:57:36,1.21,0.99,FALSE,0,,FALSE,,
REC005608,CUST017,Molly Fisher,annamurray@hotmail.co.uk,Bristol,MTR0017,Detached,05/01/2024 19:26:24,1.22,1.14,FALSE,0,,FALSE,,
REC005609,CUST017,Molly Fisher,annamurray@hotmail.co.uk,Bristol,MTR0017,Detached,05/01/2024 19:55:12,0.71,0.57,FALSE,0,,FALSE,,
REC005610,CUST017,Molly Fisher,annamurray@hotmail.co.uk,Bristol,MTR0017,Detached,05/01/2024 20:24:00,0.76,0.85,FALSE,0,,FALSE,,
REC005611,CUST017,Molly Fisher,annamurray@hotmail.co.uk,Bristol,MTR0017,Detached,05/01/2024 21:07:12,0.4,0.46,FALSE,0,,FALSE,,
REC005612,CUST017,Molly Fisher,annamurray@hotmail.co.uk,Bristol,MTR0017,Detached,05/01/2024 21:36:00,0.45,0.68,FALSE,0,,FALSE,,
REC005613,CUST017,Molly Fisher,annamurray@hotmail.co.uk,Bristol,MTR0017,Detached,05/01/2024 22:04:48,0.46,0.46,FALSE,0,,FALSE,,
REC005614,CUST017,Molly Fisher,annamurray@hotmail.co.uk,Bristol,MTR0017,Detached,05/01/2024 22:33:36,0.74,0.73,FALSE,0,,FALSE,,
REC005615,CUST017,Molly Fisher,annamurray@hotmail.co.uk,Bristol,MTR0017,Detached,05/01/2024 23:02:24,0.94,0.91,FALSE,0,,FALSE,,
REC005616,CUST017,Molly Fisher,annamurray@hotmail.co.uk,Bristol,MTR0017,Detached,05/01/2024 23:31:12,0.86,1.02,FALSE,0,,FALSE,,
REC005617,CUST017,Molly Fisher,annamurray@hotmail.co.uk,Bristol,MTR0017,Detached,06/01/2024 00:00:00,0.33,0.33,FALSE,0,,FALSE,,
REC005618,CUST017,Molly Fisher,annamurray@hotmail.co.uk,Bristol,MTR0017,Detached,06/01/2024 00:28:48,0.65,0.62,FALSE,0,,FALSE,,
REC005619,CUST017,Molly Fisher,annamurray@hotmail.co.uk,Bristol,MTR0017,Detached,06/01/2024 00:57:36,0.61,0.56,FALSE,0,,FALSE,,
REC005620,CUST017,Molly Fisher,annamurray@hotmail.co.uk,Bristol,MTR0017,Detached,06/01/2024 01:26:24,1.11,1.16,FALSE,0,,FALSE,,
REC005621,CUST017,Molly Fisher,annamurray@hotmail.co.uk,Bristol,MTR0017,Detached,06/01/2024 01:55:12,0.87,0.67,FALSE,0,,FALSE,,
REC005622,CUST017,Molly Fisher,annamurray@hotmail.co.uk,Bristol,MTR0017,Detached,06/01/2024 02:24:00,0.67,0.69,FALSE,0,,FALSE,,
REC005623,CUST017,Molly Fisher,annamurray@hotmail.co.uk,Bristol,MTR0017,Detached,06/01/2024 03:07:12,0.81,0.8,FALSE,0,,FALSE,,
REC005624,CUST017,Molly Fisher,annamurray@hotmail.co.uk,Bristol,MTR0017,Detached,06/01/2024 03:36:00,0.32,0.35,FALSE,0,,FALSE,,
REC005625,CUST017,Molly Fisher,annamurray@hotmail.co.uk,Bristol,MTR0017,Detached,06/01/2024 04:04:48,0.99,1.04,FALSE,0,,FALSE,,
REC005626,CUST017,Molly Fisher,annamurray@hotmail.co.uk,Bristol,MTR0017,Detached,06/01/2024 04:33:36,0.66,0.59,FALSE,0,,FALSE,,
REC005627,CUST017,Molly Fisher,annamurray@hotmail.co.uk,Bristol,MTR0017,Detached,06/01/2024 05:02:24,0.57,0.73,FALSE,0,,FALSE,,
REC005628,CUST017,Molly Fisher,annamurray@hotmail.co.uk,Bristol,MTR0017,Detached,06/01/2024 05:31:12,0.9,0.83,FALSE,0,,FALSE,,
REC005629,CUST017,Molly Fisher,annamurray@hotmail.co.uk,Bristol,MTR0017,Detached,06/01/2024 06:00:00,0.58,0.57,FALSE,0,,FALSE,,
REC005630,CUST017,Molly Fisher,annamurray@hotmail.co.uk,Bristol,MTR0017,Detached,06/01/2024 06:28:48,1.15,1.17,FALSE,0,,FALSE,,
REC005631,CUST017,Molly Fisher,annamurray@hotmail.co.uk,Bristol,MTR0017,Detached,06/01/2024 06:57:36,0.56,0.68,FALSE,0,,FALSE,,
REC005632,CUST017,Molly Fisher,annamurray@hotmail.co.uk,Bristol,MTR0017,Detached,06/01/2024 07:26:24,0.8,0.8,FALSE,0,,FALSE,,
REC005633,CUST017,Molly Fisher,annamurray@hotmail.co.uk,Bristol,MTR0017,Detached,06/01/2024 07:55:12,0.49,0.43,FALSE,0,,FALSE,,
REC005634,CUST017,Molly Fisher,annamurray@hotmail.co.uk,Bristol,MTR0017,Detached,06/01/2024 08:24:00,0.5,0.48,FALSE,0,,FALSE,,
REC005635,CUST017,Molly Fisher,annamurray@hotmail.co.uk,Bristol,MTR0017,Detached,06/01/2024 09:07:12,0.98,0.99,FALSE,0,,FALSE,,
REC005636,CUST017,Molly Fisher,annamurray@hotmail.co.uk,Bristol,MTR0017,Detached,06/01/2024 09:36:00,0.38,0.4,FALSE,0,,FALSE,,
REC005637,CUST017,Molly Fisher,annamurray@hotmail.co.uk,Bristol,MTR0017,Detached,06/01/2024 10:04:48,0.58,0.62,FALSE,0,,FALSE,,
REC005638,CUST017,Molly Fisher,annamurray@hotmail.co.uk,Bristol,MTR0017,Detached,06/01/2024 10:33:36,0.57,0.68,FALSE,0,,FALSE,,
REC005639,CUST017,Molly Fisher,annamurray@hotmail.co.uk,Bristol,MTR0017,Detached,06/01/2024 11:02:24,0.63,0.57,FALSE,0,,FALSE,,
REC005640,CUST017,Molly Fisher,annamurray@hotmail.co.uk,Bristol,MTR0017,Detached,06/01/2024 11:31:12,0.68,0.66,FALSE,0,,FALSE,,
REC005641,CUST017,Molly Fisher,annamurray@hotmail.co.uk,Bristol,MTR0017,Detached,06/01/2024 12:00:00,0.54,0.47,FALSE,0,,FALSE,,
REC005642,CUST017,Molly Fisher,annamurray@hotmail.co.uk,Bristol,MTR0017,Detached,06/01/2024 12:28:48,0.77,0.81,FALSE,0,,FALSE,,
REC005643,CUST017,Molly Fisher,annamurray@hotmail.co.uk,Bristol,MTR0017,Detached,06/01/2024 12:57:36,0.69,0.71,FALSE,0,,FALSE,,
REC005644,CUST017,Molly Fisher,annamurray@hotmail.co.uk,Bristol,MTR0017,Detached,06/01/2024 13:26:24,0.43,0.55,FALSE,0,,FALSE,,
REC005645,CUST017,Molly Fisher,annamurray@hotmail.co.uk,Bristol,MTR0017,Detached,06/01/2024 13:55:12,1,1.15,FALSE,0,,FALSE,,
REC005646,CUST017,Molly Fisher,annamurray@hotmail.co.uk,Bristol,MTR0017,Detached,06/01/2024 14:24:00,0.68,0.67,FALSE,0,,FALSE,,
REC005647,CUST017,Molly Fisher,annamurray@hotmail.co.uk,Bristol,MTR0017,Detached,06/01/2024 15:07:12,0.88,1.09,FALSE,0,,FALSE,,
REC005648,CUST017,Molly Fisher,annamurray@hotmail.co.uk,Bristol,MTR0017,Detached,06/01/2024 15:36:00,0.52,0.49,FALSE,0,,FALSE,,
REC005649,CUST017,Molly Fisher,annamurray@hotmail.co.uk,Bristol,MTR0017,Detached,06/01/2024 16:04:48,0.96,1.02,FALSE,0,,FALSE,,
REC005650,CUST017,Molly Fisher,annamurray@hotmail.co.uk,Bristol,MTR0017,Detached,06/01/2024 16:33:36,0.73,0.5,TRUE,46,Schedule change,TRUE,1/6/2024 16:33,FALSE
REC005651,CUST017,Molly Fisher,annamurray@hotmail.co.uk,Bristol,MTR0017,Detached,06/01/2024 17:02:24,0.6,0.6,FALSE,0,,FALSE,,
REC005652,CUST017,Molly Fisher,annamurray@hotmail.co.uk,Bristol,MTR0017,Detached,06/01/2024 17:31:12,0.72,0.66,FALSE,0,,FALSE,,
REC005653,CUST017,Molly Fisher,annamurray@hotmail.co.uk,Bristol,MTR0017,Detached,06/01/2024 18:00:00,0.7,0.77,FALSE,0,,FALSE,,
REC005654,CUST017,Molly Fisher,annamurray@hotmail.co.uk,Bristol,MTR0017,Detached,06/01/2024 18:28:48,0.58,0.46,FALSE,0,,FALSE,,
REC005655,CUST017,Molly Fisher,annamurray@hotmail.co.uk,Bristol,MTR0017,Detached,06/01/2024 18:57:36,0.95,0.83,FALSE,0,,FALSE,,
REC005656,CUST017,Molly Fisher,annamurray@hotmail.co.uk,Bristol,MTR0017,Detached,06/01/2024 19:26:24,1.19,1.09,FALSE,0,,FALSE,,
REC005657,CUST017,Molly Fisher,annamurray@hotmail.co.uk,Bristol,MTR0017,Detached,06/01/2024 19:55:12,0.83,0.63,FALSE,0,,FALSE,,
REC005658,CUST017,Molly Fisher,annamurray@hotmail.co.uk,Bristol,MTR0017,Detached,06/01/2024 20:24:00,0.79,0.9,FALSE,0,,FALSE,,
REC005659,CUST017,Molly Fisher,annamurray@hotmail.co.uk,Bristol,MTR0017,Detached,06/01/2024 21:07:12,0.86,0.79,FALSE,0,,FALSE,,
REC005660,CUST017,Molly Fisher,annamurray@hotmail.co.uk,Bristol,MTR0017,Detached,06/01/2024 21:36:00,0.94,1.02,FALSE,0,,FALSE,,
REC005661,CUST017,Molly Fisher,annamurray@hotmail.co.uk,Bristol,MTR0017,Detached,06/01/2024 22:04:48,0.7,0.8,FALSE,0,,FALSE,,
REC005662,CUST017,Molly Fisher,annamurray@hotmail.co.uk,Bristol,MTR0017,Detached,06/01/2024 22:33:36,0.38,0.38,FALSE,0,,FALSE,,
REC005663,CUST017,Molly Fisher,annamurray@hotmail.co.uk,Bristol,MTR0017,Detached,06/01/2024 23:02:24,0.63,0.61,FALSE,0,,FALSE,,
REC005664,CUST017,Molly Fisher,annamurray@hotmail.co.uk,Bristol,MTR0017,Detached,06/01/2024 23:31:12,1,1.01,FALSE,0,,FALSE,,
REC005665,CUST017,Molly Fisher,annamurray@hotmail.co.uk,Bristol,MTR0017,Detached,07/01/2024 00:00:00,0.76,0.89,FALSE,0,,FALSE,,
REC005666,CUST017,Molly Fisher,annamurray@hotmail.co.uk,Bristol,MTR0017,Detached,07/01/2024 00:28:48,1.19,1.18,FALSE,0,,FALSE,,
REC005667,CUST017,Molly Fisher,annamurray@hotmail.co.uk,Bristol,MTR0017,Detached,07/01/2024 00:57:36,0.64,0.64,FALSE,0,,FALSE,,
REC005668,CUST017,Molly Fisher,annamurray@hotmail.co.uk,Bristol,MTR0017,Detached,07/01/2024 01:26:24,0.99,1.09,FALSE,0,,FALSE,,
REC005669,CUST017,Molly Fisher,annamurray@hotmail.co.uk,Bristol,MTR0017,Detached,07/01/2024 01:55:12,1.25,1.1,FALSE,0,,FALSE,,
REC005670,CUST017,Molly Fisher,annamurray@hotmail.co.uk,Bristol,MTR0017,Detached,07/01/2024 02:24:00,1.22,1.03,FALSE,0,,FALSE,,
REC005671,CUST017,Molly Fisher,annamurray@hotmail.co.uk,Bristol,MTR0017,Detached,07/01/2024 03:07:12,1.02,1.01,FALSE,0,,FALSE,,
REC005672,CUST017,Molly Fisher,annamurray@hotmail.co.uk,Bristol,MTR0017,Detached,07/01/2024 03:36:00,1.27,1.17,FALSE,0,,FALSE,,
REC005673,CUST017,Molly Fisher,annamurray@hotmail.co.uk,Bristol,MTR0017,Detached,07/01/2024 04:04:48,0.96,1.2,FALSE,0,,FALSE,,
REC005674,CUST017,Molly Fisher,annamurray@hotmail.co.uk,Bristol,MTR0017,Detached,07/01/2024 04:33:36,0.85,0.85,FALSE,0,,FALSE,,
REC005675,CUST017,Molly Fisher,annamurray@hotmail.co.uk,Bristol,MTR0017,Detached,07/01/2024 05:02:24,0.46,0.35,FALSE,0,,FALSE,,
REC005676,CUST017,Molly Fisher,annamurray@hotmail.co.uk,Bristol,MTR0017,Detached,07/01/2024 05:31:12,0.49,0.49,FALSE,0,,FALSE,,
REC005677,CUST017,Molly Fisher,annamurray@hotmail.co.uk,Bristol,MTR0017,Detached,07/01/2024 06:00:00,0.67,0.68,FALSE,0,,FALSE,,
REC005678,CUST017,Molly Fisher,annamurray@hotmail.co.uk,Bristol,MTR0017,Detached,07/01/2024 06:28:48,0.69,0.62,FALSE,0,,FALSE,,
REC005679,CUST017,Molly Fisher,annamurray@hotmail.co.uk,Bristol,MTR0017,Detached,07/01/2024 06:57:36,0.93,0.7,FALSE,0,,FALSE,,
REC005680,CUST017,Molly Fisher,annamurray@hotmail.co.uk,Bristol,MTR0017,Detached,07/01/2024 07:26:24,1.05,1.02,FALSE,0,,FALSE,,
REC005681,CUST017,Molly Fisher,annamurray@hotmail.co.uk,Bristol,MTR0017,Detached,07/01/2024 07:55:12,0.72,0.71,FALSE,0,,FALSE,,
REC005682,CUST017,Molly Fisher,annamurray@hotmail.co.uk,Bristol,MTR0017,Detached,07/01/2024 08:24:00,0.73,0.6,FALSE,0,,FALSE,,
REC005683,CUST017,Molly Fisher,annamurray@hotmail.co.uk,Bristol,MTR0017,Detached,07/01/2024 09:07:12,0.94,0.89,FALSE,0,,FALSE,,
REC005684,CUST017,Molly Fisher,annamurray@hotmail.co.uk,Bristol,MTR0017,Detached,07/01/2024 09:36:00,0.52,0.35,TRUE,48.57,Schedule change,TRUE,1/7/2024 09:47,TRUE
REC005685,CUST017,Molly Fisher,annamurray@hotmail.co.uk,Bristol,MTR0017,Detached,07/01/2024 10:04:48,0.35,0.45,FALSE,0,,FALSE,,
REC005686,CUST017,Molly Fisher,annamurray@hotmail.co.uk,Bristol,MTR0017,Detached,07/01/2024 10:33:36,0.81,0.91,FALSE,0,,FALSE,,
REC005687,CUST017,Molly Fisher,annamurray@hotmail.co.uk,Bristol,MTR0017,Detached,07/01/2024 11:02:24,0.24,0.32,FALSE,0,,FALSE,,
REC005688,CUST017,Molly Fisher,annamurray@hotmail.co.uk,Bristol,MTR0017,Detached,07/01/2024 11:31:12,0.67,0.58,FALSE,0,,FALSE,,
REC005689,CUST017,Molly Fisher,annamurray@hotmail.co.uk,Bristol,MTR0017,Detached,07/01/2024 12:00:00,0.81,0.78,FALSE,0,,FALSE,,
REC005690,CUST017,Molly Fisher,annamurray@hotmail.co.uk,Bristol,MTR0017,Detached,07/01/2024 12:28:48,0.35,0.38,FALSE,0,,FALSE,,
REC005691,CUST017,Molly Fisher,annamurray@hotmail.co.uk,Bristol,MTR0017,Detached,07/01/2024 12:57:36,0.73,0.7,FALSE,0,,FALSE,,
REC005692,CUST017,Molly Fisher,annamurray@hotmail.co.uk,Bristol,MTR0017,Detached,07/01/2024 13:26:24,0.67,0.56,FALSE,0,,FALSE,,
REC005693,CUST017,Molly Fisher,annamurray@hotmail.co.uk,Bristol,MTR0017,Detached,07/01/2024 13:55:12,0.65,0.68,FALSE,0,,FALSE,,
REC005694,CUST017,Molly Fisher,annamurray@hotmail.co.uk,Bristol,MTR0017,Detached,07/01/2024 14:24:00,1.28,1.2,FALSE,0,,FALSE,,
REC005695,CUST017,Molly Fisher,annamurray@hotmail.co.uk,Bristol,MTR0017,Detached,07/01/2024 15:07:12,0.26,0.3,FALSE,0,,FALSE,,
REC005696,CUST017,Molly Fisher,annamurray@hotmail.co.uk,Bristol,MTR0017,Detached,07/01/2024 15:36:00,0.81,0.96,FALSE,0,,FALSE,,
REC005697,CUST017,Molly Fisher,annamurray@hotmail.co.uk,Bristol,MTR0017,Detached,07/01/2024 16:04:48,0.86,0.86,FALSE,0,,FALSE,,
REC005698,CUST017,Molly Fisher,annamurray@hotmail.co.uk,Bristol,MTR0017,Detached,07/01/2024 16:33:36,0.97,1.13,FALSE,0,,FALSE,,
REC005699,CUST017,Molly Fisher,annamurray@hotmail.co.uk,Bristol,MTR0017,Detached,07/01/2024 17:02:24,1,1.03,FALSE,0,,FALSE,,
REC005700,CUST017,Molly Fisher,annamurray@hotmail.co.uk,Bristol,MTR0017,Detached,07/01/2024 17:31:12,0.35,0.33,FALSE,0,,FALSE,,
REC005701,CUST017,Molly Fisher,annamurray@hotmail.co.uk,Bristol,MTR0017,Detached,07/01/2024 18:00:00,0.37,0.45,FALSE,0,,FALSE,,
REC005702,CUST017,Molly Fisher,annamurray@hotmail.co.uk,Bristol,MTR0017,Detached,07/01/2024 18:28:48,0.82,0.76,FALSE,0,,FALSE,,
REC005703,CUST017,Molly Fisher,annamurray@hotmail.co.uk,Bristol,MTR0017,Detached,07/01/2024 18:57:36,0.36,0.38,FALSE,0,,FALSE,,
REC005704,CUST017,Molly Fisher,annamurray@hotmail.co.uk,Bristol,MTR0017,Detached,07/01/2024 19:26:24,1.18,1.12,FALSE,0,,FALSE,,
REC005705,CUST017,Molly Fisher,annamurray@hotmail.co.uk,Bristol,MTR0017,Detached,07/01/2024 19:55:12,1.15,1.15,FALSE,0,,FALSE,,
REC005706,CUST017,Molly Fisher,annamurray@hotmail.co.uk,Bristol,MTR0017,Detached,07/01/2024 20:24:00,0.3,0.32,FALSE,0,,FALSE,,
REC005707,CUST017,Molly Fisher,annamurray@hotmail.co.uk,Bristol,MTR0017,Detached,07/01/2024 21:07:12,1.04,1.12,FALSE,0,,FALSE,,
REC005708,CUST017,Molly Fisher,annamurray@hotmail.co.uk,Bristol,MTR0017,Detached,07/01/2024 21:36:00,0.4,0.4,FALSE,0,,FALSE,,
REC005709,CUST017,Molly Fisher,annamurray@hotmail.co.uk,Bristol,MTR0017,Detached,07/01/2024 22:04:48,0.67,0.65,FALSE,0,,FALSE,,
REC005710,CUST017,Molly Fisher,annamurray@hotmail.co.uk,Bristol,MTR0017,Detached,07/01/2024 22:33:36,1.12,1.08,FALSE,0,,FALSE,,
REC005711,CUST017,Molly Fisher,annamurray@hotmail.co.uk,Bristol,MTR0017,Detached,07/01/2024 23:02:24,0.66,0.63,FALSE,0,,FALSE,,
REC005712,CUST017,Molly Fisher,annamurray@hotmail.co.uk,Bristol,MTR0017,Detached,07/01/2024 23:31:12,0.74,0.87,FALSE,0,,FALSE,,
REC005713,CUST018,Ms Marie Morrison,andersongarry@white-howe.com,Manchester,MTR0018,Flat,01/01/2024 00:00:00,1.07,0.97,FALSE,0,,FALSE,,
REC005714,CUST018,Ms Marie Morrison,andersongarry@white-howe.com,Manchester,MTR0018,Flat,01/01/2024 00:28:48,0.83,0.79,FALSE,0,,FALSE,,
REC005715,CUST018,Ms Marie Morrison,andersongarry@white-howe.com,Manchester,MTR0018,Flat,01/01/2024 00:57:36,0.68,0.67,FALSE,0,,FALSE,,
REC005716,CUST018,Ms Marie Morrison,andersongarry@white-howe.com,Manchester,MTR0018,Flat,01/01/2024 01:26:24,1.12,1.08,FALSE,0,,FALSE,,
REC005717,CUST018,Ms Marie Morrison,andersongarry@white-howe.com,Manchester,MTR0018,Flat,01/01/2024 01:55:12,1.21,1.16,FALSE,0,,FALSE,,
REC005718,CUST018,Ms Marie Morrison,andersongarry@white-howe.com,Manchester,MTR0018,Flat,01/01/2024 02:24:00,0.49,0.3,TRUE,63.33,Schedule change,TRUE,1/1/2024 02:34,FALSE
REC005719,CUST018,Ms Marie Morrison,andersongarry@white-howe.com,Manchester,MTR0018,Flat,01/01/2024 03:07:12,0.29,0.34,FALSE,0,,FALSE,,
REC005720,CUST018,Ms Marie Morrison,andersongarry@white-howe.com,Manchester,MTR0018,Flat,01/01/2024 03:36:00,0.48,0.53,FALSE,0,,FALSE,,
REC005721,CUST018,Ms Marie Morrison,andersongarry@white-howe.com,Manchester,MTR0018,Flat,01/01/2024 04:04:48,0.46,0.57,FALSE,0,,FALSE,,
REC005722,CUST018,Ms Marie Morrison,andersongarry@white-howe.com,Manchester,MTR0018,Flat,01/01/2024 04:33:36,0.2,0.39,FALSE,0,,FALSE,,
REC005723,CUST018,Ms Marie Morrison,andersongarry@white-howe.com,Manchester,MTR0018,Flat,01/01/2024 05:02:24,0.38,0.34,FALSE,0,,FALSE,,
REC005724,CUST018,Ms Marie Morrison,andersongarry@white-howe.com,Manchester,MTR0018,Flat,01/01/2024 05:31:12,0.9,0.7,FALSE,0,,FALSE,,
REC005725,CUST018,Ms Marie Morrison,andersongarry@white-howe.com,Manchester,MTR0018,Flat,01/01/2024 06:00:00,0.84,0.87,FALSE,0,,FALSE,,
REC005726,CUST018,Ms Marie Morrison,andersongarry@white-howe.com,Manchester,MTR0018,Flat,01/01/2024 06:28:48,1,0.88,FALSE,0,,FALSE,,
REC005727,CUST018,Ms Marie Morrison,andersongarry@white-howe.com,Manchester,MTR0018,Flat,01/01/2024 06:57:36,1.13,1.16,FALSE,0,,FALSE,,
REC005728,CUST018,Ms Marie Morrison,andersongarry@white-howe.com,Manchester,MTR0018,Flat,01/01/2024 07:26:24,1,0.88,FALSE,0,,FALSE,,
REC005729,CUST018,Ms Marie Morrison,andersongarry@white-howe.com,Manchester,MTR0018,Flat,01/01/2024 07:55:12,0.49,0.46,FALSE,0,,FALSE,,
REC005730,CUST018,Ms Marie Morrison,andersongarry@white-howe.com,Manchester,MTR0018,Flat,01/01/2024 08:24:00,0.77,0.77,FALSE,0,,FALSE,,
REC005731,CUST018,Ms Marie Morrison,andersongarry@white-howe.com,Manchester,MTR0018,Flat,01/01/2024 09:07:12,1.08,1.13,FALSE,0,,FALSE,,
REC005732,CUST018,Ms Marie Morrison,andersongarry@white-howe.com,Manchester,MTR0018,Flat,01/01/2024 09:36:00,0.84,0.83,FALSE,0,,FALSE,,
REC005733,CUST018,Ms Marie Morrison,andersongarry@white-howe.com,Manchester,MTR0018,Flat,01/01/2024 10:04:48,0.64,0.55,FALSE,0,,FALSE,,
REC005734,CUST018,Ms Marie Morrison,andersongarry@white-howe.com,Manchester,MTR0018,Flat,01/01/2024 10:33:36,0.49,0.56,FALSE,0,,FALSE,,
REC005735,CUST018,Ms Marie Morrison,andersongarry@white-howe.com,Manchester,MTR0018,Flat,01/01/2024 11:02:24,0.46,0.47,FALSE,0,,FALSE,,
REC005736,CUST018,Ms Marie Morrison,andersongarry@white-howe.com,Manchester,MTR0018,Flat,01/01/2024 11:31:12,0.86,0.84,FALSE,0,,FALSE,,
REC005737,CUST018,Ms Marie Morrison,andersongarry@white-howe.com,Manchester,MTR0018,Flat,01/01/2024 12:00:00,0.93,0.85,FALSE,0,,FALSE,,
REC005738,CUST018,Ms Marie Morrison,andersongarry@white-howe.com,Manchester,MTR0018,Flat,01/01/2024 12:28:48,0.92,0.91,FALSE,0,,FALSE,,
REC005739,CUST018,Ms Marie Morrison,andersongarry@white-howe.com,Manchester,MTR0018,Flat,01/01/2024 12:57:36,0.64,0.66,FALSE,0,,FALSE,,
REC005740,CUST018,Ms Marie Morrison,andersongarry@white-howe.com,Manchester,MTR0018,Flat,01/01/2024 13:26:24,0.82,0.79,FALSE,0,,FALSE,,
REC005741,CUST018,Ms Marie Morrison,andersongarry@white-howe.com,Manchester,MTR0018,Flat,01/01/2024 13:55:12,1.28,1.16,FALSE,0,,FALSE,,
REC005742,CUST018,Ms Marie Morrison,andersongarry@white-howe.com,Manchester,MTR0018,Flat,01/01/2024 14:24:00,0.94,0.89,FALSE,0,,FALSE,,
REC005743,CUST018,Ms Marie Morrison,andersongarry@white-howe.com,Manchester,MTR0018,Flat,01/01/2024 15:07:12,1.06,1.06,FALSE,0,,FALSE,,
REC005744,CUST018,Ms Marie Morrison,andersongarry@white-howe.com,Manchester,MTR0018,Flat,01/01/2024 15:36:00,0.46,0.45,FALSE,0,,FALSE,,
REC005745,CUST018,Ms Marie Morrison,andersongarry@white-howe.com,Manchester,MTR0018,Flat,01/01/2024 16:04:48,0.64,0.74,FALSE,0,,FALSE,,
REC005746,CUST018,Ms Marie Morrison,andersongarry@white-howe.com,Manchester,MTR0018,Flat,01/01/2024 16:33:36,0.37,0.3,FALSE,0,,FALSE,,
REC005747,CUST018,Ms Marie Morrison,andersongarry@white-howe.com,Manchester,MTR0018,Flat,01/01/2024 17:02:24,0.48,0.61,FALSE,0,,FALSE,,
REC005748,CUST018,Ms Marie Morrison,andersongarry@white-howe.com,Manchester,MTR0018,Flat,01/01/2024 17:31:12,0.58,0.62,FALSE,0,,FALSE,,
REC005749,CUST018,Ms Marie Morrison,andersongarry@white-howe.com,Manchester,MTR0018,Flat,01/01/2024 18:00:00,0.43,0.45,FALSE,0,,FALSE,,
REC005750,CUST018,Ms Marie Morrison,andersongarry@white-howe.com,Manchester,MTR0018,Flat,01/01/2024 18:28:48,0.68,0.72,FALSE,0,,FALSE,,
REC005751,CUST018,Ms Marie Morrison,andersongarry@white-howe.com,Manchester,MTR0018,Flat,01/01/2024 18:57:36,0.38,0.48,FALSE,0,,FALSE,,
REC005752,CUST018,Ms Marie Morrison,andersongarry@white-howe.com,Manchester,MTR0018,Flat,01/01/2024 19:26:24,0.94,1,FALSE,0,,FALSE,,
REC005753,CUST018,Ms Marie Morrison,andersongarry@white-howe.com,Manchester,MTR0018,Flat,01/01/2024 19:55:12,0.81,0.94,FALSE,0,,FALSE,,
REC005754,CUST018,Ms Marie Morrison,andersongarry@white-howe.com,Manchester,MTR0018,Flat,01/01/2024 20:24:00,1.28,1.12,FALSE,0,,FALSE,,
REC005755,CUST018,Ms Marie Morrison,andersongarry@white-howe.com,Manchester,MTR0018,Flat,01/01/2024 21:07:12,1.12,1.17,FALSE,0,,FALSE,,
REC005756,CUST018,Ms Marie Morrison,andersongarry@white-howe.com,Manchester,MTR0018,Flat,01/01/2024 21:36:00,0.71,0.77,FALSE,0,,FALSE,,
REC005757,CUST018,Ms Marie Morrison,andersongarry@white-howe.com,Manchester,MTR0018,Flat,01/01/2024 22:04:48,0.58,0.38,TRUE,52.63,Schedule change,TRUE,1/1/2024 22:09,TRUE
REC005758,CUST018,Ms Marie Morrison,andersongarry@white-howe.com,Manchester,MTR0018,Flat,01/01/2024 22:33:36,0.62,0.77,FALSE,0,,FALSE,,
REC005759,CUST018,Ms Marie Morrison,andersongarry@white-howe.com,Manchester,MTR0018,Flat,01/01/2024 23:02:24,0.66,0.6,FALSE,0,,FALSE,,
REC005760,CUST018,Ms Marie Morrison,andersongarry@white-howe.com,Manchester,MTR0018,Flat,01/01/2024 23:31:12,0.5,0.49,FALSE,0,,FALSE,,
REC005761,CUST018,Ms Marie Morrison,andersongarry@white-howe.com,Manchester,MTR0018,Flat,02/01/2024 00:00:00,0.8,0.89,FALSE,0,,FALSE,,
REC005762,CUST018,Ms Marie Morrison,andersongarry@white-howe.com,Manchester,MTR0018,Flat,02/01/2024 00:28:48,0.33,0.32,FALSE,0,,FALSE,,
REC005763,CUST018,Ms Marie Morrison,andersongarry@white-howe.com,Manchester,MTR0018,Flat,02/01/2024 00:57:36,0.63,0.45,FALSE,0,,FALSE,,
REC005764,CUST018,Ms Marie Morrison,andersongarry@white-howe.com,Manchester,MTR0018,Flat,02/01/2024 01:26:24,0.54,0.48,FALSE,0,,FALSE,,
REC005765,CUST018,Ms Marie Morrison,andersongarry@white-howe.com,Manchester,MTR0018,Flat,02/01/2024 01:55:12,0.94,0.9,FALSE,0,,FALSE,,
REC005766,CUST018,Ms Marie Morrison,andersongarry@white-howe.com,Manchester,MTR0018,Flat,02/01/2024 02:24:00,0.55,0.67,FALSE,0,,FALSE,,
REC005767,CUST018,Ms Marie Morrison,andersongarry@white-howe.com,Manchester,MTR0018,Flat,02/01/2024 03:07:12,0.81,0.89,FALSE,0,,FALSE,,
REC005768,CUST018,Ms Marie Morrison,andersongarry@white-howe.com,Manchester,MTR0018,Flat,02/01/2024 03:36:00,0.23,0.38,FALSE,0,,FALSE,,
REC005769,CUST018,Ms Marie Morrison,andersongarry@white-howe.com,Manchester,MTR0018,Flat,02/01/2024 04:04:48,0.41,0.4,FALSE,0,,FALSE,,
REC005770,CUST018,Ms Marie Morrison,andersongarry@white-howe.com,Manchester,MTR0018,Flat,02/01/2024 04:33:36,0.85,0.85,FALSE,0,,FALSE,,
REC005771,CUST018,Ms Marie Morrison,andersongarry@white-howe.com,Manchester,MTR0018,Flat,02/01/2024 05:02:24,0.86,0.94,FALSE,0,,FALSE,,
REC005772,CUST018,Ms Marie Morrison,andersongarry@white-howe.com,Manchester,MTR0018,Flat,02/01/2024 05:31:12,0.43,0.34,FALSE,0,,FALSE,,
REC005773,CUST018,Ms Marie Morrison,andersongarry@white-howe.com,Manchester,MTR0018,Flat,02/01/2024 06:00:00,0.18,0.3,FALSE,0,,FALSE,,
REC005774,CUST018,Ms Marie Morrison,andersongarry@white-howe.com,Manchester,MTR0018,Flat,02/01/2024 06:28:48,0.29,0.36,FALSE,0,,FALSE,,
REC005775,CUST018,Ms Marie Morrison,andersongarry@white-howe.com,Manchester,MTR0018,Flat,02/01/2024 06:57:36,0.47,0.46,FALSE,0,,FALSE,,
REC005776,CUST018,Ms Marie Morrison,andersongarry@white-howe.com,Manchester,MTR0018,Flat,02/01/2024 07:26:24,0.72,0.83,FALSE,0,,FALSE,,
REC005777,CUST018,Ms Marie Morrison,andersongarry@white-howe.com,Manchester,MTR0018,Flat,02/01/2024 07:55:12,0.76,0.79,FALSE,0,,FALSE,,
REC005778,CUST018,Ms Marie Morrison,andersongarry@white-howe.com,Manchester,MTR0018,Flat,02/01/2024 08:24:00,0.28,0.35,FALSE,0,,FALSE,,
REC005779,CUST018,Ms Marie Morrison,andersongarry@white-howe.com,Manchester,MTR0018,Flat,02/01/2024 09:07:12,0.69,0.66,FALSE,0,,FALSE,,
REC005780,CUST018,Ms Marie Morrison,andersongarry@white-howe.com,Manchester,MTR0018,Flat,02/01/2024 09:36:00,0.79,0.92,FALSE,0,,FALSE,,
REC005781,CUST018,Ms Marie Morrison,andersongarry@white-howe.com,Manchester,MTR0018,Flat,02/01/2024 10:04:48,0.58,0.78,FALSE,0,,FALSE,,
REC005782,CUST018,Ms Marie Morrison,andersongarry@white-howe.com,Manchester,MTR0018,Flat,02/01/2024 10:33:36,0.94,1.06,FALSE,0,,FALSE,,
REC005783,CUST018,Ms Marie Morrison,andersongarry@white-howe.com,Manchester,MTR0018,Flat,02/01/2024 11:02:24,0.59,0.5,FALSE,0,,FALSE,,
REC005784,CUST018,Ms Marie Morrison,andersongarry@white-howe.com,Manchester,MTR0018,Flat,02/01/2024 11:31:12,0.76,0.68,FALSE,0,,FALSE,,
REC005785,CUST018,Ms Marie Morrison,andersongarry@white-howe.com,Manchester,MTR0018,Flat,02/01/2024 12:00:00,0.48,0.57,FALSE,0,,FALSE,,
REC005786,CUST018,Ms Marie Morrison,andersongarry@white-howe.com,Manchester,MTR0018,Flat,02/01/2024 12:28:48,0.33,0.34,FALSE,0,,FALSE,,
REC005787,CUST018,Ms Marie Morrison,andersongarry@white-howe.com,Manchester,MTR0018,Flat,02/01/2024 12:57:36,0.4,0.4,FALSE,0,,FALSE,,
REC005788,CUST018,Ms Marie Morrison,andersongarry@white-howe.com,Manchester,MTR0018,Flat,02/01/2024 13:26:24,0.92,1.06,FALSE,0,,FALSE,,
REC005789,CUST018,Ms Marie Morrison,andersongarry@white-howe.com,Manchester,MTR0018,Flat,02/01/2024 13:55:12,0.45,0.51,FALSE,0,,FALSE,,
REC005790,CUST018,Ms Marie Morrison,andersongarry@white-howe.com,Manchester,MTR0018,Flat,02/01/2024 14:24:00,0.79,0.81,FALSE,0,,FALSE,,
REC005791,CUST018,Ms Marie Morrison,andersongarry@white-howe.com,Manchester,MTR0018,Flat,02/01/2024 15:07:12,0.58,0.8,FALSE,0,,FALSE,,
REC005792,CUST018,Ms Marie Morrison,andersongarry@white-howe.com,Manchester,MTR0018,Flat,02/01/2024 15:36:00,0.48,0.47,FALSE,0,,FALSE,,
REC005793,CUST018,Ms Marie Morrison,andersongarry@white-howe.com,Manchester,MTR0018,Flat,02/01/2024 16:04:48,0.59,0.3,TRUE,96.67,Guest visit,TRUE,1/2/2024 16:26,TRUE
REC005794,CUST018,Ms Marie Morrison,andersongarry@white-howe.com,Manchester,MTR0018,Flat,02/01/2024 16:33:36,1.09,1.04,FALSE,0,,FALSE,,
REC005795,CUST018,Ms Marie Morrison,andersongarry@white-howe.com,Manchester,MTR0018,Flat,02/01/2024 17:02:24,0.77,0.75,FALSE,0,,FALSE,,
REC005796,CUST018,Ms Marie Morrison,andersongarry@white-howe.com,Manchester,MTR0018,Flat,02/01/2024 17:31:12,1.13,1.06,FALSE,0,,FALSE,,
REC005797,CUST018,Ms Marie Morrison,andersongarry@white-howe.com,Manchester,MTR0018,Flat,02/01/2024 18:00:00,0.47,0.43,FALSE,0,,FALSE,,
REC005798,CUST018,Ms Marie Morrison,andersongarry@white-howe.com,Manchester,MTR0018,Flat,02/01/2024 18:28:48,0.54,0.45,FALSE,0,,FALSE,,
REC005799,CUST018,Ms Marie Morrison,andersongarry@white-howe.com,Manchester,MTR0018,Flat,02/01/2024 18:57:36,0.28,0.47,FALSE,0,,FALSE,,
REC005800,CUST018,Ms Marie Morrison,andersongarry@white-howe.com,Manchester,MTR0018,Flat,02/01/2024 19:26:24,0.86,0.9,FALSE,0,,FALSE,,
REC005801,CUST018,Ms Marie Morrison,andersongarry@white-howe.com,Manchester,MTR0018,Flat,02/01/2024 19:55:12,0.96,1.06,FALSE,0,,FALSE,,
REC005802,CUST018,Ms Marie Morrison,andersongarry@white-howe.com,Manchester,MTR0018,Flat,02/01/2024 20:24:00,0.99,1.18,FALSE,0,,FALSE,,
REC005803,CUST018,Ms Marie Morrison,andersongarry@white-howe.com,Manchester,MTR0018,Flat,02/01/2024 21:07:12,1,1.01,FALSE,0,,FALSE,,
REC005804,CUST018,Ms Marie Morrison,andersongarry@white-howe.com,Manchester,MTR0018,Flat,02/01/2024 21:36:00,0.6,0.51,FALSE,0,,FALSE,,
REC005805,CUST018,Ms Marie Morrison,andersongarry@white-howe.com,Manchester,MTR0018,Flat,02/01/2024 22:04:48,0.61,0.67,FALSE,0,,FALSE,,
REC005806,CUST018,Ms Marie Morrison,andersongarry@white-howe.com,Manchester,MTR0018,Flat,02/01/2024 22:33:36,0.57,0.54,FALSE,0,,FALSE,,
REC005807,CUST018,Ms Marie Morrison,andersongarry@white-howe.com,Manchester,MTR0018,Flat,02/01/2024 23:02:24,0.46,0.34,FALSE,0,,FALSE,,
REC005808,CUST018,Ms Marie Morrison,andersongarry@white-howe.com,Manchester,MTR0018,Flat,02/01/2024 23:31:12,0.29,0.32,FALSE,0,,FALSE,,
REC005809,CUST018,Ms Marie Morrison,andersongarry@white-howe.com,Manchester,MTR0018,Flat,03/01/2024 00:00:00,1.02,0.91,FALSE,0,,FALSE,,
REC005810,CUST018,Ms Marie Morrison,andersongarry@white-howe.com,Manchester,MTR0018,Flat,03/01/2024 00:28:48,1,0.91,FALSE,0,,FALSE,,
REC005811,CUST018,Ms Marie Morrison,andersongarry@white-howe.com,Manchester,MTR0018,Flat,03/01/2024 00:57:36,0.63,0.6,FALSE,0,,FALSE,,
REC005812,CUST018,Ms Marie Morrison,andersongarry@white-howe.com,Manchester,MTR0018,Flat,03/01/2024 01:26:24,0.62,0.74,FALSE,0,,FALSE,,
REC005813,CUST018,Ms Marie Morrison,andersongarry@white-howe.com,Manchester,MTR0018,Flat,03/01/2024 01:55:12,0.77,0.96,FALSE,0,,FALSE,,
REC005814,CUST018,Ms Marie Morrison,andersongarry@white-howe.com,Manchester,MTR0018,Flat,03/01/2024 02:24:00,0.49,0.56,FALSE,0,,FALSE,,
REC005815,CUST018,Ms Marie Morrison,andersongarry@white-howe.com,Manchester,MTR0018,Flat,03/01/2024 03:07:12,0.45,0.49,FALSE,0,,FALSE,,
REC005816,CUST018,Ms Marie Morrison,andersongarry@white-howe.com,Manchester,MTR0018,Flat,03/01/2024 03:36:00,0.58,0.61,FALSE,0,,FALSE,,
REC005817,CUST018,Ms Marie Morrison,andersongarry@white-howe.com,Manchester,MTR0018,Flat,03/01/2024 04:04:48,0.39,0.33,FALSE,0,,FALSE,,
REC005818,CUST018,Ms Marie Morrison,andersongarry@white-howe.com,Manchester,MTR0018,Flat,03/01/2024 04:33:36,0.52,0.59,FALSE,0,,FALSE,,
REC005819,CUST018,Ms Marie Morrison,andersongarry@white-howe.com,Manchester,MTR0018,Flat,03/01/2024 05:02:24,0.96,0.9,FALSE,0,,FALSE,,
REC005820,CUST018,Ms Marie Morrison,andersongarry@white-howe.com,Manchester,MTR0018,Flat,03/01/2024 05:31:12,1.32,1.16,FALSE,0,,FALSE,,
REC005821,CUST018,Ms Marie Morrison,andersongarry@white-howe.com,Manchester,MTR0018,Flat,03/01/2024 06:00:00,0.3,0.32,FALSE,0,,FALSE,,
REC005822,CUST018,Ms Marie Morrison,andersongarry@white-howe.com,Manchester,MTR0018,Flat,03/01/2024 06:28:48,0.61,0.59,FALSE,0,,FALSE,,
REC005823,CUST018,Ms Marie Morrison,andersongarry@white-howe.com,Manchester,MTR0018,Flat,03/01/2024 06:57:36,0.62,0.46,FALSE,0,,FALSE,,
REC005824,CUST018,Ms Marie Morrison,andersongarry@white-howe.com,Manchester,MTR0018,Flat,03/01/2024 07:26:24,0.66,0.59,FALSE,0,,FALSE,,
REC005825,CUST018,Ms Marie Morrison,andersongarry@white-howe.com,Manchester,MTR0018,Flat,03/01/2024 07:55:12,0.72,0.79,FALSE,0,,FALSE,,
REC005826,CUST018,Ms Marie Morrison,andersongarry@white-howe.com,Manchester,MTR0018,Flat,03/01/2024 08:24:00,1.24,1.07,FALSE,0,,FALSE,,
REC005827,CUST018,Ms Marie Morrison,andersongarry@white-howe.com,Manchester,MTR0018,Flat,03/01/2024 09:07:12,1.01,0.99,FALSE,0,,FALSE,,
REC005828,CUST018,Ms Marie Morrison,andersongarry@white-howe.com,Manchester,MTR0018,Flat,03/01/2024 09:36:00,0.45,0.51,FALSE,0,,FALSE,,
REC005829,CUST018,Ms Marie Morrison,andersongarry@white-howe.com,Manchester,MTR0018,Flat,03/01/2024 10:04:48,0.64,0.8,FALSE,0,,FALSE,,
REC005830,CUST018,Ms Marie Morrison,andersongarry@white-howe.com,Manchester,MTR0018,Flat,03/01/2024 10:33:36,0.44,0.51,FALSE,0,,FALSE,,
REC005831,CUST018,Ms Marie Morrison,andersongarry@white-howe.com,Manchester,MTR0018,Flat,03/01/2024 11:02:24,0.79,0.78,FALSE,0,,FALSE,,
REC005832,CUST018,Ms Marie Morrison,andersongarry@white-howe.com,Manchester,MTR0018,Flat,03/01/2024 11:31:12,0.2,0.3,FALSE,0,,FALSE,,
REC005833,CUST018,Ms Marie Morrison,andersongarry@white-howe.com,Manchester,MTR0018,Flat,03/01/2024 12:00:00,0.5,0.59,FALSE,0,,FALSE,,
REC005834,CUST018,Ms Marie Morrison,andersongarry@white-howe.com,Manchester,MTR0018,Flat,03/01/2024 12:28:48,0.51,0.38,FALSE,0,,FALSE,,
REC005835,CUST018,Ms Marie Morrison,andersongarry@white-howe.com,Manchester,MTR0018,Flat,03/01/2024 12:57:36,0.79,0.77,FALSE,0,,FALSE,,
REC005836,CUST018,Ms Marie Morrison,andersongarry@white-howe.com,Manchester,MTR0018,Flat,03/01/2024 13:26:24,0.9,1.05,FALSE,0,,FALSE,,
REC005837,CUST018,Ms Marie Morrison,andersongarry@white-howe.com,Manchester,MTR0018,Flat,03/01/2024 13:55:12,0.92,0.85,FALSE,0,,FALSE,,
REC005838,CUST018,Ms Marie Morrison,andersongarry@white-howe.com,Manchester,MTR0018,Flat,03/01/2024 14:24:00,1.35,1.13,FALSE,0,,FALSE,,
REC005839,CUST018,Ms Marie Morrison,andersongarry@white-howe.com,Manchester,MTR0018,Flat,03/01/2024 15:07:12,0.95,1.14,FALSE,0,,FALSE,,
REC005840,CUST018,Ms Marie Morrison,andersongarry@white-howe.com,Manchester,MTR0018,Flat,03/01/2024 15:36:00,0.72,0.71,FALSE,0,,FALSE,,
REC005841,CUST018,Ms Marie Morrison,andersongarry@white-howe.com,Manchester,MTR0018,Flat,03/01/2024 16:04:48,0.47,0.47,FALSE,0,,FALSE,,
REC005842,CUST018,Ms Marie Morrison,andersongarry@white-howe.com,Manchester,MTR0018,Flat,03/01/2024 16:33:36,0.62,0.39,TRUE,58.97,Heater malfunction,TRUE,1/3/2024 16:49,TRUE
REC005843,CUST018,Ms Marie Morrison,andersongarry@white-howe.com,Manchester,MTR0018,Flat,03/01/2024 17:02:24,0.58,0.48,FALSE,0,,FALSE,,
REC005844,CUST018,Ms Marie Morrison,andersongarry@white-howe.com,Manchester,MTR0018,Flat,03/01/2024 17:31:12,0.8,0.81,FALSE,0,,FALSE,,
REC005845,CUST018,Ms Marie Morrison,andersongarry@white-howe.com,Manchester,MTR0018,Flat,03/01/2024 18:00:00,0.99,0.91,FALSE,0,,FALSE,,
REC005846,CUST018,Ms Marie Morrison,andersongarry@white-howe.com,Manchester,MTR0018,Flat,03/01/2024 18:28:48,0.51,0.7,FALSE,0,,FALSE,,
REC005847,CUST018,Ms Marie Morrison,andersongarry@white-howe.com,Manchester,MTR0018,Flat,03/01/2024 18:57:36,0.89,0.89,FALSE,0,,FALSE,,
REC005848,CUST018,Ms Marie Morrison,andersongarry@white-howe.com,Manchester,MTR0018,Flat,03/01/2024 19:26:24,0.5,0.57,FALSE,0,,FALSE,,
REC005849,CUST018,Ms Marie Morrison,andersongarry@white-howe.com,Manchester,MTR0018,Flat,03/01/2024 19:55:12,0.6,0.59,FALSE,0,,FALSE,,
REC005850,CUST018,Ms Marie Morrison,andersongarry@white-howe.com,Manchester,MTR0018,Flat,03/01/2024 20:24:00,0.88,1.08,FALSE,0,,FALSE,,
REC005851,CUST018,Ms Marie Morrison,andersongarry@white-howe.com,Manchester,MTR0018,Flat,03/01/2024 21:07:12,0.74,0.68,FALSE,0,,FALSE,,
REC005852,CUST018,Ms Marie Morrison,andersongarry@white-howe.com,Manchester,MTR0018,Flat,03/01/2024 21:36:00,0.62,0.58,FALSE,0,,FALSE,,
REC005853,CUST018,Ms Marie Morrison,andersongarry@white-howe.com,Manchester,MTR0018,Flat,03/01/2024 22:04:48,0.75,0.65,FALSE,0,,FALSE,,
REC005854,CUST018,Ms Marie Morrison,andersongarry@white-howe.com,Manchester,MTR0018,Flat,03/01/2024 22:33:36,0.3,0.34,FALSE,0,,FALSE,,
REC005855,CUST018,Ms Marie Morrison,andersongarry@white-howe.com,Manchester,MTR0018,Flat,03/01/2024 23:02:24,0.65,0.58,FALSE,0,,FALSE,,
REC005856,CUST018,Ms Marie Morrison,andersongarry@white-howe.com,Manchester,MTR0018,Flat,03/01/2024 23:31:12,0.87,0.69,FALSE,0,,FALSE,,
REC005857,CUST018,Ms Marie Morrison,andersongarry@white-howe.com,Manchester,MTR0018,Flat,04/01/2024 00:00:00,0.76,0.79,FALSE,0,,FALSE,,
REC005858,CUST018,Ms Marie Morrison,andersongarry@white-howe.com,Manchester,MTR0018,Flat,04/01/2024 00:28:48,0.62,0.75,FALSE,0,,FALSE,,
REC005859,CUST018,Ms Marie Morrison,andersongarry@white-howe.com,Manchester,MTR0018,Flat,04/01/2024 00:57:36,1.17,1.11,FALSE,0,,FALSE,,
REC005860,CUST018,Ms Marie Morrison,andersongarry@white-howe.com,Manchester,MTR0018,Flat,04/01/2024 01:26:24,0.84,0.88,FALSE,0,,FALSE,,
REC005861,CUST018,Ms Marie Morrison,andersongarry@white-howe.com,Manchester,MTR0018,Flat,04/01/2024 01:55:12,0.22,0.32,FALSE,0,,FALSE,,
REC005862,CUST018,Ms Marie Morrison,andersongarry@white-howe.com,Manchester,MTR0018,Flat,04/01/2024 02:24:00,0.55,0.64,FALSE,0,,FALSE,,
REC005863,CUST018,Ms Marie Morrison,andersongarry@white-howe.com,Manchester,MTR0018,Flat,04/01/2024 03:07:12,0.47,0.62,FALSE,0,,FALSE,,
REC005864,CUST018,Ms Marie Morrison,andersongarry@white-howe.com,Manchester,MTR0018,Flat,04/01/2024 03:36:00,0.76,0.86,FALSE,0,,FALSE,,
REC005865,CUST018,Ms Marie Morrison,andersongarry@white-howe.com,Manchester,MTR0018,Flat,04/01/2024 04:04:48,0.49,0.45,FALSE,0,,FALSE,,
REC005866,CUST018,Ms Marie Morrison,andersongarry@white-howe.com,Manchester,MTR0018,Flat,04/01/2024 04:33:36,0.77,0.73,FALSE,0,,FALSE,,
REC005867,CUST018,Ms Marie Morrison,andersongarry@white-howe.com,Manchester,MTR0018,Flat,04/01/2024 05:02:24,0.99,1.07,FALSE,0,,FALSE,,
REC005868,CUST018,Ms Marie Morrison,andersongarry@white-howe.com,Manchester,MTR0018,Flat,04/01/2024 05:31:12,1.03,0.81,FALSE,0,,FALSE,,
REC005869,CUST018,Ms Marie Morrison,andersongarry@white-howe.com,Manchester,MTR0018,Flat,04/01/2024 06:00:00,1.12,1.11,FALSE,0,,FALSE,,
REC005870,CUST018,Ms Marie Morrison,andersongarry@white-howe.com,Manchester,MTR0018,Flat,04/01/2024 06:28:48,1.02,0.99,FALSE,0,,FALSE,,
REC005871,CUST018,Ms Marie Morrison,andersongarry@white-howe.com,Manchester,MTR0018,Flat,04/01/2024 06:57:36,0.43,0.38,FALSE,0,,FALSE,,
REC005872,CUST018,Ms Marie Morrison,andersongarry@white-howe.com,Manchester,MTR0018,Flat,04/01/2024 07:26:24,0.62,0.69,FALSE,0,,FALSE,,
REC005873,CUST018,Ms Marie Morrison,andersongarry@white-howe.com,Manchester,MTR0018,Flat,04/01/2024 07:55:12,0.79,0.7,FALSE,0,,FALSE,,
REC005874,CUST018,Ms Marie Morrison,andersongarry@white-howe.com,Manchester,MTR0018,Flat,04/01/2024 08:24:00,0.31,0.47,FALSE,0,,FALSE,,
REC005875,CUST018,Ms Marie Morrison,andersongarry@white-howe.com,Manchester,MTR0018,Flat,04/01/2024 09:07:12,0.75,0.86,FALSE,0,,FALSE,,
REC005876,CUST018,Ms Marie Morrison,andersongarry@white-howe.com,Manchester,MTR0018,Flat,04/01/2024 09:36:00,1.03,1.1,FALSE,0,,FALSE,,
REC005877,CUST018,Ms Marie Morrison,andersongarry@white-howe.com,Manchester,MTR0018,Flat,04/01/2024 10:04:48,0.37,0.35,FALSE,0,,FALSE,,
REC005878,CUST018,Ms Marie Morrison,andersongarry@white-howe.com,Manchester,MTR0018,Flat,04/01/2024 10:33:36,0.6,0.73,FALSE,0,,FALSE,,
REC005879,CUST018,Ms Marie Morrison,andersongarry@white-howe.com,Manchester,MTR0018,Flat,04/01/2024 11:02:24,0.22,0.34,FALSE,0,,FALSE,,
REC005880,CUST018,Ms Marie Morrison,andersongarry@white-howe.com,Manchester,MTR0018,Flat,04/01/2024 11:31:12,0.86,0.72,FALSE,0,,FALSE,,
REC005881,CUST018,Ms Marie Morrison,andersongarry@white-howe.com,Manchester,MTR0018,Flat,04/01/2024 12:00:00,0.67,0.54,FALSE,0,,FALSE,,
REC005882,CUST018,Ms Marie Morrison,andersongarry@white-howe.com,Manchester,MTR0018,Flat,04/01/2024 12:28:48,0.96,1.09,FALSE,0,,FALSE,,
REC005883,CUST018,Ms Marie Morrison,andersongarry@white-howe.com,Manchester,MTR0018,Flat,04/01/2024 12:57:36,0.39,0.47,FALSE,0,,FALSE,,
REC005884,CUST018,Ms Marie Morrison,andersongarry@white-howe.com,Manchester,MTR0018,Flat,04/01/2024 13:26:24,1.15,1.16,FALSE,0,,FALSE,,
REC005885,CUST018,Ms Marie Morrison,andersongarry@white-howe.com,Manchester,MTR0018,Flat,04/01/2024 13:55:12,1.15,1.09,FALSE,0,,FALSE,,
REC005886,CUST018,Ms Marie Morrison,andersongarry@white-howe.com,Manchester,MTR0018,Flat,04/01/2024 14:24:00,0.87,0.92,FALSE,0,,FALSE,,
REC005887,CUST018,Ms Marie Morrison,andersongarry@white-howe.com,Manchester,MTR0018,Flat,04/01/2024 15:07:12,1.02,1.08,FALSE,0,,FALSE,,
REC005888,CUST018,Ms Marie Morrison,andersongarry@white-howe.com,Manchester,MTR0018,Flat,04/01/2024 15:36:00,1.11,1,FALSE,0,,FALSE,,
REC005889,CUST018,Ms Marie Morrison,andersongarry@white-howe.com,Manchester,MTR0018,Flat,04/01/2024 16:04:48,0.47,0.54,FALSE,0,,FALSE,,
REC005890,CUST018,Ms Marie Morrison,andersongarry@white-howe.com,Manchester,MTR0018,Flat,04/01/2024 16:33:36,1.11,1.14,FALSE,0,,FALSE,,
REC005891,CUST018,Ms Marie Morrison,andersongarry@white-howe.com,Manchester,MTR0018,Flat,04/01/2024 17:02:24,0.32,0.56,FALSE,0,,FALSE,,
REC005892,CUST018,Ms Marie Morrison,andersongarry@white-howe.com,Manchester,MTR0018,Flat,04/01/2024 17:31:12,1.21,1.16,FALSE,0,,FALSE,,
REC005893,CUST018,Ms Marie Morrison,andersongarry@white-howe.com,Manchester,MTR0018,Flat,04/01/2024 18:00:00,0.65,0.6,FALSE,0,,FALSE,,
REC005894,CUST018,Ms Marie Morrison,andersongarry@white-howe.com,Manchester,MTR0018,Flat,04/01/2024 18:28:48,0.73,0.69,FALSE,0,,FALSE,,
REC005895,CUST018,Ms Marie Morrison,andersongarry@white-howe.com,Manchester,MTR0018,Flat,04/01/2024 18:57:36,0.67,0.64,FALSE,0,,FALSE,,
REC005896,CUST018,Ms Marie Morrison,andersongarry@white-howe.com,Manchester,MTR0018,Flat,04/01/2024 19:26:24,1,0.98,FALSE,0,,FALSE,,
REC005897,CUST018,Ms Marie Morrison,andersongarry@white-howe.com,Manchester,MTR0018,Flat,04/01/2024 19:55:12,0.47,0.5,FALSE,0,,FALSE,,
REC005898,CUST018,Ms Marie Morrison,andersongarry@white-howe.com,Manchester,MTR0018,Flat,04/01/2024 20:24:00,0.91,0.82,FALSE,0,,FALSE,,
REC005899,CUST018,Ms Marie Morrison,andersongarry@white-howe.com,Manchester,MTR0018,Flat,04/01/2024 21:07:12,1.11,1.05,FALSE,0,,FALSE,,
REC005900,CUST018,Ms Marie Morrison,andersongarry@white-howe.com,Manchester,MTR0018,Flat,04/01/2024 21:36:00,0.78,0.84,FALSE,0,,FALSE,,
REC005901,CUST018,Ms Marie Morrison,andersongarry@white-howe.com,Manchester,MTR0018,Flat,04/01/2024 22:04:48,1.07,1.1,FALSE,0,,FALSE,,
REC005902,CUST018,Ms Marie Morrison,andersongarry@white-howe.com,Manchester,MTR0018,Flat,04/01/2024 22:33:36,0.93,1.05,FALSE,0,,FALSE,,
REC005903,CUST018,Ms Marie Morrison,andersongarry@white-howe.com,Manchester,MTR0018,Flat,04/01/2024 23:02:24,0.27,0.32,FALSE,0,,FALSE,,
REC005904,CUST018,Ms Marie Morrison,andersongarry@white-howe.com,Manchester,MTR0018,Flat,04/01/2024 23:31:12,0.87,0.98,FALSE,0,,FALSE,,
REC005905,CUST018,Ms Marie Morrison,andersongarry@white-howe.com,Manchester,MTR0018,Flat,05/01/2024 00:00:00,0.98,0.89,FALSE,0,,FALSE,,
REC005906,CUST018,Ms Marie Morrison,andersongarry@white-howe.com,Manchester,MTR0018,Flat,05/01/2024 00:28:48,1.31,1.06,FALSE,0,,FALSE,,
REC005907,CUST018,Ms Marie Morrison,andersongarry@white-howe.com,Manchester,MTR0018,Flat,05/01/2024 00:57:36,0.39,0.51,FALSE,0,,FALSE,,
REC005908,CUST018,Ms Marie Morrison,andersongarry@white-howe.com,Manchester,MTR0018,Flat,05/01/2024 01:26:24,0.82,0.84,FALSE,0,,FALSE,,
REC005909,CUST018,Ms Marie Morrison,andersongarry@white-howe.com,Manchester,MTR0018,Flat,05/01/2024 01:55:12,0.49,0.53,FALSE,0,,FALSE,,
REC005910,CUST018,Ms Marie Morrison,andersongarry@white-howe.com,Manchester,MTR0018,Flat,05/01/2024 02:24:00,0.11,0.32,FALSE,0,,FALSE,,
REC005911,CUST018,Ms Marie Morrison,andersongarry@white-howe.com,Manchester,MTR0018,Flat,05/01/2024 03:07:12,0.31,0.38,FALSE,0,,FALSE,,
REC005912,CUST018,Ms Marie Morrison,andersongarry@white-howe.com,Manchester,MTR0018,Flat,05/01/2024 03:36:00,1.26,1.08,FALSE,0,,FALSE,,
REC005913,CUST018,Ms Marie Morrison,andersongarry@white-howe.com,Manchester,MTR0018,Flat,05/01/2024 04:04:48,0.94,0.93,FALSE,0,,FALSE,,
REC005914,CUST018,Ms Marie Morrison,andersongarry@white-howe.com,Manchester,MTR0018,Flat,05/01/2024 04:33:36,1.17,1.19,FALSE,0,,FALSE,,
REC005915,CUST018,Ms Marie Morrison,andersongarry@white-howe.com,Manchester,MTR0018,Flat,05/01/2024 05:02:24,0.67,0.78,FALSE,0,,FALSE,,
REC005916,CUST018,Ms Marie Morrison,andersongarry@white-howe.com,Manchester,MTR0018,Flat,05/01/2024 05:31:12,0.77,0.69,FALSE,0,,FALSE,,
REC005917,CUST018,Ms Marie Morrison,andersongarry@white-howe.com,Manchester,MTR0018,Flat,05/01/2024 06:00:00,1.02,1.07,FALSE,0,,FALSE,,
REC005918,CUST018,Ms Marie Morrison,andersongarry@white-howe.com,Manchester,MTR0018,Flat,05/01/2024 06:28:48,0.63,0.7,FALSE,0,,FALSE,,
REC005919,CUST018,Ms Marie Morrison,andersongarry@white-howe.com,Manchester,MTR0018,Flat,05/01/2024 06:57:36,1.01,0.94,FALSE,0,,FALSE,,
REC005920,CUST018,Ms Marie Morrison,andersongarry@white-howe.com,Manchester,MTR0018,Flat,05/01/2024 07:26:24,0.37,0.39,FALSE,0,,FALSE,,
REC005921,CUST018,Ms Marie Morrison,andersongarry@white-howe.com,Manchester,MTR0018,Flat,05/01/2024 07:55:12,0.53,0.63,FALSE,0,,FALSE,,
REC005922,CUST018,Ms Marie Morrison,andersongarry@white-howe.com,Manchester,MTR0018,Flat,05/01/2024 08:24:00,0.96,0.89,FALSE,0,,FALSE,,
REC005923,CUST018,Ms Marie Morrison,andersongarry@white-howe.com,Manchester,MTR0018,Flat,05/01/2024 09:07:12,0.46,0.45,FALSE,0,,FALSE,,
REC005924,CUST018,Ms Marie Morrison,andersongarry@white-howe.com,Manchester,MTR0018,Flat,05/01/2024 09:36:00,1.1,1.02,FALSE,0,,FALSE,,
REC005925,CUST018,Ms Marie Morrison,andersongarry@white-howe.com,Manchester,MTR0018,Flat,05/01/2024 10:04:48,0.59,0.6,FALSE,0,,FALSE,,
REC005926,CUST018,Ms Marie Morrison,andersongarry@white-howe.com,Manchester,MTR0018,Flat,05/01/2024 10:33:36,1.41,1.15,FALSE,0,,FALSE,,
REC005927,CUST018,Ms Marie Morrison,andersongarry@white-howe.com,Manchester,MTR0018,Flat,05/01/2024 11:02:24,0.81,0.97,FALSE,0,,FALSE,,
REC005928,CUST018,Ms Marie Morrison,andersongarry@white-howe.com,Manchester,MTR0018,Flat,05/01/2024 11:31:12,1.38,1.14,FALSE,0,,FALSE,,
REC005929,CUST018,Ms Marie Morrison,andersongarry@white-howe.com,Manchester,MTR0018,Flat,05/01/2024 12:00:00,0.47,0.53,FALSE,0,,FALSE,,
REC005930,CUST018,Ms Marie Morrison,andersongarry@white-howe.com,Manchester,MTR0018,Flat,05/01/2024 12:28:48,0.36,0.52,FALSE,0,,FALSE,,
REC005931,CUST018,Ms Marie Morrison,andersongarry@white-howe.com,Manchester,MTR0018,Flat,05/01/2024 12:57:36,0.44,0.42,FALSE,0,,FALSE,,
REC005932,CUST018,Ms Marie Morrison,andersongarry@white-howe.com,Manchester,MTR0018,Flat,05/01/2024 13:26:24,1.19,1.08,FALSE,0,,FALSE,,
REC005933,CUST018,Ms Marie Morrison,andersongarry@white-howe.com,Manchester,MTR0018,Flat,05/01/2024 13:55:12,1.09,1.05,FALSE,0,,FALSE,,
REC005934,CUST018,Ms Marie Morrison,andersongarry@white-howe.com,Manchester,MTR0018,Flat,05/01/2024 14:24:00,0.19,0.37,FALSE,0,,FALSE,,
REC005935,CUST018,Ms Marie Morrison,andersongarry@white-howe.com,Manchester,MTR0018,Flat,05/01/2024 15:07:12,0.95,1.12,FALSE,0,,FALSE,,
REC005936,CUST018,Ms Marie Morrison,andersongarry@white-howe.com,Manchester,MTR0018,Flat,05/01/2024 15:36:00,0.42,0.57,FALSE,0,,FALSE,,
REC005937,CUST018,Ms Marie Morrison,andersongarry@white-howe.com,Manchester,MTR0018,Flat,05/01/2024 16:04:48,0.64,0.71,FALSE,0,,FALSE,,
REC005938,CUST018,Ms Marie Morrison,andersongarry@white-howe.com,Manchester,MTR0018,Flat,05/01/2024 16:33:36,0.88,1.02,FALSE,0,,FALSE,,
REC005939,CUST018,Ms Marie Morrison,andersongarry@white-howe.com,Manchester,MTR0018,Flat,05/01/2024 17:02:24,1.02,1.05,FALSE,0,,FALSE,,
REC005940,CUST018,Ms Marie Morrison,andersongarry@white-howe.com,Manchester,MTR0018,Flat,05/01/2024 17:31:12,0.9,1.09,FALSE,0,,FALSE,,
REC005941,CUST018,Ms Marie Morrison,andersongarry@white-howe.com,Manchester,MTR0018,Flat,05/01/2024 18:00:00,0.33,0.35,FALSE,0,,FALSE,,
REC005942,CUST018,Ms Marie Morrison,andersongarry@white-howe.com,Manchester,MTR0018,Flat,05/01/2024 18:28:48,0.94,0.91,FALSE,0,,FALSE,,
REC005943,CUST018,Ms Marie Morrison,andersongarry@white-howe.com,Manchester,MTR0018,Flat,05/01/2024 18:57:36,0.93,0.82,FALSE,0,,FALSE,,
REC005944,CUST018,Ms Marie Morrison,andersongarry@white-howe.com,Manchester,MTR0018,Flat,05/01/2024 19:26:24,0.41,0.39,FALSE,0,,FALSE,,
REC005945,CUST018,Ms Marie Morrison,andersongarry@white-howe.com,Manchester,MTR0018,Flat,05/01/2024 19:55:12,0.75,0.61,FALSE,0,,FALSE,,
REC005946,CUST018,Ms Marie Morrison,andersongarry@white-howe.com,Manchester,MTR0018,Flat,05/01/2024 20:24:00,0.51,0.49,FALSE,0,,FALSE,,
REC005947,CUST018,Ms Marie Morrison,andersongarry@white-howe.com,Manchester,MTR0018,Flat,05/01/2024 21:07:12,0.9,1.02,FALSE,0,,FALSE,,
REC005948,CUST018,Ms Marie Morrison,andersongarry@white-howe.com,Manchester,MTR0018,Flat,05/01/2024 21:36:00,0.94,0.98,FALSE,0,,FALSE,,
REC005949,CUST018,Ms Marie Morrison,andersongarry@white-howe.com,Manchester,MTR0018,Flat,05/01/2024 22:04:48,0.31,0.38,FALSE,0,,FALSE,,
REC005950,CUST018,Ms Marie Morrison,andersongarry@white-howe.com,Manchester,MTR0018,Flat,05/01/2024 22:33:36,0.62,0.62,FALSE,0,,FALSE,,
REC005951,CUST018,Ms Marie Morrison,andersongarry@white-howe.com,Manchester,MTR0018,Flat,05/01/2024 23:02:24,0.63,0.84,FALSE,0,,FALSE,,
REC005952,CUST018,Ms Marie Morrison,andersongarry@white-howe.com,Manchester,MTR0018,Flat,05/01/2024 23:31:12,0.81,0.69,FALSE,0,,FALSE,,
REC005953,CUST018,Ms Marie Morrison,andersongarry@white-howe.com,Manchester,MTR0018,Flat,06/01/2024 00:00:00,0.56,0.5,FALSE,0,,FALSE,,
REC005954,CUST018,Ms Marie Morrison,andersongarry@white-howe.com,Manchester,MTR0018,Flat,06/01/2024 00:28:48,1.06,1.07,FALSE,0,,FALSE,,
REC005955,CUST018,Ms Marie Morrison,andersongarry@white-howe.com,Manchester,MTR0018,Flat,06/01/2024 00:57:36,0.68,0.43,TRUE,58.14,Heater malfunction,TRUE,1/6/2024 01:01,TRUE
REC005956,CUST018,Ms Marie Morrison,andersongarry@white-howe.com,Manchester,MTR0018,Flat,06/01/2024 01:26:24,1.18,1,FALSE,0,,FALSE,,
REC005957,CUST018,Ms Marie Morrison,andersongarry@white-howe.com,Manchester,MTR0018,Flat,06/01/2024 01:55:12,0.63,0.58,FALSE,0,,FALSE,,
REC005958,CUST018,Ms Marie Morrison,andersongarry@white-howe.com,Manchester,MTR0018,Flat,06/01/2024 02:24:00,0.9,0.9,FALSE,0,,FALSE,,
REC005959,CUST018,Ms Marie Morrison,andersongarry@white-howe.com,Manchester,MTR0018,Flat,06/01/2024 03:07:12,0.41,0.44,FALSE,0,,FALSE,,
REC005960,CUST018,Ms Marie Morrison,andersongarry@white-howe.com,Manchester,MTR0018,Flat,06/01/2024 03:36:00,0.95,0.99,FALSE,0,,FALSE,,
REC005961,CUST018,Ms Marie Morrison,andersongarry@white-howe.com,Manchester,MTR0018,Flat,06/01/2024 04:04:48,0.49,0.57,FALSE,0,,FALSE,,
REC005962,CUST018,Ms Marie Morrison,andersongarry@white-howe.com,Manchester,MTR0018,Flat,06/01/2024 04:33:36,0.6,0.68,FALSE,0,,FALSE,,
REC005963,CUST018,Ms Marie Morrison,andersongarry@white-howe.com,Manchester,MTR0018,Flat,06/01/2024 05:02:24,1.12,1.13,FALSE,0,,FALSE,,
REC005964,CUST018,Ms Marie Morrison,andersongarry@white-howe.com,Manchester,MTR0018,Flat,06/01/2024 05:31:12,0.77,0.67,FALSE,0,,FALSE,,
REC005965,CUST018,Ms Marie Morrison,andersongarry@white-howe.com,Manchester,MTR0018,Flat,06/01/2024 06:00:00,0.79,0.8,FALSE,0,,FALSE,,
REC005966,CUST018,Ms Marie Morrison,andersongarry@white-howe.com,Manchester,MTR0018,Flat,06/01/2024 06:28:48,0.6,0.74,FALSE,0,,FALSE,,
REC005967,CUST018,Ms Marie Morrison,andersongarry@white-howe.com,Manchester,MTR0018,Flat,06/01/2024 06:57:36,0.28,0.32,FALSE,0,,FALSE,,
REC005968,CUST018,Ms Marie Morrison,andersongarry@white-howe.com,Manchester,MTR0018,Flat,06/01/2024 07:26:24,0.82,0.92,FALSE,0,,FALSE,,
REC005969,CUST018,Ms Marie Morrison,andersongarry@white-howe.com,Manchester,MTR0018,Flat,06/01/2024 07:55:12,0.66,0.51,FALSE,0,,FALSE,,
REC005970,CUST018,Ms Marie Morrison,andersongarry@white-howe.com,Manchester,MTR0018,Flat,06/01/2024 08:24:00,0.89,1.1,FALSE,0,,FALSE,,
REC005971,CUST018,Ms Marie Morrison,andersongarry@white-howe.com,Manchester,MTR0018,Flat,06/01/2024 09:07:12,0.59,0.59,FALSE,0,,FALSE,,
REC005972,CUST018,Ms Marie Morrison,andersongarry@white-howe.com,Manchester,MTR0018,Flat,06/01/2024 09:36:00,0.86,0.97,FALSE,0,,FALSE,,
REC005973,CUST018,Ms Marie Morrison,andersongarry@white-howe.com,Manchester,MTR0018,Flat,06/01/2024 10:04:48,0.37,0.4,FALSE,0,,FALSE,,
REC005974,CUST018,Ms Marie Morrison,andersongarry@white-howe.com,Manchester,MTR0018,Flat,06/01/2024 10:33:36,0.33,0.33,FALSE,0,,FALSE,,
REC005975,CUST018,Ms Marie Morrison,andersongarry@white-howe.com,Manchester,MTR0018,Flat,06/01/2024 11:02:24,0.81,0.73,FALSE,0,,FALSE,,
REC005976,CUST018,Ms Marie Morrison,andersongarry@white-howe.com,Manchester,MTR0018,Flat,06/01/2024 11:31:12,0.79,0.84,FALSE,0,,FALSE,,
REC005977,CUST018,Ms Marie Morrison,andersongarry@white-howe.com,Manchester,MTR0018,Flat,06/01/2024 12:00:00,0.7,0.71,FALSE,0,,FALSE,,
REC005978,CUST018,Ms Marie Morrison,andersongarry@white-howe.com,Manchester,MTR0018,Flat,06/01/2024 12:28:48,0.1,0.34,FALSE,0,,FALSE,,
REC005979,CUST018,Ms Marie Morrison,andersongarry@white-howe.com,Manchester,MTR0018,Flat,06/01/2024 12:57:36,1.23,1.1,FALSE,0,,FALSE,,
REC005980,CUST018,Ms Marie Morrison,andersongarry@white-howe.com,Manchester,MTR0018,Flat,06/01/2024 13:26:24,1.19,1.06,FALSE,0,,FALSE,,
REC005981,CUST018,Ms Marie Morrison,andersongarry@white-howe.com,Manchester,MTR0018,Flat,06/01/2024 13:55:12,1.2,0.98,FALSE,0,,FALSE,,
REC005982,CUST018,Ms Marie Morrison,andersongarry@white-howe.com,Manchester,MTR0018,Flat,06/01/2024 14:24:00,0.82,0.92,FALSE,0,,FALSE,,
REC005983,CUST018,Ms Marie Morrison,andersongarry@white-howe.com,Manchester,MTR0018,Flat,06/01/2024 15:07:12,0.98,0.76,FALSE,0,,FALSE,,
REC005984,CUST018,Ms Marie Morrison,andersongarry@white-howe.com,Manchester,MTR0018,Flat,06/01/2024 15:36:00,0.76,0.8,FALSE,0,,FALSE,,
REC005985,CUST018,Ms Marie Morrison,andersongarry@white-howe.com,Manchester,MTR0018,Flat,06/01/2024 16:04:48,1.03,0.88,FALSE,0,,FALSE,,
REC005986,CUST018,Ms Marie Morrison,andersongarry@white-howe.com,Manchester,MTR0018,Flat,06/01/2024 16:33:36,0.96,0.88,FALSE,0,,FALSE,,
REC005987,CUST018,Ms Marie Morrison,andersongarry@white-howe.com,Manchester,MTR0018,Flat,06/01/2024 17:02:24,0.72,0.77,FALSE,0,,FALSE,,
REC005988,CUST018,Ms Marie Morrison,andersongarry@white-howe.com,Manchester,MTR0018,Flat,06/01/2024 17:31:12,0.71,0.52,FALSE,0,,FALSE,,
REC005989,CUST018,Ms Marie Morrison,andersongarry@white-howe.com,Manchester,MTR0018,Flat,06/01/2024 18:00:00,0.51,0.3,TRUE,70,Overnight appliance,TRUE,1/6/2024 18:03,FALSE
REC005990,CUST018,Ms Marie Morrison,andersongarry@white-howe.com,Manchester,MTR0018,Flat,06/01/2024 18:28:48,1.31,1.17,FALSE,0,,FALSE,,
REC005991,CUST018,Ms Marie Morrison,andersongarry@white-howe.com,Manchester,MTR0018,Flat,06/01/2024 18:57:36,0.5,0.63,FALSE,0,,FALSE,,
REC005992,CUST018,Ms Marie Morrison,andersongarry@white-howe.com,Manchester,MTR0018,Flat,06/01/2024 19:26:24,0.31,0.36,FALSE,0,,FALSE,,
REC005993,CUST018,Ms Marie Morrison,andersongarry@white-howe.com,Manchester,MTR0018,Flat,06/01/2024 19:55:12,1.06,1,FALSE,0,,FALSE,,
REC005994,CUST018,Ms Marie Morrison,andersongarry@white-howe.com,Manchester,MTR0018,Flat,06/01/2024 20:24:00,0.78,0.92,FALSE,0,,FALSE,,
REC005995,CUST018,Ms Marie Morrison,andersongarry@white-howe.com,Manchester,MTR0018,Flat,06/01/2024 21:07:12,0.7,0.72,FALSE,0,,FALSE,,
REC005996,CUST018,Ms Marie Morrison,andersongarry@white-howe.com,Manchester,MTR0018,Flat,06/01/2024 21:36:00,0.66,0.56,FALSE,0,,FALSE,,
REC005997,CUST018,Ms Marie Morrison,andersongarry@white-howe.com,Manchester,MTR0018,Flat,06/01/2024 22:04:48,1.09,1.11,FALSE,0,,FALSE,,
REC005998,CUST018,Ms Marie Morrison,andersongarry@white-howe.com,Manchester,MTR0018,Flat,06/01/2024 22:33:36,0.34,0.32,FALSE,0,,FALSE,,
REC005999,CUST018,Ms Marie Morrison,andersongarry@white-howe.com,Manchester,MTR0018,Flat,06/01/2024 23:02:24,0.17,0.38,FALSE,0,,FALSE,,
REC006000,CUST018,Ms Marie Morrison,andersongarry@white-howe.com,Manchester,MTR0018,Flat,06/01/2024 23:31:12,1.19,1.1,FALSE,0,,FALSE,,
REC006001,CUST018,Ms Marie Morrison,andersongarry@white-howe.com,Manchester,MTR0018,Flat,07/01/2024 00:00:00,0.75,0.71,FALSE,0,,FALSE,,
REC006002,CUST018,Ms Marie Morrison,andersongarry@white-howe.com,Manchester,MTR0018,Flat,07/01/2024 00:28:48,1.04,1.06,FALSE,0,,FALSE,,
REC006003,CUST018,Ms Marie Morrison,andersongarry@white-howe.com,Manchester,MTR0018,Flat,07/01/2024 00:57:36,1.21,1.06,FALSE,0,,FALSE,,
REC006004,CUST018,Ms Marie Morrison,andersongarry@white-howe.com,Manchester,MTR0018,Flat,07/01/2024 01:26:24,0.47,0.46,FALSE,0,,FALSE,,
REC006005,CUST018,Ms Marie Morrison,andersongarry@white-howe.com,Manchester,MTR0018,Flat,07/01/2024 01:55:12,0.82,0.82,FALSE,0,,FALSE,,
REC006006,CUST018,Ms Marie Morrison,andersongarry@white-howe.com,Manchester,MTR0018,Flat,07/01/2024 02:24:00,0.49,0.34,TRUE,44.12,Schedule change,TRUE,1/7/2024 02:52,FALSE
REC006007,CUST018,Ms Marie Morrison,andersongarry@white-howe.com,Manchester,MTR0018,Flat,07/01/2024 03:07:12,1.03,0.99,FALSE,0,,FALSE,,
REC006008,CUST018,Ms Marie Morrison,andersongarry@white-howe.com,Manchester,MTR0018,Flat,07/01/2024 03:36:00,0.27,0.38,FALSE,0,,FALSE,,
REC006009,CUST018,Ms Marie Morrison,andersongarry@white-howe.com,Manchester,MTR0018,Flat,07/01/2024 04:04:48,1.05,1.15,FALSE,0,,FALSE,,
REC006010,CUST018,Ms Marie Morrison,andersongarry@white-howe.com,Manchester,MTR0018,Flat,07/01/2024 04:33:36,0.35,0.42,FALSE,0,,FALSE,,
REC006011,CUST018,Ms Marie Morrison,andersongarry@white-howe.com,Manchester,MTR0018,Flat,07/01/2024 05:02:24,1.25,1.15,FALSE,0,,FALSE,,
REC006012,CUST018,Ms Marie Morrison,andersongarry@white-howe.com,Manchester,MTR0018,Flat,07/01/2024 05:31:12,0.84,0.75,FALSE,0,,FALSE,,
REC006013,CUST018,Ms Marie Morrison,andersongarry@white-howe.com,Manchester,MTR0018,Flat,07/01/2024 06:00:00,0.74,0.73,FALSE,0,,FALSE,,
REC006014,CUST018,Ms Marie Morrison,andersongarry@white-howe.com,Manchester,MTR0018,Flat,07/01/2024 06:28:48,0.42,0.52,FALSE,0,,FALSE,,
REC006015,CUST018,Ms Marie Morrison,andersongarry@white-howe.com,Manchester,MTR0018,Flat,07/01/2024 06:57:36,1.14,1.18,FALSE,0,,FALSE,,
REC006016,CUST018,Ms Marie Morrison,andersongarry@white-howe.com,Manchester,MTR0018,Flat,07/01/2024 07:26:24,0.57,0.44,FALSE,0,,FALSE,,
REC006017,CUST018,Ms Marie Morrison,andersongarry@white-howe.com,Manchester,MTR0018,Flat,07/01/2024 07:55:12,0.99,1.01,FALSE,0,,FALSE,,
REC006018,CUST018,Ms Marie Morrison,andersongarry@white-howe.com,Manchester,MTR0018,Flat,07/01/2024 08:24:00,0.47,0.49,FALSE,0,,FALSE,,
REC006019,CUST018,Ms Marie Morrison,andersongarry@white-howe.com,Manchester,MTR0018,Flat,07/01/2024 09:07:12,0.73,0.8,FALSE,0,,FALSE,,
REC006020,CUST018,Ms Marie Morrison,andersongarry@white-howe.com,Manchester,MTR0018,Flat,07/01/2024 09:36:00,0.48,0.38,FALSE,0,,FALSE,,
REC006021,CUST018,Ms Marie Morrison,andersongarry@white-howe.com,Manchester,MTR0018,Flat,07/01/2024 10:04:48,0.64,0.72,FALSE,0,,FALSE,,
REC006022,CUST018,Ms Marie Morrison,andersongarry@white-howe.com,Manchester,MTR0018,Flat,07/01/2024 10:33:36,0.57,0.5,FALSE,0,,FALSE,,
REC006023,CUST018,Ms Marie Morrison,andersongarry@white-howe.com,Manchester,MTR0018,Flat,07/01/2024 11:02:24,1.1,1.15,FALSE,0,,FALSE,,
REC006024,CUST018,Ms Marie Morrison,andersongarry@white-howe.com,Manchester,MTR0018,Flat,07/01/2024 11:31:12,0.54,0.49,FALSE,0,,FALSE,,
REC006025,CUST018,Ms Marie Morrison,andersongarry@white-howe.com,Manchester,MTR0018,Flat,07/01/2024 12:00:00,0.63,0.61,FALSE,0,,FALSE,,
REC006026,CUST018,Ms Marie Morrison,andersongarry@white-howe.com,Manchester,MTR0018,Flat,07/01/2024 12:28:48,1,1.01,FALSE,0,,FALSE,,
REC006027,CUST018,Ms Marie Morrison,andersongarry@white-howe.com,Manchester,MTR0018,Flat,07/01/2024 12:57:36,0.91,0.95,FALSE,0,,FALSE,,
REC006028,CUST018,Ms Marie Morrison,andersongarry@white-howe.com,Manchester,MTR0018,Flat,07/01/2024 13:26:24,1.11,1.08,FALSE,0,,FALSE,,
REC006029,CUST018,Ms Marie Morrison,andersongarry@white-howe.com,Manchester,MTR0018,Flat,07/01/2024 13:55:12,0.57,0.55,FALSE,0,,FALSE,,
REC006030,CUST018,Ms Marie Morrison,andersongarry@white-howe.com,Manchester,MTR0018,Flat,07/01/2024 14:24:00,0.83,0.89,FALSE,0,,FALSE,,
REC006031,CUST018,Ms Marie Morrison,andersongarry@white-howe.com,Manchester,MTR0018,Flat,07/01/2024 15:07:12,0.51,0.39,FALSE,0,,FALSE,,
REC006032,CUST018,Ms Marie Morrison,andersongarry@white-howe.com,Manchester,MTR0018,Flat,07/01/2024 15:36:00,0.58,0.49,FALSE,0,,FALSE,,
REC006033,CUST018,Ms Marie Morrison,andersongarry@white-howe.com,Manchester,MTR0018,Flat,07/01/2024 16:04:48,0.28,0.37,FALSE,0,,FALSE,,
REC006034,CUST018,Ms Marie Morrison,andersongarry@white-howe.com,Manchester,MTR0018,Flat,07/01/2024 16:33:36,0.43,0.51,FALSE,0,,FALSE,,
REC006035,CUST018,Ms Marie Morrison,andersongarry@white-howe.com,Manchester,MTR0018,Flat,07/01/2024 17:02:24,0.29,0.47,FALSE,0,,FALSE,,
REC006036,CUST018,Ms Marie Morrison,andersongarry@white-howe.com,Manchester,MTR0018,Flat,07/01/2024 17:31:12,1.12,1.04,FALSE,0,,FALSE,,
REC006037,CUST018,Ms Marie Morrison,andersongarry@white-howe.com,Manchester,MTR0018,Flat,07/01/2024 18:00:00,0.44,0.47,FALSE,0,,FALSE,,
REC006038,CUST018,Ms Marie Morrison,andersongarry@white-howe.com,Manchester,MTR0018,Flat,07/01/2024 18:28:48,0.73,0.73,FALSE,0,,FALSE,,
REC006039,CUST018,Ms Marie Morrison,andersongarry@white-howe.com,Manchester,MTR0018,Flat,07/01/2024 18:57:36,0.26,0.35,FALSE,0,,FALSE,,
REC006040,CUST018,Ms Marie Morrison,andersongarry@white-howe.com,Manchester,MTR0018,Flat,07/01/2024 19:26:24,0.83,0.83,FALSE,0,,FALSE,,
REC006041,CUST018,Ms Marie Morrison,andersongarry@white-howe.com,Manchester,MTR0018,Flat,07/01/2024 19:55:12,1.01,0.98,FALSE,0,,FALSE,,
REC006042,CUST018,Ms Marie Morrison,andersongarry@white-howe.com,Manchester,MTR0018,Flat,07/01/2024 20:24:00,0.9,1.03,FALSE,0,,FALSE,,
REC006043,CUST018,Ms Marie Morrison,andersongarry@white-howe.com,Manchester,MTR0018,Flat,07/01/2024 21:07:12,1.02,0.99,FALSE,0,,FALSE,,
REC006044,CUST018,Ms Marie Morrison,andersongarry@white-howe.com,Manchester,MTR0018,Flat,07/01/2024 21:36:00,1.16,1.14,FALSE,0,,FALSE,,
REC006045,CUST018,Ms Marie Morrison,andersongarry@white-howe.com,Manchester,MTR0018,Flat,07/01/2024 22:04:48,0.8,0.66,FALSE,0,,FALSE,,
REC006046,CUST018,Ms Marie Morrison,andersongarry@white-howe.com,Manchester,MTR0018,Flat,07/01/2024 22:33:36,0.96,0.93,FALSE,0,,FALSE,,
REC006047,CUST018,Ms Marie Morrison,andersongarry@white-howe.com,Manchester,MTR0018,Flat,07/01/2024 23:02:24,1.1,1.2,FALSE,0,,FALSE,,
REC006048,CUST018,Ms Marie Morrison,andersongarry@white-howe.com,Manchester,MTR0018,Flat,07/01/2024 23:31:12,0.41,0.5,FALSE,0,,FALSE,,
REC006049,CUST019,Abigail Jordan,gregory35@yahoo.com,London,MTR0019,Detached,01/01/2024 00:00:00,0.96,0.94,FALSE,0,,FALSE,,
REC006050,CUST019,Abigail Jordan,gregory35@yahoo.com,London,MTR0019,Detached,01/01/2024 00:28:48,0.89,0.92,FALSE,0,,FALSE,,
REC006051,CUST019,Abigail Jordan,gregory35@yahoo.com,London,MTR0019,Detached,01/01/2024 00:57:36,0.6,0.53,FALSE,0,,FALSE,,
REC006052,CUST019,Abigail Jordan,gregory35@yahoo.com,London,MTR0019,Detached,01/01/2024 01:26:24,0.85,0.99,FALSE,0,,FALSE,,
REC006053,CUST019,Abigail Jordan,gregory35@yahoo.com,London,MTR0019,Detached,01/01/2024 01:55:12,1.17,1.09,FALSE,0,,FALSE,,
REC006054,CUST019,Abigail Jordan,gregory35@yahoo.com,London,MTR0019,Detached,01/01/2024 02:24:00,1.05,1.03,FALSE,0,,FALSE,,
REC006055,CUST019,Abigail Jordan,gregory35@yahoo.com,London,MTR0019,Detached,01/01/2024 03:07:12,1.25,1.11,FALSE,0,,FALSE,,
REC006056,CUST019,Abigail Jordan,gregory35@yahoo.com,London,MTR0019,Detached,01/01/2024 03:36:00,0.4,0.41,FALSE,0,,FALSE,,
REC006057,CUST019,Abigail Jordan,gregory35@yahoo.com,London,MTR0019,Detached,01/01/2024 04:04:48,0.57,0.66,FALSE,0,,FALSE,,
REC006058,CUST019,Abigail Jordan,gregory35@yahoo.com,London,MTR0019,Detached,01/01/2024 04:33:36,0.31,0.41,FALSE,0,,FALSE,,
REC006059,CUST019,Abigail Jordan,gregory35@yahoo.com,London,MTR0019,Detached,01/01/2024 05:02:24,1.06,1.03,FALSE,0,,FALSE,,
REC006060,CUST019,Abigail Jordan,gregory35@yahoo.com,London,MTR0019,Detached,01/01/2024 05:31:12,0.41,0.53,FALSE,0,,FALSE,,
REC006061,CUST019,Abigail Jordan,gregory35@yahoo.com,London,MTR0019,Detached,01/01/2024 06:00:00,0.75,0.53,TRUE,41.51,Schedule change,TRUE,1/1/2024 06:22,TRUE
REC006062,CUST019,Abigail Jordan,gregory35@yahoo.com,London,MTR0019,Detached,01/01/2024 06:28:48,0.39,0.41,FALSE,0,,FALSE,,
REC006063,CUST019,Abigail Jordan,gregory35@yahoo.com,London,MTR0019,Detached,01/01/2024 06:57:36,0.62,0.46,FALSE,0,,FALSE,,
REC006064,CUST019,Abigail Jordan,gregory35@yahoo.com,London,MTR0019,Detached,01/01/2024 07:26:24,0.36,0.52,FALSE,0,,FALSE,,
REC006065,CUST019,Abigail Jordan,gregory35@yahoo.com,London,MTR0019,Detached,01/01/2024 07:55:12,0.5,0.74,FALSE,0,,FALSE,,
REC006066,CUST019,Abigail Jordan,gregory35@yahoo.com,London,MTR0019,Detached,01/01/2024 08:24:00,0.35,0.42,FALSE,0,,FALSE,,
REC006067,CUST019,Abigail Jordan,gregory35@yahoo.com,London,MTR0019,Detached,01/01/2024 09:07:12,0.96,0.92,FALSE,0,,FALSE,,
REC006068,CUST019,Abigail Jordan,gregory35@yahoo.com,London,MTR0019,Detached,01/01/2024 09:36:00,1.06,1.05,FALSE,0,,FALSE,,
REC006069,CUST019,Abigail Jordan,gregory35@yahoo.com,London,MTR0019,Detached,01/01/2024 10:04:48,0.66,0.72,FALSE,0,,FALSE,,
REC006070,CUST019,Abigail Jordan,gregory35@yahoo.com,London,MTR0019,Detached,01/01/2024 10:33:36,0.8,0.76,FALSE,0,,FALSE,,
REC006071,CUST019,Abigail Jordan,gregory35@yahoo.com,London,MTR0019,Detached,01/01/2024 11:02:24,0.52,0.55,FALSE,0,,FALSE,,
REC006072,CUST019,Abigail Jordan,gregory35@yahoo.com,London,MTR0019,Detached,01/01/2024 11:31:12,0.3,0.42,FALSE,0,,FALSE,,
REC006073,CUST019,Abigail Jordan,gregory35@yahoo.com,London,MTR0019,Detached,01/01/2024 12:00:00,1.1,0.93,FALSE,0,,FALSE,,
REC006074,CUST019,Abigail Jordan,gregory35@yahoo.com,London,MTR0019,Detached,01/01/2024 12:28:48,0.19,0.43,FALSE,0,,FALSE,,
REC006075,CUST019,Abigail Jordan,gregory35@yahoo.com,London,MTR0019,Detached,01/01/2024 12:57:36,0.45,0.43,FALSE,0,,FALSE,,
REC006076,CUST019,Abigail Jordan,gregory35@yahoo.com,London,MTR0019,Detached,01/01/2024 13:26:24,0.39,0.39,FALSE,0,,FALSE,,
REC006077,CUST019,Abigail Jordan,gregory35@yahoo.com,London,MTR0019,Detached,01/01/2024 13:55:12,0.57,0.56,FALSE,0,,FALSE,,
REC006078,CUST019,Abigail Jordan,gregory35@yahoo.com,London,MTR0019,Detached,01/01/2024 14:24:00,0.78,0.67,FALSE,0,,FALSE,,
REC006079,CUST019,Abigail Jordan,gregory35@yahoo.com,London,MTR0019,Detached,01/01/2024 15:07:12,0.47,0.58,FALSE,0,,FALSE,,
REC006080,CUST019,Abigail Jordan,gregory35@yahoo.com,London,MTR0019,Detached,01/01/2024 15:36:00,0.99,1.1,FALSE,0,,FALSE,,
REC006081,CUST019,Abigail Jordan,gregory35@yahoo.com,London,MTR0019,Detached,01/01/2024 16:04:48,1.06,0.95,FALSE,0,,FALSE,,
REC006082,CUST019,Abigail Jordan,gregory35@yahoo.com,London,MTR0019,Detached,01/01/2024 16:33:36,0.59,0.53,FALSE,0,,FALSE,,
REC006083,CUST019,Abigail Jordan,gregory35@yahoo.com,London,MTR0019,Detached,01/01/2024 17:02:24,1.01,0.86,FALSE,0,,FALSE,,
REC006084,CUST019,Abigail Jordan,gregory35@yahoo.com,London,MTR0019,Detached,01/01/2024 17:31:12,0.56,0.58,FALSE,0,,FALSE,,
REC006085,CUST019,Abigail Jordan,gregory35@yahoo.com,London,MTR0019,Detached,01/01/2024 18:00:00,0.86,0.88,FALSE,0,,FALSE,,
REC006086,CUST019,Abigail Jordan,gregory35@yahoo.com,London,MTR0019,Detached,01/01/2024 18:28:48,0.45,0.36,FALSE,0,,FALSE,,
REC006087,CUST019,Abigail Jordan,gregory35@yahoo.com,London,MTR0019,Detached,01/01/2024 18:57:36,0.89,0.76,FALSE,0,,FALSE,,
REC006088,CUST019,Abigail Jordan,gregory35@yahoo.com,London,MTR0019,Detached,01/01/2024 19:26:24,1.04,1.16,FALSE,0,,FALSE,,
REC006089,CUST019,Abigail Jordan,gregory35@yahoo.com,London,MTR0019,Detached,01/01/2024 19:55:12,0.95,0.74,FALSE,0,,FALSE,,
REC006090,CUST019,Abigail Jordan,gregory35@yahoo.com,London,MTR0019,Detached,01/01/2024 20:24:00,0.34,0.39,FALSE,0,,FALSE,,
REC006091,CUST019,Abigail Jordan,gregory35@yahoo.com,London,MTR0019,Detached,01/01/2024 21:07:12,0.55,0.53,FALSE,0,,FALSE,,
REC006092,CUST019,Abigail Jordan,gregory35@yahoo.com,London,MTR0019,Detached,01/01/2024 21:36:00,0.37,0.31,FALSE,0,,FALSE,,
REC006093,CUST019,Abigail Jordan,gregory35@yahoo.com,London,MTR0019,Detached,01/01/2024 22:04:48,0.59,0.48,FALSE,0,,FALSE,,
REC006094,CUST019,Abigail Jordan,gregory35@yahoo.com,London,MTR0019,Detached,01/01/2024 22:33:36,1.14,1.06,FALSE,0,,FALSE,,
REC006095,CUST019,Abigail Jordan,gregory35@yahoo.com,London,MTR0019,Detached,01/01/2024 23:02:24,0.57,0.56,FALSE,0,,FALSE,,
REC006096,CUST019,Abigail Jordan,gregory35@yahoo.com,London,MTR0019,Detached,01/01/2024 23:31:12,1,0.93,FALSE,0,,FALSE,,
REC006097,CUST019,Abigail Jordan,gregory35@yahoo.com,London,MTR0019,Detached,02/01/2024 00:00:00,0.8,0.84,FALSE,0,,FALSE,,
REC006098,CUST019,Abigail Jordan,gregory35@yahoo.com,London,MTR0019,Detached,02/01/2024 00:28:48,0.98,1.03,FALSE,0,,FALSE,,
REC006099,CUST019,Abigail Jordan,gregory35@yahoo.com,London,MTR0019,Detached,02/01/2024 00:57:36,0.87,0.86,FALSE,0,,FALSE,,
REC006100,CUST019,Abigail Jordan,gregory35@yahoo.com,London,MTR0019,Detached,02/01/2024 01:26:24,0.76,0.64,FALSE,0,,FALSE,,
REC006101,CUST019,Abigail Jordan,gregory35@yahoo.com,London,MTR0019,Detached,02/01/2024 01:55:12,1.19,1.13,FALSE,0,,FALSE,,
REC006102,CUST019,Abigail Jordan,gregory35@yahoo.com,London,MTR0019,Detached,02/01/2024 02:24:00,0.39,0.43,FALSE,0,,FALSE,,
REC006103,CUST019,Abigail Jordan,gregory35@yahoo.com,London,MTR0019,Detached,02/01/2024 03:07:12,0.81,0.82,FALSE,0,,FALSE,,
REC006104,CUST019,Abigail Jordan,gregory35@yahoo.com,London,MTR0019,Detached,02/01/2024 03:36:00,1.07,0.97,FALSE,0,,FALSE,,
REC006105,CUST019,Abigail Jordan,gregory35@yahoo.com,London,MTR0019,Detached,02/01/2024 04:04:48,1.05,1.02,FALSE,0,,FALSE,,
REC006106,CUST019,Abigail Jordan,gregory35@yahoo.com,London,MTR0019,Detached,02/01/2024 04:33:36,0.72,0.7,FALSE,0,,FALSE,,
REC006107,CUST019,Abigail Jordan,gregory35@yahoo.com,London,MTR0019,Detached,02/01/2024 05:02:24,0.48,0.46,FALSE,0,,FALSE,,
REC006108,CUST019,Abigail Jordan,gregory35@yahoo.com,London,MTR0019,Detached,02/01/2024 05:31:12,0.36,0.47,FALSE,0,,FALSE,,
REC006109,CUST019,Abigail Jordan,gregory35@yahoo.com,London,MTR0019,Detached,02/01/2024 06:00:00,0.16,0.34,FALSE,0,,FALSE,,
REC006110,CUST019,Abigail Jordan,gregory35@yahoo.com,London,MTR0019,Detached,02/01/2024 06:28:48,1.21,1.1,FALSE,0,,FALSE,,
REC006111,CUST019,Abigail Jordan,gregory35@yahoo.com,London,MTR0019,Detached,02/01/2024 06:57:36,0.37,0.36,FALSE,0,,FALSE,,
REC006112,CUST019,Abigail Jordan,gregory35@yahoo.com,London,MTR0019,Detached,02/01/2024 07:26:24,0.49,0.47,FALSE,0,,FALSE,,
REC006113,CUST019,Abigail Jordan,gregory35@yahoo.com,London,MTR0019,Detached,02/01/2024 07:55:12,0.87,0.91,FALSE,0,,FALSE,,
REC006114,CUST019,Abigail Jordan,gregory35@yahoo.com,London,MTR0019,Detached,02/01/2024 08:24:00,1.23,1.08,FALSE,0,,FALSE,,
REC006115,CUST019,Abigail Jordan,gregory35@yahoo.com,London,MTR0019,Detached,02/01/2024 09:07:12,0.39,0.44,FALSE,0,,FALSE,,
REC006116,CUST019,Abigail Jordan,gregory35@yahoo.com,London,MTR0019,Detached,02/01/2024 09:36:00,0.46,0.49,FALSE,0,,FALSE,,
REC006117,CUST019,Abigail Jordan,gregory35@yahoo.com,London,MTR0019,Detached,02/01/2024 10:04:48,0.62,0.51,FALSE,0,,FALSE,,
REC006118,CUST019,Abigail Jordan,gregory35@yahoo.com,London,MTR0019,Detached,02/01/2024 10:33:36,0.86,1.11,FALSE,0,,FALSE,,
REC006119,CUST019,Abigail Jordan,gregory35@yahoo.com,London,MTR0019,Detached,02/01/2024 11:02:24,1.15,1.2,FALSE,0,,FALSE,,
REC006120,CUST019,Abigail Jordan,gregory35@yahoo.com,London,MTR0019,Detached,02/01/2024 11:31:12,0.68,0.66,FALSE,0,,FALSE,,
REC006121,CUST019,Abigail Jordan,gregory35@yahoo.com,London,MTR0019,Detached,02/01/2024 12:00:00,0.75,0.88,FALSE,0,,FALSE,,
REC006122,CUST019,Abigail Jordan,gregory35@yahoo.com,London,MTR0019,Detached,02/01/2024 12:28:48,0.73,0.82,FALSE,0,,FALSE,,
REC006123,CUST019,Abigail Jordan,gregory35@yahoo.com,London,MTR0019,Detached,02/01/2024 12:57:36,1,1.14,FALSE,0,,FALSE,,
REC006124,CUST019,Abigail Jordan,gregory35@yahoo.com,London,MTR0019,Detached,02/01/2024 13:26:24,0.8,0.79,FALSE,0,,FALSE,,
REC006125,CUST019,Abigail Jordan,gregory35@yahoo.com,London,MTR0019,Detached,02/01/2024 13:55:12,1.01,0.99,FALSE,0,,FALSE,,
REC006126,CUST019,Abigail Jordan,gregory35@yahoo.com,London,MTR0019,Detached,02/01/2024 14:24:00,0.5,0.48,FALSE,0,,FALSE,,
REC006127,CUST019,Abigail Jordan,gregory35@yahoo.com,London,MTR0019,Detached,02/01/2024 15:07:12,0.82,0.84,FALSE,0,,FALSE,,
REC006128,CUST019,Abigail Jordan,gregory35@yahoo.com,London,MTR0019,Detached,02/01/2024 15:36:00,1.04,1.06,FALSE,0,,FALSE,,
REC006129,CUST019,Abigail Jordan,gregory35@yahoo.com,London,MTR0019,Detached,02/01/2024 16:04:48,0.47,0.53,FALSE,0,,FALSE,,
REC006130,CUST019,Abigail Jordan,gregory35@yahoo.com,London,MTR0019,Detached,02/01/2024 16:33:36,0.35,0.39,FALSE,0,,FALSE,,
REC006131,CUST019,Abigail Jordan,gregory35@yahoo.com,London,MTR0019,Detached,02/01/2024 17:02:24,0.24,0.37,FALSE,0,,FALSE,,
REC006132,CUST019,Abigail Jordan,gregory35@yahoo.com,London,MTR0019,Detached,02/01/2024 17:31:12,0.67,0.63,FALSE,0,,FALSE,,
REC006133,CUST019,Abigail Jordan,gregory35@yahoo.com,London,MTR0019,Detached,02/01/2024 18:00:00,1.16,1.08,FALSE,0,,FALSE,,
REC006134,CUST019,Abigail Jordan,gregory35@yahoo.com,London,MTR0019,Detached,02/01/2024 18:28:48,0.74,0.75,FALSE,0,,FALSE,,
REC006135,CUST019,Abigail Jordan,gregory35@yahoo.com,London,MTR0019,Detached,02/01/2024 18:57:36,0.64,0.66,FALSE,0,,FALSE,,
REC006136,CUST019,Abigail Jordan,gregory35@yahoo.com,London,MTR0019,Detached,02/01/2024 19:26:24,0.39,0.38,FALSE,0,,FALSE,,
REC006137,CUST019,Abigail Jordan,gregory35@yahoo.com,London,MTR0019,Detached,02/01/2024 19:55:12,1.04,0.89,FALSE,0,,FALSE,,
REC006138,CUST019,Abigail Jordan,gregory35@yahoo.com,London,MTR0019,Detached,02/01/2024 20:24:00,1.11,1.12,FALSE,0,,FALSE,,
REC006139,CUST019,Abigail Jordan,gregory35@yahoo.com,London,MTR0019,Detached,02/01/2024 21:07:12,0.65,0.65,FALSE,0,,FALSE,,
REC006140,CUST019,Abigail Jordan,gregory35@yahoo.com,London,MTR0019,Detached,02/01/2024 21:36:00,1.44,1.18,FALSE,0,,FALSE,,
REC006141,CUST019,Abigail Jordan,gregory35@yahoo.com,London,MTR0019,Detached,02/01/2024 22:04:48,1.03,1.05,FALSE,0,,FALSE,,
REC006142,CUST019,Abigail Jordan,gregory35@yahoo.com,London,MTR0019,Detached,02/01/2024 22:33:36,1.04,1,FALSE,0,,FALSE,,
REC006143,CUST019,Abigail Jordan,gregory35@yahoo.com,London,MTR0019,Detached,02/01/2024 23:02:24,0.57,0.54,FALSE,0,,FALSE,,
REC006144,CUST019,Abigail Jordan,gregory35@yahoo.com,London,MTR0019,Detached,02/01/2024 23:31:12,0.52,0.55,FALSE,0,,FALSE,,
REC006145,CUST019,Abigail Jordan,gregory35@yahoo.com,London,MTR0019,Detached,03/01/2024 00:00:00,0.66,0.62,FALSE,0,,FALSE,,
REC006146,CUST019,Abigail Jordan,gregory35@yahoo.com,London,MTR0019,Detached,03/01/2024 00:28:48,0.47,0.61,FALSE,0,,FALSE,,
REC006147,CUST019,Abigail Jordan,gregory35@yahoo.com,London,MTR0019,Detached,03/01/2024 00:57:36,0.87,0.89,FALSE,0,,FALSE,,
REC006148,CUST019,Abigail Jordan,gregory35@yahoo.com,London,MTR0019,Detached,03/01/2024 01:26:24,0.94,1.03,FALSE,0,,FALSE,,
REC006149,CUST019,Abigail Jordan,gregory35@yahoo.com,London,MTR0019,Detached,03/01/2024 01:55:12,1.14,1.1,FALSE,0,,FALSE,,
REC006150,CUST019,Abigail Jordan,gregory35@yahoo.com,London,MTR0019,Detached,03/01/2024 02:24:00,0.84,0.99,FALSE,0,,FALSE,,
REC006151,CUST019,Abigail Jordan,gregory35@yahoo.com,London,MTR0019,Detached,03/01/2024 03:07:12,0.63,0.56,FALSE,0,,FALSE,,
REC006152,CUST019,Abigail Jordan,gregory35@yahoo.com,London,MTR0019,Detached,03/01/2024 03:36:00,0.17,0.42,FALSE,0,,FALSE,,
REC006153,CUST019,Abigail Jordan,gregory35@yahoo.com,London,MTR0019,Detached,03/01/2024 04:04:48,0.36,0.32,FALSE,0,,FALSE,,
REC006154,CUST019,Abigail Jordan,gregory35@yahoo.com,London,MTR0019,Detached,03/01/2024 04:33:36,0.27,0.37,FALSE,0,,FALSE,,
REC006155,CUST019,Abigail Jordan,gregory35@yahoo.com,London,MTR0019,Detached,03/01/2024 05:02:24,0.41,0.47,FALSE,0,,FALSE,,
REC006156,CUST019,Abigail Jordan,gregory35@yahoo.com,London,MTR0019,Detached,03/01/2024 05:31:12,0.45,0.47,FALSE,0,,FALSE,,
REC006157,CUST019,Abigail Jordan,gregory35@yahoo.com,London,MTR0019,Detached,03/01/2024 06:00:00,1.28,1.12,FALSE,0,,FALSE,,
REC006158,CUST019,Abigail Jordan,gregory35@yahoo.com,London,MTR0019,Detached,03/01/2024 06:28:48,0.73,0.83,FALSE,0,,FALSE,,
REC006159,CUST019,Abigail Jordan,gregory35@yahoo.com,London,MTR0019,Detached,03/01/2024 06:57:36,0.5,0.5,FALSE,0,,FALSE,,
REC006160,CUST019,Abigail Jordan,gregory35@yahoo.com,London,MTR0019,Detached,03/01/2024 07:26:24,1.16,1.04,FALSE,0,,FALSE,,
REC006161,CUST019,Abigail Jordan,gregory35@yahoo.com,London,MTR0019,Detached,03/01/2024 07:55:12,0.67,0.67,FALSE,0,,FALSE,,
REC006162,CUST019,Abigail Jordan,gregory35@yahoo.com,London,MTR0019,Detached,03/01/2024 08:24:00,0.78,0.73,FALSE,0,,FALSE,,
REC006163,CUST019,Abigail Jordan,gregory35@yahoo.com,London,MTR0019,Detached,03/01/2024 09:07:12,1.08,0.98,FALSE,0,,FALSE,,
REC006164,CUST019,Abigail Jordan,gregory35@yahoo.com,London,MTR0019,Detached,03/01/2024 09:36:00,0.43,0.49,FALSE,0,,FALSE,,
REC006165,CUST019,Abigail Jordan,gregory35@yahoo.com,London,MTR0019,Detached,03/01/2024 10:04:48,0.74,0.79,FALSE,0,,FALSE,,
REC006166,CUST019,Abigail Jordan,gregory35@yahoo.com,London,MTR0019,Detached,03/01/2024 10:33:36,1.03,1.14,FALSE,0,,FALSE,,
REC006167,CUST019,Abigail Jordan,gregory35@yahoo.com,London,MTR0019,Detached,03/01/2024 11:02:24,0.55,0.43,FALSE,0,,FALSE,,
REC006168,CUST019,Abigail Jordan,gregory35@yahoo.com,London,MTR0019,Detached,03/01/2024 11:31:12,0.58,0.41,TRUE,41.46,Guest visit,TRUE,1/3/2024 11:48,TRUE
REC006169,CUST019,Abigail Jordan,gregory35@yahoo.com,London,MTR0019,Detached,03/01/2024 12:00:00,0.46,0.59,FALSE,0,,FALSE,,
REC006170,CUST019,Abigail Jordan,gregory35@yahoo.com,London,MTR0019,Detached,03/01/2024 12:28:48,1.05,1.02,FALSE,0,,FALSE,,
REC006171,CUST019,Abigail Jordan,gregory35@yahoo.com,London,MTR0019,Detached,03/01/2024 12:57:36,1.11,1.17,FALSE,0,,FALSE,,
REC006172,CUST019,Abigail Jordan,gregory35@yahoo.com,London,MTR0019,Detached,03/01/2024 13:26:24,0.66,0.71,FALSE,0,,FALSE,,
REC006173,CUST019,Abigail Jordan,gregory35@yahoo.com,London,MTR0019,Detached,03/01/2024 13:55:12,1.03,0.97,FALSE,0,,FALSE,,
REC006174,CUST019,Abigail Jordan,gregory35@yahoo.com,London,MTR0019,Detached,03/01/2024 14:24:00,0.66,0.65,FALSE,0,,FALSE,,
REC006175,CUST019,Abigail Jordan,gregory35@yahoo.com,London,MTR0019,Detached,03/01/2024 15:07:12,0.73,0.68,FALSE,0,,FALSE,,
REC006176,CUST019,Abigail Jordan,gregory35@yahoo.com,London,MTR0019,Detached,03/01/2024 15:36:00,1.35,1.18,FALSE,0,,FALSE,,
REC006177,CUST019,Abigail Jordan,gregory35@yahoo.com,London,MTR0019,Detached,03/01/2024 16:04:48,0.95,0.92,FALSE,0,,FALSE,,
REC006178,CUST019,Abigail Jordan,gregory35@yahoo.com,London,MTR0019,Detached,03/01/2024 16:33:36,1.02,0.96,FALSE,0,,FALSE,,
REC006179,CUST019,Abigail Jordan,gregory35@yahoo.com,London,MTR0019,Detached,03/01/2024 17:02:24,0.66,0.56,FALSE,0,,FALSE,,
REC006180,CUST019,Abigail Jordan,gregory35@yahoo.com,London,MTR0019,Detached,03/01/2024 17:31:12,0.5,0.57,FALSE,0,,FALSE,,
REC006181,CUST019,Abigail Jordan,gregory35@yahoo.com,London,MTR0019,Detached,03/01/2024 18:00:00,0.88,0.81,FALSE,0,,FALSE,,
REC006182,CUST019,Abigail Jordan,gregory35@yahoo.com,London,MTR0019,Detached,03/01/2024 18:28:48,0.34,0.4,FALSE,0,,FALSE,,
REC006183,CUST019,Abigail Jordan,gregory35@yahoo.com,London,MTR0019,Detached,03/01/2024 18:57:36,0.93,1.05,FALSE,0,,FALSE,,
REC006184,CUST019,Abigail Jordan,gregory35@yahoo.com,London,MTR0019,Detached,03/01/2024 19:26:24,0.83,0.79,FALSE,0,,FALSE,,
REC006185,CUST019,Abigail Jordan,gregory35@yahoo.com,London,MTR0019,Detached,03/01/2024 19:55:12,0.44,0.55,FALSE,0,,FALSE,,
REC006186,CUST019,Abigail Jordan,gregory35@yahoo.com,London,MTR0019,Detached,03/01/2024 20:24:00,0.23,0.36,FALSE,0,,FALSE,,
REC006187,CUST019,Abigail Jordan,gregory35@yahoo.com,London,MTR0019,Detached,03/01/2024 21:07:12,1.2,1.19,FALSE,0,,FALSE,,
REC006188,CUST019,Abigail Jordan,gregory35@yahoo.com,London,MTR0019,Detached,03/01/2024 21:36:00,0.61,0.63,FALSE,0,,FALSE,,
REC006189,CUST019,Abigail Jordan,gregory35@yahoo.com,London,MTR0019,Detached,03/01/2024 22:04:48,1.02,0.88,FALSE,0,,FALSE,,
REC006190,CUST019,Abigail Jordan,gregory35@yahoo.com,London,MTR0019,Detached,03/01/2024 22:33:36,0.85,0.96,FALSE,0,,FALSE,,
REC006191,CUST019,Abigail Jordan,gregory35@yahoo.com,London,MTR0019,Detached,03/01/2024 23:02:24,0.95,0.92,FALSE,0,,FALSE,,
REC006192,CUST019,Abigail Jordan,gregory35@yahoo.com,London,MTR0019,Detached,03/01/2024 23:31:12,0.47,0.55,FALSE,0,,FALSE,,
REC006193,CUST019,Abigail Jordan,gregory35@yahoo.com,London,MTR0019,Detached,04/01/2024 00:00:00,0.18,0.33,FALSE,0,,FALSE,,
REC006194,CUST019,Abigail Jordan,gregory35@yahoo.com,London,MTR0019,Detached,04/01/2024 00:28:48,0.52,0.72,FALSE,0,,FALSE,,
REC006195,CUST019,Abigail Jordan,gregory35@yahoo.com,London,MTR0019,Detached,04/01/2024 00:57:36,0.82,0.93,FALSE,0,,FALSE,,
REC006196,CUST019,Abigail Jordan,gregory35@yahoo.com,London,MTR0019,Detached,04/01/2024 01:26:24,0.24,0.35,FALSE,0,,FALSE,,
REC006197,CUST019,Abigail Jordan,gregory35@yahoo.com,London,MTR0019,Detached,04/01/2024 01:55:12,0.73,0.92,FALSE,0,,FALSE,,
REC006198,CUST019,Abigail Jordan,gregory35@yahoo.com,London,MTR0019,Detached,04/01/2024 02:24:00,1.02,0.93,FALSE,0,,FALSE,,
REC006199,CUST019,Abigail Jordan,gregory35@yahoo.com,London,MTR0019,Detached,04/01/2024 03:07:12,0.89,0.78,FALSE,0,,FALSE,,
REC006200,CUST019,Abigail Jordan,gregory35@yahoo.com,London,MTR0019,Detached,04/01/2024 03:36:00,0.56,0.87,FALSE,0,,FALSE,,
REC006201,CUST019,Abigail Jordan,gregory35@yahoo.com,London,MTR0019,Detached,04/01/2024 04:04:48,0.82,0.89,FALSE,0,,FALSE,,
REC006202,CUST019,Abigail Jordan,gregory35@yahoo.com,London,MTR0019,Detached,04/01/2024 04:33:36,0.4,0.44,FALSE,0,,FALSE,,
REC006203,CUST019,Abigail Jordan,gregory35@yahoo.com,London,MTR0019,Detached,04/01/2024 05:02:24,0.86,0.88,FALSE,0,,FALSE,,
REC006204,CUST019,Abigail Jordan,gregory35@yahoo.com,London,MTR0019,Detached,04/01/2024 05:31:12,0.55,0.45,FALSE,0,,FALSE,,
REC006205,CUST019,Abigail Jordan,gregory35@yahoo.com,London,MTR0019,Detached,04/01/2024 06:00:00,1.08,0.98,FALSE,0,,FALSE,,
REC006206,CUST019,Abigail Jordan,gregory35@yahoo.com,London,MTR0019,Detached,04/01/2024 06:28:48,0.34,0.31,FALSE,0,,FALSE,,
REC006207,CUST019,Abigail Jordan,gregory35@yahoo.com,London,MTR0019,Detached,04/01/2024 06:57:36,0.43,0.4,FALSE,0,,FALSE,,
REC006208,CUST019,Abigail Jordan,gregory35@yahoo.com,London,MTR0019,Detached,04/01/2024 07:26:24,0.31,0.36,FALSE,0,,FALSE,,
REC006209,CUST019,Abigail Jordan,gregory35@yahoo.com,London,MTR0019,Detached,04/01/2024 07:55:12,0.56,0.75,FALSE,0,,FALSE,,
REC006210,CUST019,Abigail Jordan,gregory35@yahoo.com,London,MTR0019,Detached,04/01/2024 08:24:00,1.05,1.08,FALSE,0,,FALSE,,
REC006211,CUST019,Abigail Jordan,gregory35@yahoo.com,London,MTR0019,Detached,04/01/2024 09:07:12,0.57,0.45,FALSE,0,,FALSE,,
REC006212,CUST019,Abigail Jordan,gregory35@yahoo.com,London,MTR0019,Detached,04/01/2024 09:36:00,0.26,0.33,FALSE,0,,FALSE,,
REC006213,CUST019,Abigail Jordan,gregory35@yahoo.com,London,MTR0019,Detached,04/01/2024 10:04:48,0.87,0.91,FALSE,0,,FALSE,,
REC006214,CUST019,Abigail Jordan,gregory35@yahoo.com,London,MTR0019,Detached,04/01/2024 10:33:36,0.91,0.83,FALSE,0,,FALSE,,
REC006215,CUST019,Abigail Jordan,gregory35@yahoo.com,London,MTR0019,Detached,04/01/2024 11:02:24,0.33,0.37,FALSE,0,,FALSE,,
REC006216,CUST019,Abigail Jordan,gregory35@yahoo.com,London,MTR0019,Detached,04/01/2024 11:31:12,0.56,0.58,FALSE,0,,FALSE,,
REC006217,CUST019,Abigail Jordan,gregory35@yahoo.com,London,MTR0019,Detached,04/01/2024 12:00:00,1.17,1.09,FALSE,0,,FALSE,,
REC006218,CUST019,Abigail Jordan,gregory35@yahoo.com,London,MTR0019,Detached,04/01/2024 12:28:48,0.49,0.69,FALSE,0,,FALSE,,
REC006219,CUST019,Abigail Jordan,gregory35@yahoo.com,London,MTR0019,Detached,04/01/2024 12:57:36,0.59,0.71,FALSE,0,,FALSE,,
REC006220,CUST019,Abigail Jordan,gregory35@yahoo.com,London,MTR0019,Detached,04/01/2024 13:26:24,0.55,0.36,TRUE,52.78,Guest visit,TRUE,1/4/2024 13:43,TRUE
REC006221,CUST019,Abigail Jordan,gregory35@yahoo.com,London,MTR0019,Detached,04/01/2024 13:55:12,0.82,0.74,FALSE,0,,FALSE,,
REC006222,CUST019,Abigail Jordan,gregory35@yahoo.com,London,MTR0019,Detached,04/01/2024 14:24:00,0.9,0.81,FALSE,0,,FALSE,,
REC006223,CUST019,Abigail Jordan,gregory35@yahoo.com,London,MTR0019,Detached,04/01/2024 15:07:12,0.75,0.72,FALSE,0,,FALSE,,
REC006224,CUST019,Abigail Jordan,gregory35@yahoo.com,London,MTR0019,Detached,04/01/2024 15:36:00,1.07,1.03,FALSE,0,,FALSE,,
REC006225,CUST019,Abigail Jordan,gregory35@yahoo.com,London,MTR0019,Detached,04/01/2024 16:04:48,0.97,1.03,FALSE,0,,FALSE,,
REC006226,CUST019,Abigail Jordan,gregory35@yahoo.com,London,MTR0019,Detached,04/01/2024 16:33:36,1.29,1.08,FALSE,0,,FALSE,,
REC006227,CUST019,Abigail Jordan,gregory35@yahoo.com,London,MTR0019,Detached,04/01/2024 17:02:24,1.1,1.13,FALSE,0,,FALSE,,
REC006228,CUST019,Abigail Jordan,gregory35@yahoo.com,London,MTR0019,Detached,04/01/2024 17:31:12,0.51,0.41,FALSE,0,,FALSE,,
REC006229,CUST019,Abigail Jordan,gregory35@yahoo.com,London,MTR0019,Detached,04/01/2024 18:00:00,0.32,0.37,FALSE,0,,FALSE,,
REC006230,CUST019,Abigail Jordan,gregory35@yahoo.com,London,MTR0019,Detached,04/01/2024 18:28:48,0.67,0.74,FALSE,0,,FALSE,,
REC006231,CUST019,Abigail Jordan,gregory35@yahoo.com,London,MTR0019,Detached,04/01/2024 18:57:36,0.93,0.93,FALSE,0,,FALSE,,
REC006232,CUST019,Abigail Jordan,gregory35@yahoo.com,London,MTR0019,Detached,04/01/2024 19:26:24,0.8,0.77,FALSE,0,,FALSE,,
REC006233,CUST019,Abigail Jordan,gregory35@yahoo.com,London,MTR0019,Detached,04/01/2024 19:55:12,0.9,0.77,FALSE,0,,FALSE,,
REC006234,CUST019,Abigail Jordan,gregory35@yahoo.com,London,MTR0019,Detached,04/01/2024 20:24:00,0.6,0.31,TRUE,93.55,Overnight appliance,TRUE,1/4/2024 20:40,TRUE
REC006235,CUST019,Abigail Jordan,gregory35@yahoo.com,London,MTR0019,Detached,04/01/2024 21:07:12,0.21,0.3,FALSE,0,,FALSE,,
REC006236,CUST019,Abigail Jordan,gregory35@yahoo.com,London,MTR0019,Detached,04/01/2024 21:36:00,1.18,1.11,FALSE,0,,FALSE,,
REC006237,CUST019,Abigail Jordan,gregory35@yahoo.com,London,MTR0019,Detached,04/01/2024 22:04:48,1.15,1.14,FALSE,0,,FALSE,,
REC006238,CUST019,Abigail Jordan,gregory35@yahoo.com,London,MTR0019,Detached,04/01/2024 22:33:36,0.28,0.46,FALSE,0,,FALSE,,
REC006239,CUST019,Abigail Jordan,gregory35@yahoo.com,London,MTR0019,Detached,04/01/2024 23:02:24,1.18,1.03,FALSE,0,,FALSE,,
REC006240,CUST019,Abigail Jordan,gregory35@yahoo.com,London,MTR0019,Detached,04/01/2024 23:31:12,0.35,0.39,FALSE,0,,FALSE,,
REC006241,CUST019,Abigail Jordan,gregory35@yahoo.com,London,MTR0019,Detached,05/01/2024 00:00:00,0.29,0.34,FALSE,0,,FALSE,,
REC006242,CUST019,Abigail Jordan,gregory35@yahoo.com,London,MTR0019,Detached,05/01/2024 00:28:48,1.35,1.2,FALSE,0,,FALSE,,
REC006243,CUST019,Abigail Jordan,gregory35@yahoo.com,London,MTR0019,Detached,05/01/2024 00:57:36,0.38,0.39,FALSE,0,,FALSE,,
REC006244,CUST019,Abigail Jordan,gregory35@yahoo.com,London,MTR0019,Detached,05/01/2024 01:26:24,1.16,1.04,FALSE,0,,FALSE,,
REC006245,CUST019,Abigail Jordan,gregory35@yahoo.com,London,MTR0019,Detached,05/01/2024 01:55:12,1.02,1.04,FALSE,0,,FALSE,,
REC006246,CUST019,Abigail Jordan,gregory35@yahoo.com,London,MTR0019,Detached,05/01/2024 02:24:00,1.2,1.15,FALSE,0,,FALSE,,
REC006247,CUST019,Abigail Jordan,gregory35@yahoo.com,London,MTR0019,Detached,05/01/2024 03:07:12,0.43,0.44,FALSE,0,,FALSE,,
REC006248,CUST019,Abigail Jordan,gregory35@yahoo.com,London,MTR0019,Detached,05/01/2024 03:36:00,0.97,1.05,FALSE,0,,FALSE,,
REC006249,CUST019,Abigail Jordan,gregory35@yahoo.com,London,MTR0019,Detached,05/01/2024 04:04:48,0.78,0.73,FALSE,0,,FALSE,,
REC006250,CUST019,Abigail Jordan,gregory35@yahoo.com,London,MTR0019,Detached,05/01/2024 04:33:36,0.57,0.49,FALSE,0,,FALSE,,
REC006251,CUST019,Abigail Jordan,gregory35@yahoo.com,London,MTR0019,Detached,05/01/2024 05:02:24,1.15,1.15,FALSE,0,,FALSE,,
REC006252,CUST019,Abigail Jordan,gregory35@yahoo.com,London,MTR0019,Detached,05/01/2024 05:31:12,0.49,0.68,FALSE,0,,FALSE,,
REC006253,CUST019,Abigail Jordan,gregory35@yahoo.com,London,MTR0019,Detached,05/01/2024 06:00:00,0.34,0.45,FALSE,0,,FALSE,,
REC006254,CUST019,Abigail Jordan,gregory35@yahoo.com,London,MTR0019,Detached,05/01/2024 06:28:48,0.43,0.48,FALSE,0,,FALSE,,
REC006255,CUST019,Abigail Jordan,gregory35@yahoo.com,London,MTR0019,Detached,05/01/2024 06:57:36,0.61,0.47,FALSE,0,,FALSE,,
REC006256,CUST019,Abigail Jordan,gregory35@yahoo.com,London,MTR0019,Detached,05/01/2024 07:26:24,0.8,0.81,FALSE,0,,FALSE,,
REC006257,CUST019,Abigail Jordan,gregory35@yahoo.com,London,MTR0019,Detached,05/01/2024 07:55:12,1.24,1.1,FALSE,0,,FALSE,,
REC006258,CUST019,Abigail Jordan,gregory35@yahoo.com,London,MTR0019,Detached,05/01/2024 08:24:00,1,0.9,FALSE,0,,FALSE,,
REC006259,CUST019,Abigail Jordan,gregory35@yahoo.com,London,MTR0019,Detached,05/01/2024 09:07:12,0.65,0.7,FALSE,0,,FALSE,,
REC006260,CUST019,Abigail Jordan,gregory35@yahoo.com,London,MTR0019,Detached,05/01/2024 09:36:00,1.09,1.07,FALSE,0,,FALSE,,
REC006261,CUST019,Abigail Jordan,gregory35@yahoo.com,London,MTR0019,Detached,05/01/2024 10:04:48,1.08,1,FALSE,0,,FALSE,,
REC006262,CUST019,Abigail Jordan,gregory35@yahoo.com,London,MTR0019,Detached,05/01/2024 10:33:36,0.23,0.31,FALSE,0,,FALSE,,
REC006263,CUST019,Abigail Jordan,gregory35@yahoo.com,London,MTR0019,Detached,05/01/2024 11:02:24,0.57,0.5,FALSE,0,,FALSE,,
REC006264,CUST019,Abigail Jordan,gregory35@yahoo.com,London,MTR0019,Detached,05/01/2024 11:31:12,0.36,0.3,FALSE,0,,FALSE,,
REC006265,CUST019,Abigail Jordan,gregory35@yahoo.com,London,MTR0019,Detached,05/01/2024 12:00:00,0.67,0.75,FALSE,0,,FALSE,,
REC006266,CUST019,Abigail Jordan,gregory35@yahoo.com,London,MTR0019,Detached,05/01/2024 12:28:48,0.93,0.88,FALSE,0,,FALSE,,
REC006267,CUST019,Abigail Jordan,gregory35@yahoo.com,London,MTR0019,Detached,05/01/2024 12:57:36,0.37,0.38,FALSE,0,,FALSE,,
REC006268,CUST019,Abigail Jordan,gregory35@yahoo.com,London,MTR0019,Detached,05/01/2024 13:26:24,0.76,0.89,FALSE,0,,FALSE,,
REC006269,CUST019,Abigail Jordan,gregory35@yahoo.com,London,MTR0019,Detached,05/01/2024 13:55:12,0.38,0.43,FALSE,0,,FALSE,,
REC006270,CUST019,Abigail Jordan,gregory35@yahoo.com,London,MTR0019,Detached,05/01/2024 14:24:00,0.45,0.51,FALSE,0,,FALSE,,
REC006271,CUST019,Abigail Jordan,gregory35@yahoo.com,London,MTR0019,Detached,05/01/2024 15:07:12,0.66,0.5,FALSE,0,,FALSE,,
REC006272,CUST019,Abigail Jordan,gregory35@yahoo.com,London,MTR0019,Detached,05/01/2024 15:36:00,0.58,0.69,FALSE,0,,FALSE,,
REC006273,CUST019,Abigail Jordan,gregory35@yahoo.com,London,MTR0019,Detached,05/01/2024 16:04:48,0.93,1,FALSE,0,,FALSE,,
REC006274,CUST019,Abigail Jordan,gregory35@yahoo.com,London,MTR0019,Detached,05/01/2024 16:33:36,0.38,0.34,FALSE,0,,FALSE,,
REC006275,CUST019,Abigail Jordan,gregory35@yahoo.com,London,MTR0019,Detached,05/01/2024 17:02:24,1.1,1.09,FALSE,0,,FALSE,,
REC006276,CUST019,Abigail Jordan,gregory35@yahoo.com,London,MTR0019,Detached,05/01/2024 17:31:12,0.8,0.82,FALSE,0,,FALSE,,
REC006277,CUST019,Abigail Jordan,gregory35@yahoo.com,London,MTR0019,Detached,05/01/2024 18:00:00,1.17,1.19,FALSE,0,,FALSE,,
REC006278,CUST019,Abigail Jordan,gregory35@yahoo.com,London,MTR0019,Detached,05/01/2024 18:28:48,0.72,0.63,FALSE,0,,FALSE,,
REC006279,CUST019,Abigail Jordan,gregory35@yahoo.com,London,MTR0019,Detached,05/01/2024 18:57:36,0.49,0.57,FALSE,0,,FALSE,,
REC006280,CUST019,Abigail Jordan,gregory35@yahoo.com,London,MTR0019,Detached,05/01/2024 19:26:24,1.06,1.17,FALSE,0,,FALSE,,
REC006281,CUST019,Abigail Jordan,gregory35@yahoo.com,London,MTR0019,Detached,05/01/2024 19:55:12,0.62,0.82,FALSE,0,,FALSE,,
REC006282,CUST019,Abigail Jordan,gregory35@yahoo.com,London,MTR0019,Detached,05/01/2024 20:24:00,0.41,0.46,FALSE,0,,FALSE,,
REC006283,CUST019,Abigail Jordan,gregory35@yahoo.com,London,MTR0019,Detached,05/01/2024 21:07:12,0.3,0.43,FALSE,0,,FALSE,,
REC006284,CUST019,Abigail Jordan,gregory35@yahoo.com,London,MTR0019,Detached,05/01/2024 21:36:00,0.6,0.63,FALSE,0,,FALSE,,
REC006285,CUST019,Abigail Jordan,gregory35@yahoo.com,London,MTR0019,Detached,05/01/2024 22:04:48,0.25,0.42,FALSE,0,,FALSE,,
REC006286,CUST019,Abigail Jordan,gregory35@yahoo.com,London,MTR0019,Detached,05/01/2024 22:33:36,0.59,0.62,FALSE,0,,FALSE,,
REC006287,CUST019,Abigail Jordan,gregory35@yahoo.com,London,MTR0019,Detached,05/01/2024 23:02:24,0.41,0.38,FALSE,0,,FALSE,,
REC006288,CUST019,Abigail Jordan,gregory35@yahoo.com,London,MTR0019,Detached,05/01/2024 23:31:12,0.6,0.6,FALSE,0,,FALSE,,
REC006289,CUST019,Abigail Jordan,gregory35@yahoo.com,London,MTR0019,Detached,06/01/2024 00:00:00,1.15,1.09,FALSE,0,,FALSE,,
REC006290,CUST019,Abigail Jordan,gregory35@yahoo.com,London,MTR0019,Detached,06/01/2024 00:28:48,1.18,1.07,FALSE,0,,FALSE,,
REC006291,CUST019,Abigail Jordan,gregory35@yahoo.com,London,MTR0019,Detached,06/01/2024 00:57:36,0.4,0.37,FALSE,0,,FALSE,,
REC006292,CUST019,Abigail Jordan,gregory35@yahoo.com,London,MTR0019,Detached,06/01/2024 01:26:24,0.99,0.99,FALSE,0,,FALSE,,
REC006293,CUST019,Abigail Jordan,gregory35@yahoo.com,London,MTR0019,Detached,06/01/2024 01:55:12,1.21,1.17,FALSE,0,,FALSE,,
REC006294,CUST019,Abigail Jordan,gregory35@yahoo.com,London,MTR0019,Detached,06/01/2024 02:24:00,0.97,0.94,FALSE,0,,FALSE,,
REC006295,CUST019,Abigail Jordan,gregory35@yahoo.com,London,MTR0019,Detached,06/01/2024 03:07:12,1.06,0.98,FALSE,0,,FALSE,,
REC006296,CUST019,Abigail Jordan,gregory35@yahoo.com,London,MTR0019,Detached,06/01/2024 03:36:00,1.04,1.04,FALSE,0,,FALSE,,
REC006297,CUST019,Abigail Jordan,gregory35@yahoo.com,London,MTR0019,Detached,06/01/2024 04:04:48,0.94,1.06,FALSE,0,,FALSE,,
REC006298,CUST019,Abigail Jordan,gregory35@yahoo.com,London,MTR0019,Detached,06/01/2024 04:33:36,0.44,0.33,FALSE,0,,FALSE,,
REC006299,CUST019,Abigail Jordan,gregory35@yahoo.com,London,MTR0019,Detached,06/01/2024 05:02:24,0.97,1.14,FALSE,0,,FALSE,,
REC006300,CUST019,Abigail Jordan,gregory35@yahoo.com,London,MTR0019,Detached,06/01/2024 05:31:12,0.5,0.43,FALSE,0,,FALSE,,
REC006301,CUST019,Abigail Jordan,gregory35@yahoo.com,London,MTR0019,Detached,06/01/2024 06:00:00,1.09,1.05,FALSE,0,,FALSE,,
REC006302,CUST019,Abigail Jordan,gregory35@yahoo.com,London,MTR0019,Detached,06/01/2024 06:28:48,0.92,0.88,FALSE,0,,FALSE,,
REC006303,CUST019,Abigail Jordan,gregory35@yahoo.com,London,MTR0019,Detached,06/01/2024 06:57:36,0.64,0.63,FALSE,0,,FALSE,,
REC006304,CUST019,Abigail Jordan,gregory35@yahoo.com,London,MTR0019,Detached,06/01/2024 07:26:24,1,0.77,FALSE,0,,FALSE,,
REC006305,CUST019,Abigail Jordan,gregory35@yahoo.com,London,MTR0019,Detached,06/01/2024 07:55:12,1.06,1.13,FALSE,0,,FALSE,,
REC006306,CUST019,Abigail Jordan,gregory35@yahoo.com,London,MTR0019,Detached,06/01/2024 08:24:00,1,1.01,FALSE,0,,FALSE,,
REC006307,CUST019,Abigail Jordan,gregory35@yahoo.com,London,MTR0019,Detached,06/01/2024 09:07:12,0.9,0.78,FALSE,0,,FALSE,,
REC006308,CUST019,Abigail Jordan,gregory35@yahoo.com,London,MTR0019,Detached,06/01/2024 09:36:00,0.74,0.69,FALSE,0,,FALSE,,
REC006309,CUST019,Abigail Jordan,gregory35@yahoo.com,London,MTR0019,Detached,06/01/2024 10:04:48,0.85,0.8,FALSE,0,,FALSE,,
REC006310,CUST019,Abigail Jordan,gregory35@yahoo.com,London,MTR0019,Detached,06/01/2024 10:33:36,0.63,0.5,FALSE,0,,FALSE,,
REC006311,CUST019,Abigail Jordan,gregory35@yahoo.com,London,MTR0019,Detached,06/01/2024 11:02:24,0.99,0.85,FALSE,0,,FALSE,,
REC006312,CUST019,Abigail Jordan,gregory35@yahoo.com,London,MTR0019,Detached,06/01/2024 11:31:12,0.94,0.86,FALSE,0,,FALSE,,
REC006313,CUST019,Abigail Jordan,gregory35@yahoo.com,London,MTR0019,Detached,06/01/2024 12:00:00,1.37,1.17,FALSE,0,,FALSE,,
REC006314,CUST019,Abigail Jordan,gregory35@yahoo.com,London,MTR0019,Detached,06/01/2024 12:28:48,0.43,0.39,FALSE,0,,FALSE,,
REC006315,CUST019,Abigail Jordan,gregory35@yahoo.com,London,MTR0019,Detached,06/01/2024 12:57:36,0.72,0.64,FALSE,0,,FALSE,,
REC006316,CUST019,Abigail Jordan,gregory35@yahoo.com,London,MTR0019,Detached,06/01/2024 13:26:24,0.44,0.34,FALSE,0,,FALSE,,
REC006317,CUST019,Abigail Jordan,gregory35@yahoo.com,London,MTR0019,Detached,06/01/2024 13:55:12,0.92,0.79,FALSE,0,,FALSE,,
REC006318,CUST019,Abigail Jordan,gregory35@yahoo.com,London,MTR0019,Detached,06/01/2024 14:24:00,0.61,0.7,FALSE,0,,FALSE,,
REC006319,CUST019,Abigail Jordan,gregory35@yahoo.com,London,MTR0019,Detached,06/01/2024 15:07:12,0.76,0.89,FALSE,0,,FALSE,,
REC006320,CUST019,Abigail Jordan,gregory35@yahoo.com,London,MTR0019,Detached,06/01/2024 15:36:00,0.56,0.68,FALSE,0,,FALSE,,
REC006321,CUST019,Abigail Jordan,gregory35@yahoo.com,London,MTR0019,Detached,06/01/2024 16:04:48,0.38,0.43,FALSE,0,,FALSE,,
REC006322,CUST019,Abigail Jordan,gregory35@yahoo.com,London,MTR0019,Detached,06/01/2024 16:33:36,0.76,0.66,FALSE,0,,FALSE,,
REC006323,CUST019,Abigail Jordan,gregory35@yahoo.com,London,MTR0019,Detached,06/01/2024 17:02:24,1.41,1.1,FALSE,0,,FALSE,,
REC006324,CUST019,Abigail Jordan,gregory35@yahoo.com,London,MTR0019,Detached,06/01/2024 17:31:12,1.14,1.16,FALSE,0,,FALSE,,
REC006325,CUST019,Abigail Jordan,gregory35@yahoo.com,London,MTR0019,Detached,06/01/2024 18:00:00,1.09,1.1,FALSE,0,,FALSE,,
REC006326,CUST019,Abigail Jordan,gregory35@yahoo.com,London,MTR0019,Detached,06/01/2024 18:28:48,1.04,1.17,FALSE,0,,FALSE,,
REC006327,CUST019,Abigail Jordan,gregory35@yahoo.com,London,MTR0019,Detached,06/01/2024 18:57:36,0.52,0.64,FALSE,0,,FALSE,,
REC006328,CUST019,Abigail Jordan,gregory35@yahoo.com,London,MTR0019,Detached,06/01/2024 19:26:24,0.35,0.4,FALSE,0,,FALSE,,
REC006329,CUST019,Abigail Jordan,gregory35@yahoo.com,London,MTR0019,Detached,06/01/2024 19:55:12,0.9,0.97,FALSE,0,,FALSE,,
REC006330,CUST019,Abigail Jordan,gregory35@yahoo.com,London,MTR0019,Detached,06/01/2024 20:24:00,0.42,0.34,FALSE,0,,FALSE,,
REC006331,CUST019,Abigail Jordan,gregory35@yahoo.com,London,MTR0019,Detached,06/01/2024 21:07:12,1.06,1.19,FALSE,0,,FALSE,,
REC006332,CUST019,Abigail Jordan,gregory35@yahoo.com,London,MTR0019,Detached,06/01/2024 21:36:00,1.01,1.12,FALSE,0,,FALSE,,
REC006333,CUST019,Abigail Jordan,gregory35@yahoo.com,London,MTR0019,Detached,06/01/2024 22:04:48,0.86,0.83,FALSE,0,,FALSE,,
REC006334,CUST019,Abigail Jordan,gregory35@yahoo.com,London,MTR0019,Detached,06/01/2024 22:33:36,1.17,1.19,FALSE,0,,FALSE,,
REC006335,CUST019,Abigail Jordan,gregory35@yahoo.com,London,MTR0019,Detached,06/01/2024 23:02:24,0.35,0.38,FALSE,0,,FALSE,,
REC006336,CUST019,Abigail Jordan,gregory35@yahoo.com,London,MTR0019,Detached,06/01/2024 23:31:12,0.87,0.77,FALSE,0,,FALSE,,
REC006337,CUST019,Abigail Jordan,gregory35@yahoo.com,London,MTR0019,Detached,07/01/2024 00:00:00,1.09,1.12,FALSE,0,,FALSE,,
REC006338,CUST019,Abigail Jordan,gregory35@yahoo.com,London,MTR0019,Detached,07/01/2024 00:28:48,0.67,0.67,FALSE,0,,FALSE,,
REC006339,CUST019,Abigail Jordan,gregory35@yahoo.com,London,MTR0019,Detached,07/01/2024 00:57:36,0.32,0.37,FALSE,0,,FALSE,,
REC006340,CUST019,Abigail Jordan,gregory35@yahoo.com,London,MTR0019,Detached,07/01/2024 01:26:24,1.04,1.05,FALSE,0,,FALSE,,
REC006341,CUST019,Abigail Jordan,gregory35@yahoo.com,London,MTR0019,Detached,07/01/2024 01:55:12,0.57,0.49,FALSE,0,,FALSE,,
REC006342,CUST019,Abigail Jordan,gregory35@yahoo.com,London,MTR0019,Detached,07/01/2024 02:24:00,0.93,0.97,FALSE,0,,FALSE,,
REC006343,CUST019,Abigail Jordan,gregory35@yahoo.com,London,MTR0019,Detached,07/01/2024 03:07:12,0.52,0.5,FALSE,0,,FALSE,,
REC006344,CUST019,Abigail Jordan,gregory35@yahoo.com,London,MTR0019,Detached,07/01/2024 03:36:00,0.61,0.65,FALSE,0,,FALSE,,
REC006345,CUST019,Abigail Jordan,gregory35@yahoo.com,London,MTR0019,Detached,07/01/2024 04:04:48,0.79,0.99,FALSE,0,,FALSE,,
REC006346,CUST019,Abigail Jordan,gregory35@yahoo.com,London,MTR0019,Detached,07/01/2024 04:33:36,0.64,0.71,FALSE,0,,FALSE,,
REC006347,CUST019,Abigail Jordan,gregory35@yahoo.com,London,MTR0019,Detached,07/01/2024 05:02:24,0.92,0.97,FALSE,0,,FALSE,,
REC006348,CUST019,Abigail Jordan,gregory35@yahoo.com,London,MTR0019,Detached,07/01/2024 05:31:12,0.72,0.72,FALSE,0,,FALSE,,
REC006349,CUST019,Abigail Jordan,gregory35@yahoo.com,London,MTR0019,Detached,07/01/2024 06:00:00,1.16,1.1,FALSE,0,,FALSE,,
REC006350,CUST019,Abigail Jordan,gregory35@yahoo.com,London,MTR0019,Detached,07/01/2024 06:28:48,0.85,0.87,FALSE,0,,FALSE,,
REC006351,CUST019,Abigail Jordan,gregory35@yahoo.com,London,MTR0019,Detached,07/01/2024 06:57:36,1.1,1.14,FALSE,0,,FALSE,,
REC006352,CUST019,Abigail Jordan,gregory35@yahoo.com,London,MTR0019,Detached,07/01/2024 07:26:24,0.54,0.51,FALSE,0,,FALSE,,
REC006353,CUST019,Abigail Jordan,gregory35@yahoo.com,London,MTR0019,Detached,07/01/2024 07:55:12,0.65,0.65,FALSE,0,,FALSE,,
REC006354,CUST019,Abigail Jordan,gregory35@yahoo.com,London,MTR0019,Detached,07/01/2024 08:24:00,0.59,0.72,FALSE,0,,FALSE,,
REC006355,CUST019,Abigail Jordan,gregory35@yahoo.com,London,MTR0019,Detached,07/01/2024 09:07:12,1.3,1.16,FALSE,0,,FALSE,,
REC006356,CUST019,Abigail Jordan,gregory35@yahoo.com,London,MTR0019,Detached,07/01/2024 09:36:00,1.12,1.15,FALSE,0,,FALSE,,
REC006357,CUST019,Abigail Jordan,gregory35@yahoo.com,London,MTR0019,Detached,07/01/2024 10:04:48,1.09,1.09,FALSE,0,,FALSE,,
REC006358,CUST019,Abigail Jordan,gregory35@yahoo.com,London,MTR0019,Detached,07/01/2024 10:33:36,0.46,0.61,FALSE,0,,FALSE,,
REC006359,CUST019,Abigail Jordan,gregory35@yahoo.com,London,MTR0019,Detached,07/01/2024 11:02:24,0.77,0.66,FALSE,0,,FALSE,,
REC006360,CUST019,Abigail Jordan,gregory35@yahoo.com,London,MTR0019,Detached,07/01/2024 11:31:12,0.66,0.71,FALSE,0,,FALSE,,
REC006361,CUST019,Abigail Jordan,gregory35@yahoo.com,London,MTR0019,Detached,07/01/2024 12:00:00,0.92,0.77,FALSE,0,,FALSE,,
REC006362,CUST019,Abigail Jordan,gregory35@yahoo.com,London,MTR0019,Detached,07/01/2024 12:28:48,0.43,0.44,FALSE,0,,FALSE,,
REC006363,CUST019,Abigail Jordan,gregory35@yahoo.com,London,MTR0019,Detached,07/01/2024 12:57:36,0.9,0.85,FALSE,0,,FALSE,,
REC006364,CUST019,Abigail Jordan,gregory35@yahoo.com,London,MTR0019,Detached,07/01/2024 13:26:24,0.55,0.59,FALSE,0,,FALSE,,
REC006365,CUST019,Abigail Jordan,gregory35@yahoo.com,London,MTR0019,Detached,07/01/2024 13:55:12,0.48,0.6,FALSE,0,,FALSE,,
REC006366,CUST019,Abigail Jordan,gregory35@yahoo.com,London,MTR0019,Detached,07/01/2024 14:24:00,0.6,0.56,FALSE,0,,FALSE,,
REC006367,CUST019,Abigail Jordan,gregory35@yahoo.com,London,MTR0019,Detached,07/01/2024 15:07:12,0.71,0.67,FALSE,0,,FALSE,,
REC006368,CUST019,Abigail Jordan,gregory35@yahoo.com,London,MTR0019,Detached,07/01/2024 15:36:00,0.62,0.84,FALSE,0,,FALSE,,
REC006369,CUST019,Abigail Jordan,gregory35@yahoo.com,London,MTR0019,Detached,07/01/2024 16:04:48,0.68,0.81,FALSE,0,,FALSE,,
REC006370,CUST019,Abigail Jordan,gregory35@yahoo.com,London,MTR0019,Detached,07/01/2024 16:33:36,0.52,0.41,FALSE,0,,FALSE,,
REC006371,CUST019,Abigail Jordan,gregory35@yahoo.com,London,MTR0019,Detached,07/01/2024 17:02:24,0.93,0.98,FALSE,0,,FALSE,,
REC006372,CUST019,Abigail Jordan,gregory35@yahoo.com,London,MTR0019,Detached,07/01/2024 17:31:12,0.74,0.67,FALSE,0,,FALSE,,
REC006373,CUST019,Abigail Jordan,gregory35@yahoo.com,London,MTR0019,Detached,07/01/2024 18:00:00,0.96,0.75,FALSE,0,,FALSE,,
REC006374,CUST019,Abigail Jordan,gregory35@yahoo.com,London,MTR0019,Detached,07/01/2024 18:28:48,0.38,0.34,FALSE,0,,FALSE,,
REC006375,CUST019,Abigail Jordan,gregory35@yahoo.com,London,MTR0019,Detached,07/01/2024 18:57:36,0.94,0.95,FALSE,0,,FALSE,,
REC006376,CUST019,Abigail Jordan,gregory35@yahoo.com,London,MTR0019,Detached,07/01/2024 19:26:24,0.97,1.04,FALSE,0,,FALSE,,
REC006377,CUST019,Abigail Jordan,gregory35@yahoo.com,London,MTR0019,Detached,07/01/2024 19:55:12,0.74,0.71,FALSE,0,,FALSE,,
REC006378,CUST019,Abigail Jordan,gregory35@yahoo.com,London,MTR0019,Detached,07/01/2024 20:24:00,0.71,0.67,FALSE,0,,FALSE,,
REC006379,CUST019,Abigail Jordan,gregory35@yahoo.com,London,MTR0019,Detached,07/01/2024 21:07:12,0.48,0.47,FALSE,0,,FALSE,,
REC006380,CUST019,Abigail Jordan,gregory35@yahoo.com,London,MTR0019,Detached,07/01/2024 21:36:00,1.14,1.07,FALSE,0,,FALSE,,
REC006381,CUST019,Abigail Jordan,gregory35@yahoo.com,London,MTR0019,Detached,07/01/2024 22:04:48,0.5,0.61,FALSE,0,,FALSE,,
REC006382,CUST019,Abigail Jordan,gregory35@yahoo.com,London,MTR0019,Detached,07/01/2024 22:33:36,0.51,0.5,FALSE,0,,FALSE,,
REC006383,CUST019,Abigail Jordan,gregory35@yahoo.com,London,MTR0019,Detached,07/01/2024 23:02:24,0.73,0.73,FALSE,0,,FALSE,,
REC006384,CUST019,Abigail Jordan,gregory35@yahoo.com,London,MTR0019,Detached,07/01/2024 23:31:12,0.62,0.68,FALSE,0,,FALSE,,
REC006385,CUST020,Joseph Nelson-White,scott21@miles.biz,Glasgow,MTR0020,Detached,01/01/2024 00:00:00,1.04,1,FALSE,0,,FALSE,,
REC006386,CUST020,Joseph Nelson-White,scott21@miles.biz,Glasgow,MTR0020,Detached,01/01/2024 00:28:48,0.26,0.38,FALSE,0,,FALSE,,
REC006387,CUST020,Joseph Nelson-White,scott21@miles.biz,Glasgow,MTR0020,Detached,01/01/2024 00:57:36,0.88,0.96,FALSE,0,,FALSE,,
REC006388,CUST020,Joseph Nelson-White,scott21@miles.biz,Glasgow,MTR0020,Detached,01/01/2024 01:26:24,1.33,1.05,FALSE,0,,FALSE,,
REC006389,CUST020,Joseph Nelson-White,scott21@miles.biz,Glasgow,MTR0020,Detached,01/01/2024 01:55:12,1.1,1.14,FALSE,0,,FALSE,,
REC006390,CUST020,Joseph Nelson-White,scott21@miles.biz,Glasgow,MTR0020,Detached,01/01/2024 02:24:00,0.52,0.54,FALSE,0,,FALSE,,
REC006391,CUST020,Joseph Nelson-White,scott21@miles.biz,Glasgow,MTR0020,Detached,01/01/2024 03:07:12,1.03,0.99,FALSE,0,,FALSE,,
REC006392,CUST020,Joseph Nelson-White,scott21@miles.biz,Glasgow,MTR0020,Detached,01/01/2024 03:36:00,0.92,0.87,FALSE,0,,FALSE,,
REC006393,CUST020,Joseph Nelson-White,scott21@miles.biz,Glasgow,MTR0020,Detached,01/01/2024 04:04:48,0.68,0.76,FALSE,0,,FALSE,,
REC006394,CUST020,Joseph Nelson-White,scott21@miles.biz,Glasgow,MTR0020,Detached,01/01/2024 04:33:36,1.21,1.06,FALSE,0,,FALSE,,
REC006395,CUST020,Joseph Nelson-White,scott21@miles.biz,Glasgow,MTR0020,Detached,01/01/2024 05:02:24,0.94,0.91,FALSE,0,,FALSE,,
REC006396,CUST020,Joseph Nelson-White,scott21@miles.biz,Glasgow,MTR0020,Detached,01/01/2024 05:31:12,1.29,1.1,FALSE,0,,FALSE,,
REC006397,CUST020,Joseph Nelson-White,scott21@miles.biz,Glasgow,MTR0020,Detached,01/01/2024 06:00:00,0.66,0.53,FALSE,0,,FALSE,,
REC006398,CUST020,Joseph Nelson-White,scott21@miles.biz,Glasgow,MTR0020,Detached,01/01/2024 06:28:48,0.68,0.74,FALSE,0,,FALSE,,
REC006399,CUST020,Joseph Nelson-White,scott21@miles.biz,Glasgow,MTR0020,Detached,01/01/2024 06:57:36,0.98,1.1,FALSE,0,,FALSE,,
REC006400,CUST020,Joseph Nelson-White,scott21@miles.biz,Glasgow,MTR0020,Detached,01/01/2024 07:26:24,0.95,1.1,FALSE,0,,FALSE,,
REC006401,CUST020,Joseph Nelson-White,scott21@miles.biz,Glasgow,MTR0020,Detached,01/01/2024 07:55:12,0.51,0.72,FALSE,0,,FALSE,,
REC006402,CUST020,Joseph Nelson-White,scott21@miles.biz,Glasgow,MTR0020,Detached,01/01/2024 08:24:00,0.57,0.55,FALSE,0,,FALSE,,
REC006403,CUST020,Joseph Nelson-White,scott21@miles.biz,Glasgow,MTR0020,Detached,01/01/2024 09:07:12,0.83,0.89,FALSE,0,,FALSE,,
REC006404,CUST020,Joseph Nelson-White,scott21@miles.biz,Glasgow,MTR0020,Detached,01/01/2024 09:36:00,0.98,0.92,FALSE,0,,FALSE,,
REC006405,CUST020,Joseph Nelson-White,scott21@miles.biz,Glasgow,MTR0020,Detached,01/01/2024 10:04:48,0.78,0.84,FALSE,0,,FALSE,,
REC006406,CUST020,Joseph Nelson-White,scott21@miles.biz,Glasgow,MTR0020,Detached,01/01/2024 10:33:36,0.59,0.67,FALSE,0,,FALSE,,
REC006407,CUST020,Joseph Nelson-White,scott21@miles.biz,Glasgow,MTR0020,Detached,01/01/2024 11:02:24,0.98,0.93,FALSE,0,,FALSE,,
REC006408,CUST020,Joseph Nelson-White,scott21@miles.biz,Glasgow,MTR0020,Detached,01/01/2024 11:31:12,1.21,0.99,FALSE,0,,FALSE,,
REC006409,CUST020,Joseph Nelson-White,scott21@miles.biz,Glasgow,MTR0020,Detached,01/01/2024 12:00:00,1.11,0.98,FALSE,0,,FALSE,,
REC006410,CUST020,Joseph Nelson-White,scott21@miles.biz,Glasgow,MTR0020,Detached,01/01/2024 12:28:48,0.65,0.6,FALSE,0,,FALSE,,
REC006411,CUST020,Joseph Nelson-White,scott21@miles.biz,Glasgow,MTR0020,Detached,01/01/2024 12:57:36,1.21,1.09,FALSE,0,,FALSE,,
REC006412,CUST020,Joseph Nelson-White,scott21@miles.biz,Glasgow,MTR0020,Detached,01/01/2024 13:26:24,0.83,0.79,FALSE,0,,FALSE,,
REC006413,CUST020,Joseph Nelson-White,scott21@miles.biz,Glasgow,MTR0020,Detached,01/01/2024 13:55:12,0.28,0.5,FALSE,0,,FALSE,,
REC006414,CUST020,Joseph Nelson-White,scott21@miles.biz,Glasgow,MTR0020,Detached,01/01/2024 14:24:00,1,0.93,FALSE,0,,FALSE,,
REC006415,CUST020,Joseph Nelson-White,scott21@miles.biz,Glasgow,MTR0020,Detached,01/01/2024 15:07:12,0.78,0.73,FALSE,0,,FALSE,,
REC006416,CUST020,Joseph Nelson-White,scott21@miles.biz,Glasgow,MTR0020,Detached,01/01/2024 15:36:00,1.01,0.92,FALSE,0,,FALSE,,
REC006417,CUST020,Joseph Nelson-White,scott21@miles.biz,Glasgow,MTR0020,Detached,01/01/2024 16:04:48,0.44,0.5,FALSE,0,,FALSE,,
REC006418,CUST020,Joseph Nelson-White,scott21@miles.biz,Glasgow,MTR0020,Detached,01/01/2024 16:33:36,0.89,0.78,FALSE,0,,FALSE,,
REC006419,CUST020,Joseph Nelson-White,scott21@miles.biz,Glasgow,MTR0020,Detached,01/01/2024 17:02:24,0.3,0.42,FALSE,0,,FALSE,,
REC006420,CUST020,Joseph Nelson-White,scott21@miles.biz,Glasgow,MTR0020,Detached,01/01/2024 17:31:12,0.81,0.8,FALSE,0,,FALSE,,
REC006421,CUST020,Joseph Nelson-White,scott21@miles.biz,Glasgow,MTR0020,Detached,01/01/2024 18:00:00,0.88,0.88,FALSE,0,,FALSE,,
REC006422,CUST020,Joseph Nelson-White,scott21@miles.biz,Glasgow,MTR0020,Detached,01/01/2024 18:28:48,0.84,1.09,FALSE,0,,FALSE,,
REC006423,CUST020,Joseph Nelson-White,scott21@miles.biz,Glasgow,MTR0020,Detached,01/01/2024 18:57:36,0.35,0.4,FALSE,0,,FALSE,,
REC006424,CUST020,Joseph Nelson-White,scott21@miles.biz,Glasgow,MTR0020,Detached,01/01/2024 19:26:24,0.38,0.33,FALSE,0,,FALSE,,
REC006425,CUST020,Joseph Nelson-White,scott21@miles.biz,Glasgow,MTR0020,Detached,01/01/2024 19:55:12,0.42,0.47,FALSE,0,,FALSE,,
REC006426,CUST020,Joseph Nelson-White,scott21@miles.biz,Glasgow,MTR0020,Detached,01/01/2024 20:24:00,1.23,1.09,FALSE,0,,FALSE,,
REC006427,CUST020,Joseph Nelson-White,scott21@miles.biz,Glasgow,MTR0020,Detached,01/01/2024 21:07:12,0.79,0.77,FALSE,0,,FALSE,,
REC006428,CUST020,Joseph Nelson-White,scott21@miles.biz,Glasgow,MTR0020,Detached,01/01/2024 21:36:00,0.42,0.45,FALSE,0,,FALSE,,
REC006429,CUST020,Joseph Nelson-White,scott21@miles.biz,Glasgow,MTR0020,Detached,01/01/2024 22:04:48,0.72,0.61,FALSE,0,,FALSE,,
REC006430,CUST020,Joseph Nelson-White,scott21@miles.biz,Glasgow,MTR0020,Detached,01/01/2024 22:33:36,0.43,0.47,FALSE,0,,FALSE,,
REC006431,CUST020,Joseph Nelson-White,scott21@miles.biz,Glasgow,MTR0020,Detached,01/01/2024 23:02:24,0.92,1.03,FALSE,0,,FALSE,,
REC006432,CUST020,Joseph Nelson-White,scott21@miles.biz,Glasgow,MTR0020,Detached,01/01/2024 23:31:12,0.63,0.57,FALSE,0,,FALSE,,
REC006433,CUST020,Joseph Nelson-White,scott21@miles.biz,Glasgow,MTR0020,Detached,02/01/2024 00:00:00,0.3,0.42,FALSE,0,,FALSE,,
REC006434,CUST020,Joseph Nelson-White,scott21@miles.biz,Glasgow,MTR0020,Detached,02/01/2024 00:28:48,0.83,0.88,FALSE,0,,FALSE,,
REC006435,CUST020,Joseph Nelson-White,scott21@miles.biz,Glasgow,MTR0020,Detached,02/01/2024 00:57:36,1.2,1.2,FALSE,0,,FALSE,,
REC006436,CUST020,Joseph Nelson-White,scott21@miles.biz,Glasgow,MTR0020,Detached,02/01/2024 01:26:24,0.79,0.82,FALSE,0,,FALSE,,
REC006437,CUST020,Joseph Nelson-White,scott21@miles.biz,Glasgow,MTR0020,Detached,02/01/2024 01:55:12,1.43,1.12,FALSE,0,,FALSE,,
REC006438,CUST020,Joseph Nelson-White,scott21@miles.biz,Glasgow,MTR0020,Detached,02/01/2024 02:24:00,0.76,0.72,FALSE,0,,FALSE,,
REC006439,CUST020,Joseph Nelson-White,scott21@miles.biz,Glasgow,MTR0020,Detached,02/01/2024 03:07:12,0.53,0.54,FALSE,0,,FALSE,,
REC006440,CUST020,Joseph Nelson-White,scott21@miles.biz,Glasgow,MTR0020,Detached,02/01/2024 03:36:00,0.29,0.35,FALSE,0,,FALSE,,
REC006441,CUST020,Joseph Nelson-White,scott21@miles.biz,Glasgow,MTR0020,Detached,02/01/2024 04:04:48,0.83,0.8,FALSE,0,,FALSE,,
REC006442,CUST020,Joseph Nelson-White,scott21@miles.biz,Glasgow,MTR0020,Detached,02/01/2024 04:33:36,0.23,0.42,FALSE,0,,FALSE,,
REC006443,CUST020,Joseph Nelson-White,scott21@miles.biz,Glasgow,MTR0020,Detached,02/01/2024 05:02:24,1.25,1.14,FALSE,0,,FALSE,,
REC006444,CUST020,Joseph Nelson-White,scott21@miles.biz,Glasgow,MTR0020,Detached,02/01/2024 05:31:12,0.23,0.39,FALSE,0,,FALSE,,
REC006445,CUST020,Joseph Nelson-White,scott21@miles.biz,Glasgow,MTR0020,Detached,02/01/2024 06:00:00,0.65,0.62,FALSE,0,,FALSE,,
REC006446,CUST020,Joseph Nelson-White,scott21@miles.biz,Glasgow,MTR0020,Detached,02/01/2024 06:28:48,1.05,1.07,FALSE,0,,FALSE,,
REC006447,CUST020,Joseph Nelson-White,scott21@miles.biz,Glasgow,MTR0020,Detached,02/01/2024 06:57:36,0.9,0.82,FALSE,0,,FALSE,,
REC006448,CUST020,Joseph Nelson-White,scott21@miles.biz,Glasgow,MTR0020,Detached,02/01/2024 07:26:24,1.14,1.14,FALSE,0,,FALSE,,
REC006449,CUST020,Joseph Nelson-White,scott21@miles.biz,Glasgow,MTR0020,Detached,02/01/2024 07:55:12,1.22,1.17,FALSE,0,,FALSE,,
REC006450,CUST020,Joseph Nelson-White,scott21@miles.biz,Glasgow,MTR0020,Detached,02/01/2024 08:24:00,0.52,0.32,TRUE,62.5,Heater malfunction,TRUE,1/2/2024 08:37,TRUE
REC006451,CUST020,Joseph Nelson-White,scott21@miles.biz,Glasgow,MTR0020,Detached,02/01/2024 09:07:12,0.44,0.36,FALSE,0,,FALSE,,
REC006452,CUST020,Joseph Nelson-White,scott21@miles.biz,Glasgow,MTR0020,Detached,02/01/2024 09:36:00,0.8,0.83,FALSE,0,,FALSE,,
REC006453,CUST020,Joseph Nelson-White,scott21@miles.biz,Glasgow,MTR0020,Detached,02/01/2024 10:04:48,0.93,1.03,FALSE,0,,FALSE,,
REC006454,CUST020,Joseph Nelson-White,scott21@miles.biz,Glasgow,MTR0020,Detached,02/01/2024 10:33:36,0.67,0.69,FALSE,0,,FALSE,,
REC006455,CUST020,Joseph Nelson-White,scott21@miles.biz,Glasgow,MTR0020,Detached,02/01/2024 11:02:24,0.62,0.71,FALSE,0,,FALSE,,
REC006456,CUST020,Joseph Nelson-White,scott21@miles.biz,Glasgow,MTR0020,Detached,02/01/2024 11:31:12,1.2,1.19,FALSE,0,,FALSE,,
REC006457,CUST020,Joseph Nelson-White,scott21@miles.biz,Glasgow,MTR0020,Detached,02/01/2024 12:00:00,0.53,0.52,FALSE,0,,FALSE,,
REC006458,CUST020,Joseph Nelson-White,scott21@miles.biz,Glasgow,MTR0020,Detached,02/01/2024 12:28:48,0.64,0.78,FALSE,0,,FALSE,,
REC006459,CUST020,Joseph Nelson-White,scott21@miles.biz,Glasgow,MTR0020,Detached,02/01/2024 12:57:36,0.71,0.7,FALSE,0,,FALSE,,
REC006460,CUST020,Joseph Nelson-White,scott21@miles.biz,Glasgow,MTR0020,Detached,02/01/2024 13:26:24,1.01,0.85,FALSE,0,,FALSE,,
REC006461,CUST020,Joseph Nelson-White,scott21@miles.biz,Glasgow,MTR0020,Detached,02/01/2024 13:55:12,0.96,0.95,FALSE,0,,FALSE,,
REC006462,CUST020,Joseph Nelson-White,scott21@miles.biz,Glasgow,MTR0020,Detached,02/01/2024 14:24:00,1.06,1.1,FALSE,0,,FALSE,,
REC006463,CUST020,Joseph Nelson-White,scott21@miles.biz,Glasgow,MTR0020,Detached,02/01/2024 15:07:12,0.39,0.32,FALSE,0,,FALSE,,
REC006464,CUST020,Joseph Nelson-White,scott21@miles.biz,Glasgow,MTR0020,Detached,02/01/2024 15:36:00,0.6,0.62,FALSE,0,,FALSE,,
REC006465,CUST020,Joseph Nelson-White,scott21@miles.biz,Glasgow,MTR0020,Detached,02/01/2024 16:04:48,0.7,0.71,FALSE,0,,FALSE,,
REC006466,CUST020,Joseph Nelson-White,scott21@miles.biz,Glasgow,MTR0020,Detached,02/01/2024 16:33:36,0.87,0.76,FALSE,0,,FALSE,,
REC006467,CUST020,Joseph Nelson-White,scott21@miles.biz,Glasgow,MTR0020,Detached,02/01/2024 17:02:24,0.96,1.05,FALSE,0,,FALSE,,
REC006468,CUST020,Joseph Nelson-White,scott21@miles.biz,Glasgow,MTR0020,Detached,02/01/2024 17:31:12,0.41,0.32,FALSE,0,,FALSE,,
REC006469,CUST020,Joseph Nelson-White,scott21@miles.biz,Glasgow,MTR0020,Detached,02/01/2024 18:00:00,0.58,0.73,FALSE,0,,FALSE,,
REC006470,CUST020,Joseph Nelson-White,scott21@miles.biz,Glasgow,MTR0020,Detached,02/01/2024 18:28:48,1.21,1,FALSE,0,,FALSE,,
REC006471,CUST020,Joseph Nelson-White,scott21@miles.biz,Glasgow,MTR0020,Detached,02/01/2024 18:57:36,0.88,0.97,FALSE,0,,FALSE,,
REC006472,CUST020,Joseph Nelson-White,scott21@miles.biz,Glasgow,MTR0020,Detached,02/01/2024 19:26:24,1.14,1.13,FALSE,0,,FALSE,,
REC006473,CUST020,Joseph Nelson-White,scott21@miles.biz,Glasgow,MTR0020,Detached,02/01/2024 19:55:12,0.85,0.71,FALSE,0,,FALSE,,
REC006474,CUST020,Joseph Nelson-White,scott21@miles.biz,Glasgow,MTR0020,Detached,02/01/2024 20:24:00,0.77,0.91,FALSE,0,,FALSE,,
REC006475,CUST020,Joseph Nelson-White,scott21@miles.biz,Glasgow,MTR0020,Detached,02/01/2024 21:07:12,0.44,0.49,FALSE,0,,FALSE,,
REC006476,CUST020,Joseph Nelson-White,scott21@miles.biz,Glasgow,MTR0020,Detached,02/01/2024 21:36:00,0.55,0.47,FALSE,0,,FALSE,,
REC006477,CUST020,Joseph Nelson-White,scott21@miles.biz,Glasgow,MTR0020,Detached,02/01/2024 22:04:48,0.49,0.67,FALSE,0,,FALSE,,
REC006478,CUST020,Joseph Nelson-White,scott21@miles.biz,Glasgow,MTR0020,Detached,02/01/2024 22:33:36,1.1,1.05,FALSE,0,,FALSE,,
REC006479,CUST020,Joseph Nelson-White,scott21@miles.biz,Glasgow,MTR0020,Detached,02/01/2024 23:02:24,0.93,0.9,FALSE,0,,FALSE,,
REC006480,CUST020,Joseph Nelson-White,scott21@miles.biz,Glasgow,MTR0020,Detached,02/01/2024 23:31:12,0.14,0.52,FALSE,0,,FALSE,,
REC006481,CUST020,Joseph Nelson-White,scott21@miles.biz,Glasgow,MTR0020,Detached,03/01/2024 00:00:00,0.64,0.83,FALSE,0,,FALSE,,
REC006482,CUST020,Joseph Nelson-White,scott21@miles.biz,Glasgow,MTR0020,Detached,03/01/2024 00:28:48,0.43,0.63,FALSE,0,,FALSE,,
REC006483,CUST020,Joseph Nelson-White,scott21@miles.biz,Glasgow,MTR0020,Detached,03/01/2024 00:57:36,0.11,0.32,FALSE,0,,FALSE,,
REC006484,CUST020,Joseph Nelson-White,scott21@miles.biz,Glasgow,MTR0020,Detached,03/01/2024 01:26:24,0.33,0.3,FALSE,0,,FALSE,,
REC006485,CUST020,Joseph Nelson-White,scott21@miles.biz,Glasgow,MTR0020,Detached,03/01/2024 01:55:12,0.51,0.58,FALSE,0,,FALSE,,
REC006486,CUST020,Joseph Nelson-White,scott21@miles.biz,Glasgow,MTR0020,Detached,03/01/2024 02:24:00,0.27,0.42,FALSE,0,,FALSE,,
REC006487,CUST020,Joseph Nelson-White,scott21@miles.biz,Glasgow,MTR0020,Detached,03/01/2024 03:07:12,0.86,0.76,FALSE,0,,FALSE,,
REC006488,CUST020,Joseph Nelson-White,scott21@miles.biz,Glasgow,MTR0020,Detached,03/01/2024 03:36:00,1.17,1.02,FALSE,0,,FALSE,,
REC006489,CUST020,Joseph Nelson-White,scott21@miles.biz,Glasgow,MTR0020,Detached,03/01/2024 04:04:48,0.85,0.71,FALSE,0,,FALSE,,
REC006490,CUST020,Joseph Nelson-White,scott21@miles.biz,Glasgow,MTR0020,Detached,03/01/2024 04:33:36,0.69,0.68,FALSE,0,,FALSE,,
REC006491,CUST020,Joseph Nelson-White,scott21@miles.biz,Glasgow,MTR0020,Detached,03/01/2024 05:02:24,0.73,0.93,FALSE,0,,FALSE,,
REC006492,CUST020,Joseph Nelson-White,scott21@miles.biz,Glasgow,MTR0020,Detached,03/01/2024 05:31:12,0.82,0.98,FALSE,0,,FALSE,,
REC006493,CUST020,Joseph Nelson-White,scott21@miles.biz,Glasgow,MTR0020,Detached,03/01/2024 06:00:00,0.34,0.46,FALSE,0,,FALSE,,
REC006494,CUST020,Joseph Nelson-White,scott21@miles.biz,Glasgow,MTR0020,Detached,03/01/2024 06:28:48,0.55,0.62,FALSE,0,,FALSE,,
REC006495,CUST020,Joseph Nelson-White,scott21@miles.biz,Glasgow,MTR0020,Detached,03/01/2024 06:57:36,0.64,0.51,FALSE,0,,FALSE,,
REC006496,CUST020,Joseph Nelson-White,scott21@miles.biz,Glasgow,MTR0020,Detached,03/01/2024 07:26:24,1.05,1.01,FALSE,0,,FALSE,,
REC006497,CUST020,Joseph Nelson-White,scott21@miles.biz,Glasgow,MTR0020,Detached,03/01/2024 07:55:12,0.63,0.63,FALSE,0,,FALSE,,
REC006498,CUST020,Joseph Nelson-White,scott21@miles.biz,Glasgow,MTR0020,Detached,03/01/2024 08:24:00,0.67,0.66,FALSE,0,,FALSE,,
REC006499,CUST020,Joseph Nelson-White,scott21@miles.biz,Glasgow,MTR0020,Detached,03/01/2024 09:07:12,1.14,1.05,FALSE,0,,FALSE,,
REC006500,CUST020,Joseph Nelson-White,scott21@miles.biz,Glasgow,MTR0020,Detached,03/01/2024 09:36:00,0.56,0.48,FALSE,0,,FALSE,,
REC006501,CUST020,Joseph Nelson-White,scott21@miles.biz,Glasgow,MTR0020,Detached,03/01/2024 10:04:48,0.72,0.72,FALSE,0,,FALSE,,
REC006502,CUST020,Joseph Nelson-White,scott21@miles.biz,Glasgow,MTR0020,Detached,03/01/2024 10:33:36,1.03,0.92,FALSE,0,,FALSE,,
REC006503,CUST020,Joseph Nelson-White,scott21@miles.biz,Glasgow,MTR0020,Detached,03/01/2024 11:02:24,0.78,0.83,FALSE,0,,FALSE,,
REC006504,CUST020,Joseph Nelson-White,scott21@miles.biz,Glasgow,MTR0020,Detached,03/01/2024 11:31:12,0.9,0.82,FALSE,0,,FALSE,,
REC006505,CUST020,Joseph Nelson-White,scott21@miles.biz,Glasgow,MTR0020,Detached,03/01/2024 12:00:00,0.52,0.41,FALSE,0,,FALSE,,
REC006506,CUST020,Joseph Nelson-White,scott21@miles.biz,Glasgow,MTR0020,Detached,03/01/2024 12:28:48,0.43,0.34,FALSE,0,,FALSE,,
REC006507,CUST020,Joseph Nelson-White,scott21@miles.biz,Glasgow,MTR0020,Detached,03/01/2024 12:57:36,0.81,0.91,FALSE,0,,FALSE,,
REC006508,CUST020,Joseph Nelson-White,scott21@miles.biz,Glasgow,MTR0020,Detached,03/01/2024 13:26:24,0.66,0.68,FALSE,0,,FALSE,,
REC006509,CUST020,Joseph Nelson-White,scott21@miles.biz,Glasgow,MTR0020,Detached,03/01/2024 13:55:12,0.29,0.47,FALSE,0,,FALSE,,
REC006510,CUST020,Joseph Nelson-White,scott21@miles.biz,Glasgow,MTR0020,Detached,03/01/2024 14:24:00,0.83,0.96,FALSE,0,,FALSE,,
REC006511,CUST020,Joseph Nelson-White,scott21@miles.biz,Glasgow,MTR0020,Detached,03/01/2024 15:07:12,0.97,1,FALSE,0,,FALSE,,
REC006512,CUST020,Joseph Nelson-White,scott21@miles.biz,Glasgow,MTR0020,Detached,03/01/2024 15:36:00,1.15,1.14,FALSE,0,,FALSE,,
REC006513,CUST020,Joseph Nelson-White,scott21@miles.biz,Glasgow,MTR0020,Detached,03/01/2024 16:04:48,0.96,0.92,FALSE,0,,FALSE,,
REC006514,CUST020,Joseph Nelson-White,scott21@miles.biz,Glasgow,MTR0020,Detached,03/01/2024 16:33:36,0.59,0.72,FALSE,0,,FALSE,,
REC006515,CUST020,Joseph Nelson-White,scott21@miles.biz,Glasgow,MTR0020,Detached,03/01/2024 17:02:24,0.66,0.68,FALSE,0,,FALSE,,
REC006516,CUST020,Joseph Nelson-White,scott21@miles.biz,Glasgow,MTR0020,Detached,03/01/2024 17:31:12,0.47,0.37,FALSE,0,,FALSE,,
REC006517,CUST020,Joseph Nelson-White,scott21@miles.biz,Glasgow,MTR0020,Detached,03/01/2024 18:00:00,1.17,1.15,FALSE,0,,FALSE,,
REC006518,CUST020,Joseph Nelson-White,scott21@miles.biz,Glasgow,MTR0020,Detached,03/01/2024 18:28:48,0.77,0.72,FALSE,0,,FALSE,,
REC006519,CUST020,Joseph Nelson-White,scott21@miles.biz,Glasgow,MTR0020,Detached,03/01/2024 18:57:36,0.39,0.38,FALSE,0,,FALSE,,
REC006520,CUST020,Joseph Nelson-White,scott21@miles.biz,Glasgow,MTR0020,Detached,03/01/2024 19:26:24,0.36,0.44,FALSE,0,,FALSE,,
REC006521,CUST020,Joseph Nelson-White,scott21@miles.biz,Glasgow,MTR0020,Detached,03/01/2024 19:55:12,0.2,0.31,FALSE,0,,FALSE,,
REC006522,CUST020,Joseph Nelson-White,scott21@miles.biz,Glasgow,MTR0020,Detached,03/01/2024 20:24:00,0.42,0.44,FALSE,0,,FALSE,,
REC006523,CUST020,Joseph Nelson-White,scott21@miles.biz,Glasgow,MTR0020,Detached,03/01/2024 21:07:12,0.44,0.37,FALSE,0,,FALSE,,
REC006524,CUST020,Joseph Nelson-White,scott21@miles.biz,Glasgow,MTR0020,Detached,03/01/2024 21:36:00,0.94,1.03,FALSE,0,,FALSE,,
REC006525,CUST020,Joseph Nelson-White,scott21@miles.biz,Glasgow,MTR0020,Detached,03/01/2024 22:04:48,0.66,0.71,FALSE,0,,FALSE,,
REC006526,CUST020,Joseph Nelson-White,scott21@miles.biz,Glasgow,MTR0020,Detached,03/01/2024 22:33:36,0.36,0.36,FALSE,0,,FALSE,,
REC006527,CUST020,Joseph Nelson-White,scott21@miles.biz,Glasgow,MTR0020,Detached,03/01/2024 23:02:24,0.7,0.53,FALSE,0,,FALSE,,
REC006528,CUST020,Joseph Nelson-White,scott21@miles.biz,Glasgow,MTR0020,Detached,03/01/2024 23:31:12,0.87,0.84,FALSE,0,,FALSE,,
REC006529,CUST020,Joseph Nelson-White,scott21@miles.biz,Glasgow,MTR0020,Detached,04/01/2024 00:00:00,0.68,0.65,FALSE,0,,FALSE,,
REC006530,CUST020,Joseph Nelson-White,scott21@miles.biz,Glasgow,MTR0020,Detached,04/01/2024 00:28:48,0.59,0.63,FALSE,0,,FALSE,,
REC006531,CUST020,Joseph Nelson-White,scott21@miles.biz,Glasgow,MTR0020,Detached,04/01/2024 00:57:36,1.13,0.96,FALSE,0,,FALSE,,
REC006532,CUST020,Joseph Nelson-White,scott21@miles.biz,Glasgow,MTR0020,Detached,04/01/2024 01:26:24,1.13,1.12,FALSE,0,,FALSE,,
REC006533,CUST020,Joseph Nelson-White,scott21@miles.biz,Glasgow,MTR0020,Detached,04/01/2024 01:55:12,1.23,1.13,FALSE,0,,FALSE,,
REC006534,CUST020,Joseph Nelson-White,scott21@miles.biz,Glasgow,MTR0020,Detached,04/01/2024 02:24:00,0.85,0.54,TRUE,57.41,Schedule change,TRUE,1/4/2024 02:45,TRUE
REC006535,CUST020,Joseph Nelson-White,scott21@miles.biz,Glasgow,MTR0020,Detached,04/01/2024 03:07:12,1.03,1.14,FALSE,0,,FALSE,,
REC006536,CUST020,Joseph Nelson-White,scott21@miles.biz,Glasgow,MTR0020,Detached,04/01/2024 03:36:00,0.68,0.69,FALSE,0,,FALSE,,
REC006537,CUST020,Joseph Nelson-White,scott21@miles.biz,Glasgow,MTR0020,Detached,04/01/2024 04:04:48,0.7,0.41,TRUE,70.73,Guest visit,TRUE,1/4/2024 04:26,FALSE
REC006538,CUST020,Joseph Nelson-White,scott21@miles.biz,Glasgow,MTR0020,Detached,04/01/2024 04:33:36,0.61,0.6,FALSE,0,,FALSE,,
REC006539,CUST020,Joseph Nelson-White,scott21@miles.biz,Glasgow,MTR0020,Detached,04/01/2024 05:02:24,0.32,0.36,FALSE,0,,FALSE,,
REC006540,CUST020,Joseph Nelson-White,scott21@miles.biz,Glasgow,MTR0020,Detached,04/01/2024 05:31:12,1.08,0.98,FALSE,0,,FALSE,,
REC006541,CUST020,Joseph Nelson-White,scott21@miles.biz,Glasgow,MTR0020,Detached,04/01/2024 06:00:00,0.71,0.74,FALSE,0,,FALSE,,
REC006542,CUST020,Joseph Nelson-White,scott21@miles.biz,Glasgow,MTR0020,Detached,04/01/2024 06:28:48,0.58,0.61,FALSE,0,,FALSE,,
REC006543,CUST020,Joseph Nelson-White,scott21@miles.biz,Glasgow,MTR0020,Detached,04/01/2024 06:57:36,0.25,0.42,FALSE,0,,FALSE,,
REC006544,CUST020,Joseph Nelson-White,scott21@miles.biz,Glasgow,MTR0020,Detached,04/01/2024 07:26:24,0.36,0.57,FALSE,0,,FALSE,,
REC006545,CUST020,Joseph Nelson-White,scott21@miles.biz,Glasgow,MTR0020,Detached,04/01/2024 07:55:12,0.85,0.81,FALSE,0,,FALSE,,
REC006546,CUST020,Joseph Nelson-White,scott21@miles.biz,Glasgow,MTR0020,Detached,04/01/2024 08:24:00,0.55,0.6,FALSE,0,,FALSE,,
REC006547,CUST020,Joseph Nelson-White,scott21@miles.biz,Glasgow,MTR0020,Detached,04/01/2024 09:07:12,0.89,0.83,FALSE,0,,FALSE,,
REC006548,CUST020,Joseph Nelson-White,scott21@miles.biz,Glasgow,MTR0020,Detached,04/01/2024 09:36:00,1.08,1.05,FALSE,0,,FALSE,,
REC006549,CUST020,Joseph Nelson-White,scott21@miles.biz,Glasgow,MTR0020,Detached,04/01/2024 10:04:48,0.86,0.85,FALSE,0,,FALSE,,
REC006550,CUST020,Joseph Nelson-White,scott21@miles.biz,Glasgow,MTR0020,Detached,04/01/2024 10:33:36,0.75,0.99,FALSE,0,,FALSE,,
REC006551,CUST020,Joseph Nelson-White,scott21@miles.biz,Glasgow,MTR0020,Detached,04/01/2024 11:02:24,1.07,1.09,FALSE,0,,FALSE,,
REC006552,CUST020,Joseph Nelson-White,scott21@miles.biz,Glasgow,MTR0020,Detached,04/01/2024 11:31:12,0.92,1,FALSE,0,,FALSE,,
REC006553,CUST020,Joseph Nelson-White,scott21@miles.biz,Glasgow,MTR0020,Detached,04/01/2024 12:00:00,0.6,0.69,FALSE,0,,FALSE,,
REC006554,CUST020,Joseph Nelson-White,scott21@miles.biz,Glasgow,MTR0020,Detached,04/01/2024 12:28:48,0.67,0.84,FALSE,0,,FALSE,,
REC006555,CUST020,Joseph Nelson-White,scott21@miles.biz,Glasgow,MTR0020,Detached,04/01/2024 12:57:36,1.05,1.2,FALSE,0,,FALSE,,
REC006556,CUST020,Joseph Nelson-White,scott21@miles.biz,Glasgow,MTR0020,Detached,04/01/2024 13:26:24,0.45,0.45,FALSE,0,,FALSE,,
REC006557,CUST020,Joseph Nelson-White,scott21@miles.biz,Glasgow,MTR0020,Detached,04/01/2024 13:55:12,0.51,0.34,TRUE,50,Heater malfunction,TRUE,1/4/2024 14:22,TRUE
REC006558,CUST020,Joseph Nelson-White,scott21@miles.biz,Glasgow,MTR0020,Detached,04/01/2024 14:24:00,0.7,0.48,TRUE,45.83,Schedule change,TRUE,1/4/2024 14:55,TRUE
REC006559,CUST020,Joseph Nelson-White,scott21@miles.biz,Glasgow,MTR0020,Detached,04/01/2024 15:07:12,0.84,0.93,FALSE,0,,FALSE,,
REC006560,CUST020,Joseph Nelson-White,scott21@miles.biz,Glasgow,MTR0020,Detached,04/01/2024 15:36:00,0.7,0.61,FALSE,0,,FALSE,,
REC006561,CUST020,Joseph Nelson-White,scott21@miles.biz,Glasgow,MTR0020,Detached,04/01/2024 16:04:48,1.32,1.19,FALSE,0,,FALSE,,
REC006562,CUST020,Joseph Nelson-White,scott21@miles.biz,Glasgow,MTR0020,Detached,04/01/2024 16:33:36,0.65,0.71,FALSE,0,,FALSE,,
REC006563,CUST020,Joseph Nelson-White,scott21@miles.biz,Glasgow,MTR0020,Detached,04/01/2024 17:02:24,1.08,1.01,FALSE,0,,FALSE,,
REC006564,CUST020,Joseph Nelson-White,scott21@miles.biz,Glasgow,MTR0020,Detached,04/01/2024 17:31:12,1.18,1.07,FALSE,0,,FALSE,,
REC006565,CUST020,Joseph Nelson-White,scott21@miles.biz,Glasgow,MTR0020,Detached,04/01/2024 18:00:00,1,1.15,FALSE,0,,FALSE,,
REC006566,CUST020,Joseph Nelson-White,scott21@miles.biz,Glasgow,MTR0020,Detached,04/01/2024 18:28:48,0.71,0.66,FALSE,0,,FALSE,,
REC006567,CUST020,Joseph Nelson-White,scott21@miles.biz,Glasgow,MTR0020,Detached,04/01/2024 18:57:36,0.87,0.98,FALSE,0,,FALSE,,
REC006568,CUST020,Joseph Nelson-White,scott21@miles.biz,Glasgow,MTR0020,Detached,04/01/2024 19:26:24,0.4,0.35,FALSE,0,,FALSE,,
REC006569,CUST020,Joseph Nelson-White,scott21@miles.biz,Glasgow,MTR0020,Detached,04/01/2024 19:55:12,0.91,0.91,FALSE,0,,FALSE,,
REC006570,CUST020,Joseph Nelson-White,scott21@miles.biz,Glasgow,MTR0020,Detached,04/01/2024 20:24:00,0.8,0.97,FALSE,0,,FALSE,,
REC006571,CUST020,Joseph Nelson-White,scott21@miles.biz,Glasgow,MTR0020,Detached,04/01/2024 21:07:12,0.74,0.81,FALSE,0,,FALSE,,
REC006572,CUST020,Joseph Nelson-White,scott21@miles.biz,Glasgow,MTR0020,Detached,04/01/2024 21:36:00,0.73,0.81,FALSE,0,,FALSE,,
REC006573,CUST020,Joseph Nelson-White,scott21@miles.biz,Glasgow,MTR0020,Detached,04/01/2024 22:04:48,0.86,0.75,FALSE,0,,FALSE,,
REC006574,CUST020,Joseph Nelson-White,scott21@miles.biz,Glasgow,MTR0020,Detached,04/01/2024 22:33:36,1.05,1.06,FALSE,0,,FALSE,,
REC006575,CUST020,Joseph Nelson-White,scott21@miles.biz,Glasgow,MTR0020,Detached,04/01/2024 23:02:24,0.67,0.76,FALSE,0,,FALSE,,
REC006576,CUST020,Joseph Nelson-White,scott21@miles.biz,Glasgow,MTR0020,Detached,04/01/2024 23:31:12,0.98,0.92,FALSE,0,,FALSE,,
REC006577,CUST020,Joseph Nelson-White,scott21@miles.biz,Glasgow,MTR0020,Detached,05/01/2024 00:00:00,0.52,0.55,FALSE,0,,FALSE,,
REC006578,CUST020,Joseph Nelson-White,scott21@miles.biz,Glasgow,MTR0020,Detached,05/01/2024 00:28:48,1.11,1.09,FALSE,0,,FALSE,,
REC006579,CUST020,Joseph Nelson-White,scott21@miles.biz,Glasgow,MTR0020,Detached,05/01/2024 00:57:36,0.55,0.57,FALSE,0,,FALSE,,
REC006580,CUST020,Joseph Nelson-White,scott21@miles.biz,Glasgow,MTR0020,Detached,05/01/2024 01:26:24,0.85,0.63,FALSE,0,,FALSE,,
REC006581,CUST020,Joseph Nelson-White,scott21@miles.biz,Glasgow,MTR0020,Detached,05/01/2024 01:55:12,0.9,0.88,FALSE,0,,FALSE,,
REC006582,CUST020,Joseph Nelson-White,scott21@miles.biz,Glasgow,MTR0020,Detached,05/01/2024 02:24:00,1.1,1.03,FALSE,0,,FALSE,,
REC006583,CUST020,Joseph Nelson-White,scott21@miles.biz,Glasgow,MTR0020,Detached,05/01/2024 03:07:12,0.76,0.65,FALSE,0,,FALSE,,
REC006584,CUST020,Joseph Nelson-White,scott21@miles.biz,Glasgow,MTR0020,Detached,05/01/2024 03:36:00,0.66,0.67,FALSE,0,,FALSE,,
REC006585,CUST020,Joseph Nelson-White,scott21@miles.biz,Glasgow,MTR0020,Detached,05/01/2024 04:04:48,0.92,0.78,FALSE,0,,FALSE,,
REC006586,CUST020,Joseph Nelson-White,scott21@miles.biz,Glasgow,MTR0020,Detached,05/01/2024 04:33:36,0.91,0.82,FALSE,0,,FALSE,,
REC006587,CUST020,Joseph Nelson-White,scott21@miles.biz,Glasgow,MTR0020,Detached,05/01/2024 05:02:24,0.23,0.43,FALSE,0,,FALSE,,
REC006588,CUST020,Joseph Nelson-White,scott21@miles.biz,Glasgow,MTR0020,Detached,05/01/2024 05:31:12,0.67,0.75,FALSE,0,,FALSE,,
REC006589,CUST020,Joseph Nelson-White,scott21@miles.biz,Glasgow,MTR0020,Detached,05/01/2024 06:00:00,1.07,1.08,FALSE,0,,FALSE,,
REC006590,CUST020,Joseph Nelson-White,scott21@miles.biz,Glasgow,MTR0020,Detached,05/01/2024 06:28:48,1.1,1.1,FALSE,0,,FALSE,,
REC006591,CUST020,Joseph Nelson-White,scott21@miles.biz,Glasgow,MTR0020,Detached,05/01/2024 06:57:36,0.66,0.72,FALSE,0,,FALSE,,
REC006592,CUST020,Joseph Nelson-White,scott21@miles.biz,Glasgow,MTR0020,Detached,05/01/2024 07:26:24,0.94,0.9,FALSE,0,,FALSE,,
REC006593,CUST020,Joseph Nelson-White,scott21@miles.biz,Glasgow,MTR0020,Detached,05/01/2024 07:55:12,0.48,0.51,FALSE,0,,FALSE,,
REC006594,CUST020,Joseph Nelson-White,scott21@miles.biz,Glasgow,MTR0020,Detached,05/01/2024 08:24:00,0.44,0.44,FALSE,0,,FALSE,,
REC006595,CUST020,Joseph Nelson-White,scott21@miles.biz,Glasgow,MTR0020,Detached,05/01/2024 09:07:12,0.34,0.38,FALSE,0,,FALSE,,
REC006596,CUST020,Joseph Nelson-White,scott21@miles.biz,Glasgow,MTR0020,Detached,05/01/2024 09:36:00,0.9,0.92,FALSE,0,,FALSE,,
REC006597,CUST020,Joseph Nelson-White,scott21@miles.biz,Glasgow,MTR0020,Detached,05/01/2024 10:04:48,0.23,0.33,FALSE,0,,FALSE,,
REC006093,CUST019,Abigail Jordan,gregory35@yahoo.com,London,MTR0019,Detached,01/01/2024 22:04:48,0.59,0.48,FALSE,0,,FALSE,,
REC006598,CUST020,Joseph Nelson-White,scott21@miles.biz,Glasgow,MTR0020,Detached,05/01/2024 10:33:36,1.18,1.15,FALSE,0,,FALSE,,
REC006599,CUST020,Joseph Nelson-White,scott21@miles.biz,Glasgow,MTR0020,Detached,05/01/2024 11:02:24,1.2,1.14,FALSE,0,,FALSE,,
REC006600,CUST020,Joseph Nelson-White,scott21@miles.biz,Glasgow,MTR0020,Detached,05/01/2024 11:31:12,0.2,0.33,FALSE,0,,FALSE,,
REC006601,CUST020,Joseph Nelson-White,scott21@miles.biz,Glasgow,MTR0020,Detached,05/01/2024 12:00:00,1.08,1.14,FALSE,0,,FALSE,,
REC006602,CUST020,Joseph Nelson-White,scott21@miles.biz,Glasgow,MTR0020,Detached,05/01/2024 12:28:48,0.61,0.61,FALSE,0,,FALSE,,
REC006603,CUST020,Joseph Nelson-White,scott21@miles.biz,Glasgow,MTR0020,Detached,05/01/2024 12:57:36,0.53,0.37,TRUE,43.24,Schedule change,TRUE,1/5/2024 13:07,TRUE
REC006604,CUST020,Joseph Nelson-White,scott21@miles.biz,Glasgow,MTR0020,Detached,05/01/2024 13:26:24,0.62,0.72,FALSE,0,,FALSE,,
REC006605,CUST020,Joseph Nelson-White,scott21@miles.biz,Glasgow,MTR0020,Detached,05/01/2024 13:55:12,0.62,0.65,FALSE,0,,FALSE,,
REC006606,CUST020,Joseph Nelson-White,scott21@miles.biz,Glasgow,MTR0020,Detached,05/01/2024 14:24:00,0.34,0.39,FALSE,0,,FALSE,,
REC006607,CUST020,Joseph Nelson-White,scott21@miles.biz,Glasgow,MTR0020,Detached,05/01/2024 15:07:12,1.06,1.03,FALSE,0,,FALSE,,
REC006608,CUST020,Joseph Nelson-White,scott21@miles.biz,Glasgow,MTR0020,Detached,05/01/2024 15:36:00,0.51,0.61,FALSE,0,,FALSE,,
REC006609,CUST020,Joseph Nelson-White,scott21@miles.biz,Glasgow,MTR0020,Detached,05/01/2024 16:04:48,0.43,0.5,FALSE,0,,FALSE,,
REC006610,CUST020,Joseph Nelson-White,scott21@miles.biz,Glasgow,MTR0020,Detached,05/01/2024 16:33:36,0.87,0.66,FALSE,0,,FALSE,,
REC006611,CUST020,Joseph Nelson-White,scott21@miles.biz,Glasgow,MTR0020,Detached,05/01/2024 17:02:24,0.64,0.83,FALSE,0,,FALSE,,
REC006612,CUST020,Joseph Nelson-White,scott21@miles.biz,Glasgow,MTR0020,Detached,05/01/2024 17:31:12,0.79,0.8,FALSE,0,,FALSE,,
REC006613,CUST020,Joseph Nelson-White,scott21@miles.biz,Glasgow,MTR0020,Detached,05/01/2024 18:00:00,0.9,0.9,FALSE,0,,FALSE,,
REC006614,CUST020,Joseph Nelson-White,scott21@miles.biz,Glasgow,MTR0020,Detached,05/01/2024 18:28:48,0.3,0.35,FALSE,0,,FALSE,,
REC006615,CUST020,Joseph Nelson-White,scott21@miles.biz,Glasgow,MTR0020,Detached,05/01/2024 18:57:36,0.58,0.47,FALSE,0,,FALSE,,
REC006616,CUST020,Joseph Nelson-White,scott21@miles.biz,Glasgow,MTR0020,Detached,05/01/2024 19:26:24,1.11,1.09,FALSE,0,,FALSE,,
REC006617,CUST020,Joseph Nelson-White,scott21@miles.biz,Glasgow,MTR0020,Detached,05/01/2024 19:55:12,0.53,0.36,TRUE,47.22,Heater malfunction,TRUE,1/5/2024 20:16,TRUE
REC006618,CUST020,Joseph Nelson-White,scott21@miles.biz,Glasgow,MTR0020,Detached,05/01/2024 20:24:00,0.26,0.43,FALSE,0,,FALSE,,
REC006619,CUST020,Joseph Nelson-White,scott21@miles.biz,Glasgow,MTR0020,Detached,05/01/2024 21:07:12,1.03,0.99,FALSE,0,,FALSE,,
REC006620,CUST020,Joseph Nelson-White,scott21@miles.biz,Glasgow,MTR0020,Detached,05/01/2024 21:36:00,0.34,0.31,FALSE,0,,FALSE,,
REC006621,CUST020,Joseph Nelson-White,scott21@miles.biz,Glasgow,MTR0020,Detached,05/01/2024 22:04:48,0.55,0.5,FALSE,0,,FALSE,,
REC006622,CUST020,Joseph Nelson-White,scott21@miles.biz,Glasgow,MTR0020,Detached,05/01/2024 22:33:36,1.2,1.1,FALSE,0,,FALSE,,
REC006623,CUST020,Joseph Nelson-White,scott21@miles.biz,Glasgow,MTR0020,Detached,05/01/2024 23:02:24,0.49,0.35,TRUE,40,Heater malfunction,TRUE,1/5/2024 23:29,TRUE
REC006624,CUST020,Joseph Nelson-White,scott21@miles.biz,Glasgow,MTR0020,Detached,05/01/2024 23:31:12,0.53,0.33,TRUE,60.61,Overnight appliance,TRUE,1/5/2024 23:43,TRUE
REC006625,CUST020,Joseph Nelson-White,scott21@miles.biz,Glasgow,MTR0020,Detached,06/01/2024 00:00:00,0.64,0.76,FALSE,0,,FALSE,,
REC006626,CUST020,Joseph Nelson-White,scott21@miles.biz,Glasgow,MTR0020,Detached,06/01/2024 00:28:48,0.59,0.55,FALSE,0,,FALSE,,
REC006627,CUST020,Joseph Nelson-White,scott21@miles.biz,Glasgow,MTR0020,Detached,06/01/2024 00:57:36,0.99,0.88,FALSE,0,,FALSE,,
REC006628,CUST020,Joseph Nelson-White,scott21@miles.biz,Glasgow,MTR0020,Detached,06/01/2024 01:26:24,0.6,0.61,FALSE,0,,FALSE,,
REC006629,CUST020,Joseph Nelson-White,scott21@miles.biz,Glasgow,MTR0020,Detached,06/01/2024 01:55:12,0.45,0.54,FALSE,0,,FALSE,,
REC006630,CUST020,Joseph Nelson-White,scott21@miles.biz,Glasgow,MTR0020,Detached,06/01/2024 02:24:00,0.95,1.04,FALSE,0,,FALSE,,
REC006631,CUST020,Joseph Nelson-White,scott21@miles.biz,Glasgow,MTR0020,Detached,06/01/2024 03:07:12,1.11,0.94,FALSE,0,,FALSE,,
REC006632,CUST020,Joseph Nelson-White,scott21@miles.biz,Glasgow,MTR0020,Detached,06/01/2024 03:36:00,1.13,1.2,FALSE,0,,FALSE,,
REC006633,CUST020,Joseph Nelson-White,scott21@miles.biz,Glasgow,MTR0020,Detached,06/01/2024 04:04:48,0.97,0.94,FALSE,0,,FALSE,,
REC006634,CUST020,Joseph Nelson-White,scott21@miles.biz,Glasgow,MTR0020,Detached,06/01/2024 04:33:36,1.01,1.07,FALSE,0,,FALSE,,
REC006635,CUST020,Joseph Nelson-White,scott21@miles.biz,Glasgow,MTR0020,Detached,06/01/2024 05:02:24,1.16,1.16,FALSE,0,,FALSE,,
REC006636,CUST020,Joseph Nelson-White,scott21@miles.biz,Glasgow,MTR0020,Detached,06/01/2024 05:31:12,0.76,0.91,FALSE,0,,FALSE,,
REC006637,CUST020,Joseph Nelson-White,scott21@miles.biz,Glasgow,MTR0020,Detached,06/01/2024 06:00:00,0.37,0.52,FALSE,0,,FALSE,,
REC006638,CUST020,Joseph Nelson-White,scott21@miles.biz,Glasgow,MTR0020,Detached,06/01/2024 06:28:48,0.66,0.6,FALSE,0,,FALSE,,
REC006639,CUST020,Joseph Nelson-White,scott21@miles.biz,Glasgow,MTR0020,Detached,06/01/2024 06:57:36,0.45,0.7,FALSE,0,,FALSE,,
REC006640,CUST020,Joseph Nelson-White,scott21@miles.biz,Glasgow,MTR0020,Detached,06/01/2024 07:26:24,0.89,0.74,FALSE,0,,FALSE,,
REC006641,CUST020,Joseph Nelson-White,scott21@miles.biz,Glasgow,MTR0020,Detached,06/01/2024 07:55:12,0.61,0.57,FALSE,0,,FALSE,,
REC006642,CUST020,Joseph Nelson-White,scott21@miles.biz,Glasgow,MTR0020,Detached,06/01/2024 08:24:00,0.88,1.01,FALSE,0,,FALSE,,
REC006643,CUST020,Joseph Nelson-White,scott21@miles.biz,Glasgow,MTR0020,Detached,06/01/2024 09:07:12,0.48,0.45,FALSE,0,,FALSE,,
REC006644,CUST020,Joseph Nelson-White,scott21@miles.biz,Glasgow,MTR0020,Detached,06/01/2024 09:36:00,0.52,0.57,FALSE,0,,FALSE,,
REC006645,CUST020,Joseph Nelson-White,scott21@miles.biz,Glasgow,MTR0020,Detached,06/01/2024 10:04:48,1.06,1.16,FALSE,0,,FALSE,,
REC006646,CUST020,Joseph Nelson-White,scott21@miles.biz,Glasgow,MTR0020,Detached,06/01/2024 10:33:36,0.68,0.56,FALSE,0,,FALSE,,
REC006647,CUST020,Joseph Nelson-White,scott21@miles.biz,Glasgow,MTR0020,Detached,06/01/2024 11:02:24,0.82,0.77,FALSE,0,,FALSE,,
REC006648,CUST020,Joseph Nelson-White,scott21@miles.biz,Glasgow,MTR0020,Detached,06/01/2024 11:31:12,0.7,0.76,FALSE,0,,FALSE,,
REC006649,CUST020,Joseph Nelson-White,scott21@miles.biz,Glasgow,MTR0020,Detached,06/01/2024 12:00:00,0.23,0.31,FALSE,0,,FALSE,,
REC006650,CUST020,Joseph Nelson-White,scott21@miles.biz,Glasgow,MTR0020,Detached,06/01/2024 12:28:48,0.94,0.76,FALSE,0,,FALSE,,
REC006651,CUST020,Joseph Nelson-White,scott21@miles.biz,Glasgow,MTR0020,Detached,06/01/2024 12:57:36,0.53,0.49,FALSE,0,,FALSE,,
REC006652,CUST020,Joseph Nelson-White,scott21@miles.biz,Glasgow,MTR0020,Detached,06/01/2024 13:26:24,0.37,0.37,FALSE,0,,FALSE,,
REC006653,CUST020,Joseph Nelson-White,scott21@miles.biz,Glasgow,MTR0020,Detached,06/01/2024 13:55:12,0.48,0.56,FALSE,0,,FALSE,,
REC006654,CUST020,Joseph Nelson-White,scott21@miles.biz,Glasgow,MTR0020,Detached,06/01/2024 14:24:00,0.56,0.64,FALSE,0,,FALSE,,
REC006655,CUST020,Joseph Nelson-White,scott21@miles.biz,Glasgow,MTR0020,Detached,06/01/2024 15:07:12,1.25,1.04,FALSE,0,,FALSE,,
REC006656,CUST020,Joseph Nelson-White,scott21@miles.biz,Glasgow,MTR0020,Detached,06/01/2024 15:36:00,0.84,0.77,FALSE,0,,FALSE,,
REC006657,CUST020,Joseph Nelson-White,scott21@miles.biz,Glasgow,MTR0020,Detached,06/01/2024 16:04:48,0.68,0.69,FALSE,0,,FALSE,,
REC006658,CUST020,Joseph Nelson-White,scott21@miles.biz,Glasgow,MTR0020,Detached,06/01/2024 16:33:36,0.52,0.66,FALSE,0,,FALSE,,
REC006659,CUST020,Joseph Nelson-White,scott21@miles.biz,Glasgow,MTR0020,Detached,06/01/2024 17:02:24,0.97,1.02,FALSE,0,,FALSE,,
REC006660,CUST020,Joseph Nelson-White,scott21@miles.biz,Glasgow,MTR0020,Detached,06/01/2024 17:31:12,0.42,0.38,FALSE,0,,FALSE,,
REC006661,CUST020,Joseph Nelson-White,scott21@miles.biz,Glasgow,MTR0020,Detached,06/01/2024 18:00:00,1.23,1.12,FALSE,0,,FALSE,,
REC006662,CUST020,Joseph Nelson-White,scott21@miles.biz,Glasgow,MTR0020,Detached,06/01/2024 18:28:48,0.36,0.35,FALSE,0,,FALSE,,
REC006663,CUST020,Joseph Nelson-White,scott21@miles.biz,Glasgow,MTR0020,Detached,06/01/2024 18:57:36,0.88,0.77,FALSE,0,,FALSE,,
REC006664,CUST020,Joseph Nelson-White,scott21@miles.biz,Glasgow,MTR0020,Detached,06/01/2024 19:26:24,0.4,0.39,FALSE,0,,FALSE,,
REC006665,CUST020,Joseph Nelson-White,scott21@miles.biz,Glasgow,MTR0020,Detached,06/01/2024 19:55:12,0.62,0.52,FALSE,0,,FALSE,,
REC006666,CUST020,Joseph Nelson-White,scott21@miles.biz,Glasgow,MTR0020,Detached,06/01/2024 20:24:00,1.11,1.14,FALSE,0,,FALSE,,
REC006667,CUST020,Joseph Nelson-White,scott21@miles.biz,Glasgow,MTR0020,Detached,06/01/2024 21:07:12,1.29,1.19,FALSE,0,,FALSE,,
REC006668,CUST020,Joseph Nelson-White,scott21@miles.biz,Glasgow,MTR0020,Detached,06/01/2024 21:36:00,1.05,1.1,FALSE,0,,FALSE,,
REC006669,CUST020,Joseph Nelson-White,scott21@miles.biz,Glasgow,MTR0020,Detached,06/01/2024 22:04:48,0.54,0.47,FALSE,0,,FALSE,,
REC006670,CUST020,Joseph Nelson-White,scott21@miles.biz,Glasgow,MTR0020,Detached,06/01/2024 22:33:36,0.74,0.72,FALSE,0,,FALSE,,
REC006671,CUST020,Joseph Nelson-White,scott21@miles.biz,Glasgow,MTR0020,Detached,06/01/2024 23:02:24,0.17,0.39,FALSE,0,,FALSE,,
REC006672,CUST020,Joseph Nelson-White,scott21@miles.biz,Glasgow,MTR0020,Detached,06/01/2024 23:31:12,0.75,0.82,FALSE,0,,FALSE,,
REC006673,CUST020,Joseph Nelson-White,scott21@miles.biz,Glasgow,MTR0020,Detached,07/01/2024 00:00:00,0.53,0.69,FALSE,0,,FALSE,,
REC006674,CUST020,Joseph Nelson-White,scott21@miles.biz,Glasgow,MTR0020,Detached,07/01/2024 00:28:48,1.42,1.16,FALSE,0,,FALSE,,
REC006675,CUST020,Joseph Nelson-White,scott21@miles.biz,Glasgow,MTR0020,Detached,07/01/2024 00:57:36,0.49,0.44,FALSE,0,,FALSE,,
REC006676,CUST020,Joseph Nelson-White,scott21@miles.biz,Glasgow,MTR0020,Detached,07/01/2024 01:26:24,0.48,0.53,FALSE,0,,FALSE,,
REC006677,CUST020,Joseph Nelson-White,scott21@miles.biz,Glasgow,MTR0020,Detached,07/01/2024 01:55:12,0.88,1.02,FALSE,0,,FALSE,,
REC006678,CUST020,Joseph Nelson-White,scott21@miles.biz,Glasgow,MTR0020,Detached,07/01/2024 02:24:00,0.99,0.98,FALSE,0,,FALSE,,
REC006679,CUST020,Joseph Nelson-White,scott21@miles.biz,Glasgow,MTR0020,Detached,07/01/2024 03:07:12,0.93,0.88,FALSE,0,,FALSE,,
REC006680,CUST020,Joseph Nelson-White,scott21@miles.biz,Glasgow,MTR0020,Detached,07/01/2024 03:36:00,0.83,0.88,FALSE,0,,FALSE,,
REC006681,CUST020,Joseph Nelson-White,scott21@miles.biz,Glasgow,MTR0020,Detached,07/01/2024 04:04:48,0.93,0.9,FALSE,0,,FALSE,,
REC006682,CUST020,Joseph Nelson-White,scott21@miles.biz,Glasgow,MTR0020,Detached,07/01/2024 04:33:36,0.84,0.72,FALSE,0,,FALSE,,
REC006683,CUST020,Joseph Nelson-White,scott21@miles.biz,Glasgow,MTR0020,Detached,07/01/2024 05:02:24,0.78,0.87,FALSE,0,,FALSE,,
REC006684,CUST020,Joseph Nelson-White,scott21@miles.biz,Glasgow,MTR0020,Detached,07/01/2024 05:31:12,0.79,0.85,FALSE,0,,FALSE,,
REC006685,CUST020,Joseph Nelson-White,scott21@miles.biz,Glasgow,MTR0020,Detached,07/01/2024 06:00:00,0.35,0.51,FALSE,0,,FALSE,,
REC006686,CUST020,Joseph Nelson-White,scott21@miles.biz,Glasgow,MTR0020,Detached,07/01/2024 06:28:48,1.11,0.98,FALSE,0,,FALSE,,
REC006687,CUST020,Joseph Nelson-White,scott21@miles.biz,Glasgow,MTR0020,Detached,07/01/2024 06:57:36,0.38,0.64,FALSE,0,,FALSE,,
REC006688,CUST020,Joseph Nelson-White,scott21@miles.biz,Glasgow,MTR0020,Detached,07/01/2024 07:26:24,0.85,0.89,FALSE,0,,FALSE,,
REC006689,CUST020,Joseph Nelson-White,scott21@miles.biz,Glasgow,MTR0020,Detached,07/01/2024 07:55:12,0.79,0.62,FALSE,0,,FALSE,,
REC006690,CUST020,Joseph Nelson-White,scott21@miles.biz,Glasgow,MTR0020,Detached,07/01/2024 08:24:00,0.74,0.97,FALSE,0,,FALSE,,
REC006691,CUST020,Joseph Nelson-White,scott21@miles.biz,Glasgow,MTR0020,Detached,07/01/2024 09:07:12,0.96,0.93,FALSE,0,,FALSE,,
REC006692,CUST020,Joseph Nelson-White,scott21@miles.biz,Glasgow,MTR0020,Detached,07/01/2024 09:36:00,1.26,1.2,FALSE,0,,FALSE,,
REC006693,CUST020,Joseph Nelson-White,scott21@miles.biz,Glasgow,MTR0020,Detached,07/01/2024 10:04:48,0.66,0.61,FALSE,0,,FALSE,,
REC006694,CUST020,Joseph Nelson-White,scott21@miles.biz,Glasgow,MTR0020,Detached,07/01/2024 10:33:36,1.01,0.92,FALSE,0,,FALSE,,
REC006695,CUST020,Joseph Nelson-White,scott21@miles.biz,Glasgow,MTR0020,Detached,07/01/2024 11:02:24,0.61,0.59,FALSE,0,,FALSE,,
REC006696,CUST020,Joseph Nelson-White,scott21@miles.biz,Glasgow,MTR0020,Detached,07/01/2024 11:31:12,0.51,0.5,FALSE,0,,FALSE,,
REC006697,CUST020,Joseph Nelson-White,scott21@miles.biz,Glasgow,MTR0020,Detached,07/01/2024 12:00:00,0.7,0.86,FALSE,0,,FALSE,,
REC006698,CUST020,Joseph Nelson-White,scott21@miles.biz,Glasgow,MTR0020,Detached,07/01/2024 12:28:48,0.63,0.64,FALSE,0,,FALSE,,
REC006699,CUST020,Joseph Nelson-White,scott21@miles.biz,Glasgow,MTR0020,Detached,07/01/2024 12:57:36,0.91,0.89,FALSE,0,,FALSE,,
REC006700,CUST020,Joseph Nelson-White,scott21@miles.biz,Glasgow,MTR0020,Detached,07/01/2024 13:26:24,1.07,1.14,FALSE,0,,FALSE,,
REC006701,CUST020,Joseph Nelson-White,scott21@miles.biz,Glasgow,MTR0020,Detached,07/01/2024 13:55:12,0.98,1.07,FALSE,0,,FALSE,,
REC006702,CUST020,Joseph Nelson-White,scott21@miles.biz,Glasgow,MTR0020,Detached,07/01/2024 14:24:00,0.36,0.31,FALSE,0,,FALSE,,
REC006703,CUST020,Joseph Nelson-White,scott21@miles.biz,Glasgow,MTR0020,Detached,07/01/2024 15:07:12,0.53,0.45,FALSE,0,,FALSE,,
REC006704,CUST020,Joseph Nelson-White,scott21@miles.biz,Glasgow,MTR0020,Detached,07/01/2024 15:36:00,0.75,0.83,FALSE,0,,FALSE,,
REC006705,CUST020,Joseph Nelson-White,scott21@miles.biz,Glasgow,MTR0020,Detached,07/01/2024 16:04:48,0.98,1,FALSE,0,,FALSE,,
REC006706,CUST020,Joseph Nelson-White,scott21@miles.biz,Glasgow,MTR0020,Detached,07/01/2024 16:33:36,0.83,0.8,FALSE,0,,FALSE,,
REC006707,CUST020,Joseph Nelson-White,scott21@miles.biz,Glasgow,MTR0020,Detached,07/01/2024 17:02:24,0.81,0.88,FALSE,0,,FALSE,,
REC006708,CUST020,Joseph Nelson-White,scott21@miles.biz,Glasgow,MTR0020,Detached,07/01/2024 17:31:12,1.14,1.14,FALSE,0,,FALSE,,
REC006709,CUST020,Joseph Nelson-White,scott21@miles.biz,Glasgow,MTR0020,Detached,07/01/2024 18:00:00,0.85,0.83,FALSE,0,,FALSE,,
REC006710,CUST020,Joseph Nelson-White,scott21@miles.biz,Glasgow,MTR0020,Detached,07/01/2024 18:28:48,1.24,1.05,FALSE,0,,FALSE,,
REC006711,CUST020,Joseph Nelson-White,scott21@miles.biz,Glasgow,MTR0020,Detached,07/01/2024 18:57:36,0.31,0.33,FALSE,0,,FALSE,,
REC006712,CUST020,Joseph Nelson-White,scott21@miles.biz,Glasgow,MTR0020,Detached,07/01/2024 19:26:24,0.2,0.37,FALSE,0,,FALSE,,
REC006713,CUST020,Joseph Nelson-White,scott21@miles.biz,Glasgow,MTR0020,Detached,07/01/2024 19:55:12,0.79,0.94,FALSE,0,,FALSE,,
REC006714,CUST020,Joseph Nelson-White,scott21@miles.biz,Glasgow,MTR0020,Detached,07/01/2024 20:24:00,0.23,0.3,FALSE,0,,FALSE,,
REC006715,CUST020,Joseph Nelson-White,scott21@miles.biz,Glasgow,MTR0020,Detached,07/01/2024 21:07:12,0.91,0.95,FALSE,0,,FALSE,,
REC006716,CUST020,Joseph Nelson-White,scott21@miles.biz,Glasgow,MTR0020,Detached,07/01/2024 21:36:00,0.92,0.81,FALSE,0,,FALSE,,
REC006717,CUST020,Joseph Nelson-White,scott21@miles.biz,Glasgow,MTR0020,Detached,07/01/2024 22:04:48,0.72,0.5,TRUE,44,Overnight appliance,TRUE,1/7/2024 22:23,TRUE
REC006718,CUST020,Joseph Nelson-White,scott21@miles.biz,Glasgow,MTR0020,Detached,07/01/2024 22:33:36,1.11,1.13,FALSE,0,,FALSE,,
REC006719,CUST020,Joseph Nelson-White,scott21@miles.biz,Glasgow,MTR0020,Detached,07/01/2024 23:02:24,0.69,0.64,FALSE,0,,FALSE,,
REC006720,CUST020,Joseph Nelson-White,scott21@miles.biz,Glasgow,MTR0020,Detached,07/01/2024 23:31:12,1.27,1.13,FALSE,0,,FALSE,,
REC000010,CUST001,Shirley Thomas-Cox,nicholashart@atkinson-parker.com,London,MTR0001,Detached,01/01/2024 04:33:36,0.56,0.63,FALSE,0,,FALSE,,
REC000010,CUST001,Shirley Thomas-Cox,nicholashart@atkinson-parker.com,London,MTR0001,Detached,01/01/2024 04:33:36,0.56,0.63,FALSE,0,,FALSE,,
REC000010,CUST001,Shirley Thomas-Cox,nicholashart@atkinson-parker.com,London,MTR0001,Detached,01/01/2024 04:33:36,0.56,0.63,FALSE,0,,FALSE,,
REC006719,CUST020,Joseph Nelson-White,scott21@miles.biz,Glasgow,MTR0020,Detached,07/01/2024 23:02:24,0.69,0.64,FALSE,0,,FALSE,,
REC006719,CUST020,Joseph Nelson-White,scott21@miles.biz,Glasgow,MTR0020,Detached,07/01/2024 23:02:24,0.69,0.64,FALSE,0,,FALSE,,
REC006719,CUST020,Joseph Nelson-White,scott21@miles.biz,Glasgow,MTR0020,Detached,07/01/2024 23:02:24,0.69,0.64,FALSE,0,,FALSE,,
REC006719,CUST020,Joseph Nelson-White,scott21@miles.biz,Glasgow,MTR0020,Detached,07/01/2024 23:02:24,0.69,0.64,FALSE,0,,FALSE,,
REC006719,CUST020,Joseph Nelson-White,scott21@miles.biz,Glasgow,MTR0020,Detached,07/01/2024 23:02:24,0.69,0.64,FALSE,0,,FALSE,,
REC006719,CUST020,Joseph Nelson-White,scott21@miles.biz,Glasgow,MTR0020,Detached,07/01/2024 23:02:24,0.69,0.64,FALSE,0,,FALSE,,
REC006710,CUST020,Joseph Nelson-White,scott21@miles.biz,Glasgow,MTR0020,Detached,07/01/2024 18:28:48,1.24,1.05,FALSE,0,,FALSE,,
REC006710,CUST020,Joseph Nelson-White,scott21@miles.biz,Glasgow,MTR0020,Detached,07/01/2024 18:28:48,1.24,1.05,FALSE,0,,FALSE,,
REC006710,CUST020,Joseph Nelson-White,scott21@miles.biz,Glasgow,MTR0020,Detached,07/01/2024 18:28:48,1.24,1.05,FALSE,0,,FALSE,,
REC006710,CUST020,Joseph Nelson-White,scott21@miles.biz,Glasgow,MTR0020,Detached,07/01/2024 18:28:48,1.24,1.05,FALSE,0,,FALSE,,
REC006710,CUST020,Joseph Nelson-White,scott21@miles.biz,Glasgow,MTR0020,Detached,07/01/2024 18:28:48,1.24,1.05,FALSE,0,,FALSE,,
REC006710,CUST020,Joseph Nelson-White,scott21@miles.biz,Glasgow,MTR0020,Detached,07/01/2024 18:28:48,1.24,1.05,FALSE,0,,FALSE,,
REC006710,CUST020,Joseph Nelson-White,scott21@miles.biz,Glasgow,MTR0020,Detached,07/01/2024 18:28:48,1.24,1.05,FALSE,0,,FALSE,,
REC006710,CUST020,Joseph Nelson-White,scott21@miles.biz,Glasgow,MTR0020,Detached,07/01/2024 18:28:48,1.24,1.05,FALSE,0,,FALSE,,
REC006710,CUST020,Joseph Nelson-White,scott21@miles.biz,Glasgow,MTR0020,Detached,07/01/2024 18:28:48,1.24,1.05,FALSE,0,,FALSE,,
REC006710,CUST020,Joseph Nelson-White,scott21@miles.biz,Glasgow,MTR0020,Detached,07/01/2024 18:28:48,1.24,1.05,FALSE,0,,FALSE,,
REC006710,CUST020,Joseph Nelson-White,scott21@miles.biz,Glasgow,MTR0020,Detached,07/01/2024 18:28:48,1.24,1.05,FALSE,0,,FALSE,,
REC006710,CUST020,Joseph Nelson-White,scott21@miles.biz,Glasgow,MTR0020,Detached,07/01/2024 18:28:48,1.24,1.05,FALSE,0,,FALSE,,
REC006710,CUST020,Joseph Nelson-White,scott21@miles.biz,Glasgow,MTR0020,Detached,07/01/2024 18:28:48,1.24,1.05,FALSE,0,,FALSE,,
REC006710,CUST020,Joseph Nelson-White,scott21@miles.biz,Glasgow,MTR0020,Detached,07/01/2024 18:28:48,1.24,1.05,FALSE,0,,FALSE,,
REC006710,CUST020,Joseph Nelson-White,scott21@miles.biz,Glasgow,MTR0020,Detached,07/01/2024 18:28:48,1.24,1.05,FALSE,0,,FALSE,,
REC006710,CUST020,Joseph Nelson-White,scott21@miles.biz,Glasgow,MTR0020,Detached,07/01/2024 18:28:48,1.24,1.05,FALSE,0,,FALSE,,
REC006710,CUST020,Joseph Nelson-White,scott21@miles.biz,Glasgow,MTR0020,Detached,07/01/2024 18:28:48,1.24,1.05,FALSE,0,,FALSE,,
REC006710,CUST020,Joseph Nelson-White,scott21@miles.biz,Glasgow,MTR0020,Detached,07/01/2024 18:28:48,1.24,1.05,FALSE,0,,FALSE,,
REC006710,CUST020,Joseph Nelson-White,scott21@miles.biz,Glasgow,MTR0020,Detached,07/01/2024 18:28:48,1.24,1.05,FALSE,0,,FALSE,,
REC006710,CUST020,Joseph Nelson-White,scott21@miles.biz,Glasgow,MTR0020,Detached,07/01/2024 18:28:48,1.24,1.05,FALSE,0,,FALSE,,
REC006710,CUST020,Joseph Nelson-White,scott21@miles.biz,Glasgow,MTR0020,Detached,07/01/2024 18:28:48,1.24,1.05,FALSE,0,,FALSE,,
REC006710,CUST020,Joseph Nelson-White,scott21@miles.biz,Glasgow,MTR0020,Detached,07/01/2024 18:28:48,1.24,1.05,FALSE,0,,FALSE,,
REC006710,CUST020,Joseph Nelson-White,scott21@miles.biz,Glasgow,MTR0020,Detached,07/01/2024 18:28:48,1.24,1.05,FALSE,0,,FALSE,,
REC006710,CUST020,Joseph Nelson-White,scott21@miles.biz,Glasgow,MTR0020,Detached,07/01/2024 18:28:48,1.24,1.05,FALSE,0,,FALSE,,
REC006710,CUST020,Joseph Nelson-White,scott21@miles.biz,Glasgow,MTR0020,Detached,07/01/2024 18:28:48,1.24,1.05,FALSE,0,,FALSE,,
REC006710,CUST020,Joseph Nelson-White,scott21@miles.biz,Glasgow,MTR0020,Detached,07/01/2024 18:28:48,1.24,1.05,FALSE,0,,FALSE,,
REC006710,CUST020,Joseph Nelson-White,scott21@miles.biz,Glasgow,MTR0020,Detached,07/01/2024 18:28:48,1.24,1.05,FALSE,0,,FALSE,,
REC006710,CUST020,Joseph Nelson-White,scott21@miles.biz,Glasgow,MTR0020,Detached,07/01/2024 18:28:48,1.24,1.05,FALSE,0,,FALSE,,
REC006710,CUST020,Joseph Nelson-White,scott21@miles.biz,Glasgow,MTR0020,Detached,07/01/2024 18:28:48,1.24,1.05,FALSE,0,,FALSE,,
REC006710,CUST020,Joseph Nelson-White,scott21@miles.biz,Glasgow,MTR0020,Detached,07/01/2024 18:28:48,1.24,1.05,FALSE,0,,FALSE,,
REC006710,CUST020,Joseph Nelson-White,scott21@miles.biz,Glasgow,MTR0020,Detached,07/01/2024 18:28:48,1.24,1.05,FALSE,0,,FALSE,,
REC006710,CUST020,Joseph Nelson-White,scott21@miles.biz,Glasgow,MTR0020,Detached,07/01/2024 18:28:48,1.24,1.05,FALSE,0,,FALSE,,
REC006710,CUST020,Joseph Nelson-White,scott21@miles.biz,Glasgow,MTR0020,Detached,07/01/2024 18:28:48,1.24,1.05,FALSE,0,,FALSE,,